ALPHA,BETA,DEFL_1_1,DEFL_1_2,DEFL_1_3,DEFL_1_4,CA
-14.974,-3.35,15.921,-3.662,7.202,-1.704,0.1279
-10.485,-3.35,15.921,-3.662,7.202,-1.704,0.1713
-8.861,-3.35,15.921,-3.662,7.202,-1.704,0.1815
-5.75,-3.35,15.921,-3.662,7.202,-1.704,0.1938
-2.185,-3.35,15.921,-3.662,7.202,-1.704,0.1984
1.03,-3.35,15.921,-3.662,7.202,-1.704,0.1978
1.527,-3.35,15.921,-3.662,7.202,-1.704,0.1975
2.278,-3.35,15.921,-3.662,7.202,-1.704,0.1967
3.259,-3.35,15.921,-3.662,7.202,-1.704,0.1955
4.902,-3.35,15.921,-3.662,7.202,-1.704,0.1923
6.409,-3.35,15.921,-3.662,7.202,-1.704,0.1878
7.044,-3.35,15.921,-3.662,7.202,-1.704,0.1854
10.638,-3.35,15.921,-3.662,7.202,-1.704,0.1671
13.398,-3.35,15.921,-3.662,7.202,-1.704,0.1451
-14.974,-3.35,15.921,-3.662,7.202,-1.704,0.1279
-10.485,-3.35,15.921,-3.662,7.202,-1.704,0.1713
-8.861,-3.35,15.921,-3.662,7.202,-1.704,0.1815
-5.75,-3.35,15.921,-3.662,7.202,-1.704,0.1938
-2.185,-3.35,15.921,-3.662,7.202,-1.704,0.1984
1.03,-3.35,15.921,-3.662,7.202,-1.704,0.1978
1.527,-3.35,15.921,-3.662,7.202,-1.704,0.1975
2.278,-3.35,15.921,-3.662,7.202,-1.704,0.1967
3.259,-3.35,15.921,-3.662,7.202,-1.704,0.1955
4.902,-3.35,15.921,-3.662,7.202,-1.704,0.1923
6.409,-3.35,15.921,-3.662,7.202,-1.704,0.1878
7.044,-3.35,15.921,-3.662,7.202,-1.704,0.1854
10.638,-3.35,15.921,-3.662,7.202,-1.704,0.1671
13.398,-3.35,15.921,-3.662,7.202,-1.704,0.1451
-14.015,-2.73,-6.255,-2.897,-14.703,1.506,0.1439
-12.125,-2.73,-6.255,-2.897,-14.703,1.506,0.1596
-10.768,-2.73,-6.255,-2.897,-14.703,1.506,0.1687
-8.771,-2.73,-6.255,-2.897,-14.703,1.506,0.1788
-7.487,-2.73,-6.255,-2.897,-14.703,1.506,0.1833
-6.581,-2.73,-6.255,-2.897,-14.703,1.506,0.1859
-6.537,-2.73,-6.255,-2.897,-14.703,1.506,0.186
-6.319,-2.73,-6.255,-2.897,-14.703,1.506,0.1865
-1.936,-2.73,-6.255,-2.897,-14.703,1.506,0.1906
-1.933,-2.73,-6.255,-2.897,-14.703,1.506,0.1906
5.286,-2.73,-6.255,-2.897,-14.703,1.506,0.1804
6.288,-2.73,-6.255,-2.897,-14.703,1.506,0.1768
10.475,-2.73,-6.255,-2.897,-14.703,1.506,0.1527
11.189,-2.73,-6.255,-2.897,-14.703,1.506,0.1469
-14.35,0.63,3.286,-10.896,7.617,-14.52,0.1377
-12.337,0.63,3.286,-10.896,7.617,-14.52,0.1605
-11.654,0.63,3.286,-10.896,7.617,-14.52,0.1672
-10.186,0.63,3.286,-10.896,7.617,-14.52,0.18
-6.93,0.63,3.286,-10.896,7.617,-14.52,0.2011
-4.059,0.63,3.286,-10.896,7.617,-14.52,0.2114
-2.114,0.63,3.286,-10.896,7.617,-14.52,0.2152
-1.953,0.63,3.286,-10.896,7.617,-14.52,0.2154
-1.597,0.63,3.286,-10.896,7.617,-14.52,0.2158
1.81,0.63,3.286,-10.896,7.617,-14.52,0.2171
4.651,0.63,3.286,-10.896,7.617,-14.52,0.2137
7.409,0.63,3.286,-10.896,7.617,-14.52,0.2029
8.518,0.63,3.286,-10.896,7.617,-14.52,0.1966
13.281,0.63,3.286,-10.896,7.617,-14.52,0.1561
-14.832,-14.19,-18.112,-6.04,-8.528,14.188,0.117
-11.57,-14.19,-18.112,-6.04,-8.528,14.188,0.1456
-11.241,-14.19,-18.112,-6.04,-8.528,14.188,0.148
-8.857,-14.19,-18.112,-6.04,-8.528,14.188,0.163
-8.745,-14.19,-18.112,-6.04,-8.528,14.188,0.1637
-6.99,-14.19,-18.112,-6.04,-8.528,14.188,0.1718
-6.18,-14.19,-18.112,-6.04,-8.528,14.188,0.1746
-5.419,-14.19,-18.112,-6.04,-8.528,14.188,0.1767
-5.027,-14.19,-18.112,-6.04,-8.528,14.188,0.1777
-4.531,-14.19,-18.112,-6.04,-8.528,14.188,0.1787
-2.798,-14.19,-18.112,-6.04,-8.528,14.188,0.1807
-1.436,-14.19,-18.112,-6.04,-8.528,14.188,0.1797
8.581,-14.19,-18.112,-6.04,-8.528,14.188,0.1223
10.717,-14.19,-18.112,-6.04,-8.528,14.188,0.0991
-12.979,10.66,5.675,9.35,-18.812,6.279,0.1452
-9.904,10.66,5.675,9.35,-18.812,6.279,0.1755
-4.618,10.66,5.675,9.35,-18.812,6.279,0.2069
-2.99,10.66,5.675,9.35,-18.812,6.279,0.2123
-1.828,10.66,5.675,9.35,-18.812,6.279,0.2151
-0.617,10.66,5.675,9.35,-18.812,6.279,0.2171
-0.262,10.66,5.675,9.35,-18.812,6.279,0.2175
2.444,10.66,5.675,9.35,-18.812,6.279,0.2178
3.855,10.66,5.675,9.35,-18.812,6.279,0.2159
6.82,10.66,5.675,9.35,-18.812,6.279,0.2061
8.402,10.66,5.675,9.35,-18.812,6.279,0.1974
10.474,10.66,5.675,9.35,-18.812,6.279,0.1812
11.211,10.66,5.675,9.35,-18.812,6.279,0.1743
12.704,10.66,5.675,9.35,-18.812,6.279,0.1586
-14.913,8.17,7.106,4.909,13.016,-9.838,0.0799
-13.593,8.17,7.106,4.909,13.016,-9.838,0.0963
-13.179,8.17,7.106,4.909,13.016,-9.838,0.1011
-10.271,8.17,7.106,4.909,13.016,-9.838,0.1297
-9.099,8.17,7.106,4.909,13.016,-9.838,0.1392
-3.683,8.17,7.106,4.909,13.016,-9.838,0.1717
-3.079,8.17,7.106,4.909,13.016,-9.838,0.1743
0.843,8.17,7.106,4.909,13.016,-9.838,0.1864
2.576,8.17,7.106,4.909,13.016,-9.838,0.189
3.018,8.17,7.106,4.909,13.016,-9.838,0.1893
6.506,8.17,7.106,4.909,13.016,-9.838,0.1865
7.105,8.17,7.106,4.909,13.016,-9.838,0.1848
7.631,8.17,7.106,4.909,13.016,-9.838,0.183
11.813,8.17,7.106,4.909,13.016,-9.838,0.1566
-14.464,-9.04,11.02,-6.519,-7.344,10.893,0.1151
-11.56,-9.04,11.02,-6.519,-7.344,10.893,0.142
-10.346,-9.04,11.02,-6.519,-7.344,10.893,0.1502
-8.434,-9.04,11.02,-6.519,-7.344,10.893,0.1601
-7.746,-9.04,11.02,-6.519,-7.344,10.893,0.1626
-4.661,-9.04,11.02,-6.519,-7.344,10.893,0.1673
-1.476,-9.04,11.02,-6.519,-7.344,10.893,0.1638
-0.476,-9.04,11.02,-6.519,-7.344,10.893,0.1612
-0.315,-9.04,11.02,-6.519,-7.344,10.893,0.1608
0.416,-9.04,11.02,-6.519,-7.344,10.893,0.1584
2.106,-9.04,11.02,-6.519,-7.344,10.893,0.152
5.051,-9.04,11.02,-6.519,-7.344,10.893,0.1377
8.262,-9.04,11.02,-6.519,-7.344,10.893,0.117
8.557,-9.04,11.02,-6.519,-7.344,10.893,0.1148
-10.457,0.22,18.768,-0.143,-0.124,16.002,0.2175
-9.347,0.22,18.768,-0.143,-0.124,16.002,0.2242
-7.976,0.22,18.768,-0.143,-0.124,16.002,0.2306
-4.655,0.22,18.768,-0.143,-0.124,16.002,0.2375
0.194,0.22,18.768,-0.143,-0.124,16.002,0.2286
0.458,0.22,18.768,-0.143,-0.124,16.002,0.2278
1.222,0.22,18.768,-0.143,-0.124,16.002,0.2253
3.651,0.22,18.768,-0.143,-0.124,16.002,0.216
4.569,0.22,18.768,-0.143,-0.124,16.002,0.2119
4.803,0.22,18.768,-0.143,-0.124,16.002,0.2108
5.488,0.22,18.768,-0.143,-0.124,16.002,0.2074
5.695,0.22,18.768,-0.143,-0.124,16.002,0.2063
9.909,0.22,18.768,-0.143,-0.124,16.002,0.1784
9.969,0.22,18.768,-0.143,-0.124,16.002,0.1779
-14.92,1.11,-5.672,-0.201,-16.505,-14.913,0.1152
-11.99,1.11,-5.672,-0.201,-16.505,-14.913,0.1508
-10.69,1.11,-5.672,-0.201,-16.505,-14.913,0.1636
-10.19,1.11,-5.672,-0.201,-16.505,-14.913,0.1681
-9.44,1.11,-5.672,-0.201,-16.505,-14.913,0.1742
-4.08,1.11,-5.672,-0.201,-16.505,-14.913,0.2049
-3.61,1.11,-5.672,-0.201,-16.505,-14.913,0.2068
-2.87,1.11,-5.672,-0.201,-16.505,-14.913,0.2097
-2.81,1.11,-5.672,-0.201,-16.505,-14.913,0.2099
6.67,1.11,-5.672,-0.201,-16.505,-14.913,0.2251
9.99,1.11,-5.672,-0.201,-16.505,-14.913,0.211
11.43,1.11,-5.672,-0.201,-16.505,-14.913,0.2012
12.69,1.11,-5.672,-0.201,-16.505,-14.913,0.1907
12.7,1.11,-5.672,-0.201,-16.505,-14.913,0.1906
-5.731,-5.73,4.443,-11.809,-2.109,-8.451,0.1757
-5.362,-5.73,4.443,-11.809,-2.109,-8.451,0.1767
-5.216,-5.73,4.443,-11.809,-2.109,-8.451,0.1771
-5.142,-5.73,4.443,-11.809,-2.109,-8.451,0.1772
-4.776,-5.73,4.443,-11.809,-2.109,-8.451,0.1781
-3.67,-5.73,4.443,-11.809,-2.109,-8.451,0.1799
-2.939,-5.73,4.443,-11.809,-2.109,-8.451,0.1808
-2.316,-5.73,4.443,-11.809,-2.109,-8.451,0.1812
-1.145,-5.73,4.443,-11.809,-2.109,-8.451,0.1815
2.27,-5.73,4.443,-11.809,-2.109,-8.451,0.1786
4.278,-5.73,4.443,-11.809,-2.109,-8.451,0.1741
6.814,-5.73,4.443,-11.809,-2.109,-8.451,0.1654
7.173,-5.73,4.443,-11.809,-2.109,-8.451,0.1638
8.888,-5.73,4.443,-11.809,-2.109,-8.451,0.1548
-11.229,13.37,-10.582,-9.232,7.026,-12.613,0.0729
-11.134,13.37,-10.582,-9.232,7.026,-12.613,0.0738
-8.777,13.37,-10.582,-9.232,7.026,-12.613,0.0938
-8.113,13.37,-10.582,-9.232,7.026,-12.613,0.0984
-6.783,13.37,-10.582,-9.232,7.026,-12.613,0.1067
-5.662,13.37,-10.582,-9.232,7.026,-12.613,0.1124
-2.638,13.37,-10.582,-9.232,7.026,-12.613,0.1205
-1.666,13.37,-10.582,-9.232,7.026,-12.613,0.1215
0.644,13.37,-10.582,-9.232,7.026,-12.613,0.1212
3.581,13.37,-10.582,-9.232,7.026,-12.613,0.1157
4.786,13.37,-10.582,-9.232,7.026,-12.613,0.1118
6.331,13.37,-10.582,-9.232,7.026,-12.613,0.1066
9.37,13.37,-10.582,-9.232,7.026,-12.613,0.0905
10.762,13.37,-10.582,-9.232,7.026,-12.613,0.0797
-13.462,-6.25,16.286,-17.615,5.102,0.859,0.1733
-13.037,-6.25,16.286,-17.615,5.102,0.859,0.1774
-12.795,-6.25,16.286,-17.615,5.102,0.859,0.1796
-11.357,-6.25,16.286,-17.615,5.102,0.859,0.1918
-3.168,-6.25,16.286,-17.615,5.102,0.859,0.226
-3.058,-6.25,16.286,-17.615,5.102,0.859,0.2261
-2.02,-6.25,16.286,-17.615,5.102,0.859,0.2264
-0.226,-6.25,16.286,-17.615,5.102,0.859,0.224
0.667,-6.25,16.286,-17.615,5.102,0.859,0.2216
1.356,-6.25,16.286,-17.615,5.102,0.859,0.2195
1.707,-6.25,16.286,-17.615,5.102,0.859,0.2183
8.679,-6.25,16.286,-17.615,5.102,0.859,0.1786
9.135,-6.25,16.286,-17.615,5.102,0.859,0.175
14.3,-6.25,16.286,-17.615,5.102,0.859,0.1254
-14.487,-10.24,-15.409,15.444,-14.52,4.696,0.1255
-12.529,-10.24,-15.409,15.444,-14.52,4.696,0.1485
-5.501,-10.24,-15.409,15.444,-14.52,4.696,0.2032
-5.083,-10.24,-15.409,15.444,-14.52,4.696,0.2052
-3.096,-10.24,-15.409,15.444,-14.52,4.696,0.2129
-0.012,-10.24,-15.409,15.444,-14.52,4.696,0.2188
1.246,-10.24,-15.409,15.444,-14.52,4.696,0.2194
3.207,-10.24,-15.409,15.444,-14.52,4.696,0.2177
3.382,-10.24,-15.409,15.444,-14.52,4.696,0.2173
5.86,-10.24,-15.409,15.444,-14.52,4.696,0.2093
5.882,-10.24,-15.409,15.444,-14.52,4.696,0.2092
9.272,-10.24,-15.409,15.444,-14.52,4.696,0.1894
12.106,-10.24,-15.409,15.444,-14.52,4.696,0.1654
12.86,-10.24,-15.409,15.444,-14.52,4.696,0.1579
-14.537,-12.1,-14.239,19.053,-4.9,-2.874,0.0817
-12.498,-12.1,-14.239,19.053,-4.9,-2.874,0.1098
-10.567,-12.1,-14.239,19.053,-4.9,-2.874,0.1338
-7.977,-12.1,-14.239,19.053,-4.9,-2.874,0.1611
-6.45,-12.1,-14.239,19.053,-4.9,-2.874,0.1737
-6.086,-12.1,-14.239,19.053,-4.9,-2.874,0.1764
-4.755,-12.1,-14.239,19.053,-4.9,-2.874,0.1854
-1.9,-12.1,-14.239,19.053,-4.9,-2.874,0.1979
-0.396,-12.1,-14.239,19.053,-4.9,-2.874,0.202
5.296,-12.1,-14.239,19.053,-4.9,-2.874,0.1986
6.763,-12.1,-14.239,19.053,-4.9,-2.874,0.1932
9.376,-12.1,-14.239,19.053,-4.9,-2.874,0.1789
11.717,-12.1,-14.239,19.053,-4.9,-2.874,0.1624
14.237,-12.1,-14.239,19.053,-4.9,-2.874,0.1394
-14.945,-10.52,-8.995,-12.327,-7.338,8.024,0.1271
-14.677,-10.52,-8.995,-12.327,-7.338,8.024,0.1302
-12.385,-10.52,-8.995,-12.327,-7.338,8.024,0.1533
-11.308,-10.52,-8.995,-12.327,-7.338,8.024,0.1624
-7.024,-10.52,-8.995,-12.327,-7.338,8.024,0.1837
-3.421,-10.52,-8.995,-12.327,-7.338,8.024,0.1859
-1.772,-10.52,-8.995,-12.327,-7.338,8.024,0.1837
-1.491,-10.52,-8.995,-12.327,-7.338,8.024,0.1831
0.483,-10.52,-8.995,-12.327,-7.338,8.024,0.1771
4.657,-10.52,-8.995,-12.327,-7.338,8.024,0.1566
7.594,-10.52,-8.995,-12.327,-7.338,8.024,0.1354
10.666,-10.52,-8.995,-12.327,-7.338,8.024,0.1058
11.75,-10.52,-8.995,-12.327,-7.338,8.024,0.093
12.737,-10.52,-8.995,-12.327,-7.338,8.024,0.0803
-11.029,-2.17,-8.576,8.673,11.365,-1.332,0.1551
-10.619,-2.17,-8.576,8.673,11.365,-1.332,0.1588
-8.709,-2.17,-8.576,8.673,11.365,-1.332,0.1739
-7.835,-2.17,-8.576,8.673,11.365,-1.332,0.1796
-4.45,-2.17,-8.576,8.673,11.365,-1.332,0.1952
0.015,-2.17,-8.576,8.673,11.365,-1.332,0.2066
0.918,-2.17,-8.576,8.673,11.365,-1.332,0.2082
1.004,-2.17,-8.576,8.673,11.365,-1.332,0.2084
3.056,-2.17,-8.576,8.673,11.365,-1.332,0.2109
5.009,-2.17,-8.576,8.673,11.365,-1.332,0.2111
5.127,-2.17,-8.576,8.673,11.365,-1.332,0.211
5.593,-2.17,-8.576,8.673,11.365,-1.332,0.2106
6.515,-2.17,-8.576,8.673,11.365,-1.332,0.2093
7.473,-2.17,-8.576,8.673,11.365,-1.332,0.2071
-8.499,5.3,18.951,8.73,-0.482,6.793,0.197
-6.76,5.3,18.951,8.73,-0.482,6.793,0.2058
-6.189,5.3,18.951,8.73,-0.482,6.793,0.2081
-5.82,5.3,18.951,8.73,-0.482,6.793,0.2094
2.022,5.3,18.951,8.73,-0.482,6.793,0.2189
4.345,5.3,18.951,8.73,-0.482,6.793,0.2168
4.658,5.3,18.951,8.73,-0.482,6.793,0.2163
4.712,5.3,18.951,8.73,-0.482,6.793,0.2162
4.822,5.3,18.951,8.73,-0.482,6.793,0.2159
9.33,5.3,18.951,8.73,-0.482,6.793,0.1977
9.354,5.3,18.951,8.73,-0.482,6.793,0.1975
9.663,5.3,18.951,8.73,-0.482,6.793,0.1955
13.235,5.3,18.951,8.73,-0.482,6.793,0.1626
14.016,5.3,18.951,8.73,-0.482,6.793,0.1531
-9.083,-13.09,1.303,11.661,-17.266,18.126,0.1427
-8.141,-13.09,1.303,11.661,-17.266,18.126,0.1498
-6.05,-13.09,1.303,11.661,-17.266,18.126,0.1636
-1.517,-13.09,1.303,11.661,-17.266,18.126,0.1771
0.928,-13.09,1.303,11.661,-17.266,18.126,0.1744
2.684,-13.09,1.303,11.661,-17.266,18.126,0.169
6.064,-13.09,1.303,11.661,-17.266,18.126,0.152
7.371,-13.09,1.303,11.661,-17.266,18.126,0.1433
7.794,-13.09,1.303,11.661,-17.266,18.126,0.1402
8.499,-13.09,1.303,11.661,-17.266,18.126,0.1347
9.573,-13.09,1.303,11.661,-17.266,18.126,0.1254
10.905,-13.09,1.303,11.661,-17.266,18.126,0.1121
12.225,-13.09,1.303,11.661,-17.266,18.126,0.0972
12.744,-13.09,1.303,11.661,-17.266,18.126,0.091
-13.933,-11.11,-11.626,19.77,-7.98,9.523,0.126
-12.458,-11.11,-11.626,19.77,-7.98,9.523,0.1451
-11.162,-11.11,-11.626,19.77,-7.98,9.523,0.1606
-10.119,-11.11,-11.626,19.77,-7.98,9.523,0.172
-3.708,-11.11,-11.626,19.77,-7.98,9.523,0.2137
-2.962,-11.11,-11.626,19.77,-7.98,9.523,0.2155
-2.503,-11.11,-11.626,19.77,-7.98,9.523,0.2164
-1.47,-11.11,-11.626,19.77,-7.98,9.523,0.218
-1.396,-11.11,-11.626,19.77,-7.98,9.523,0.218
-0.219,-11.11,-11.626,19.77,-7.98,9.523,0.2188
1.106,-11.11,-11.626,19.77,-7.98,9.523,0.2179
5.655,-11.11,-11.626,19.77,-7.98,9.523,0.202
6.275,-11.11,-11.626,19.77,-7.98,9.523,0.1987
6.955,-11.11,-11.626,19.77,-7.98,9.523,0.1946
-12.439,-10.1,-5.712,6.248,1.05,18.233,0.1435
-11.714,-10.1,-5.712,6.248,1.05,18.233,0.1505
-11.386,-10.1,-5.712,6.248,1.05,18.233,0.1536
-10.968,-10.1,-5.712,6.248,1.05,18.233,0.1573
-6.353,-10.1,-5.712,6.248,1.05,18.233,0.1891
-4.166,-10.1,-5.712,6.248,1.05,18.233,0.1978
-2.698,-10.1,-5.712,6.248,1.05,18.233,0.2009
0.54,-10.1,-5.712,6.248,1.05,18.233,0.1984
3.248,-10.1,-5.712,6.248,1.05,18.233,0.1896
3.527,-10.1,-5.712,6.248,1.05,18.233,0.1884
5.645,-10.1,-5.712,6.248,1.05,18.233,0.1771
6.372,-10.1,-5.712,6.248,1.05,18.233,0.1724
9.373,-10.1,-5.712,6.248,1.05,18.233,0.1485
9.517,-10.1,-5.712,6.248,1.05,18.233,0.1472
-5.957,-7.79,14.613,0.003,-19.644,9.977,0.1926
-4.687,-7.79,14.613,0.003,-19.644,9.977,0.1943
-1.102,-7.79,14.613,0.003,-19.644,9.977,0.1933
0.027,-7.79,14.613,0.003,-19.644,9.977,0.1914
3.282,-7.79,14.613,0.003,-19.644,9.977,0.1826
4.903,-7.79,14.613,0.003,-19.644,9.977,0.1765
4.932,-7.79,14.613,0.003,-19.644,9.977,0.1764
5.68,-7.79,14.613,0.003,-19.644,9.977,0.1731
6.518,-7.79,14.613,0.003,-19.644,9.977,0.1692
9.403,-7.79,14.613,0.003,-19.644,9.977,0.1522
10.515,-7.79,14.613,0.003,-19.644,9.977,0.144
12.397,-7.79,14.613,0.003,-19.644,9.977,0.1281
12.741,-7.79,14.613,0.003,-19.644,9.977,0.1247
13.895,-7.79,14.613,0.003,-19.644,9.977,0.1124
-14.477,-8.94,-9.676,-8.605,-11.772,-14.028,0.102
-9.807,-8.94,-9.676,-8.605,-11.772,-14.028,0.1483
-8.545,-8.94,-9.676,-8.605,-11.772,-14.028,0.1569
-6.264,-8.94,-9.676,-8.605,-11.772,-14.028,0.1692
-1.741,-8.94,-9.676,-8.605,-11.772,-14.028,0.1842
-0.277,-8.94,-9.676,-8.605,-11.772,-14.028,0.1868
0.708,-8.94,-9.676,-8.605,-11.772,-14.028,0.1878
1.132,-8.94,-9.676,-8.605,-11.772,-14.028,0.1881
4.195,-8.94,-9.676,-8.605,-11.772,-14.028,0.1865
5.826,-8.94,-9.676,-8.605,-11.772,-14.028,0.1825
6.539,-8.94,-9.676,-8.605,-11.772,-14.028,0.1799
8.16,-8.94,-9.676,-8.605,-11.772,-14.028,0.1717
11.512,-8.94,-9.676,-8.605,-11.772,-14.028,0.1435
13.993,-8.94,-9.676,-8.605,-11.772,-14.028,0.1147
-11.173,-5.78,1.149,-4.525,13.196,9.883,0.1858
-7.914,-5.78,1.149,-4.525,13.196,9.883,0.2044
-7.453,-5.78,1.149,-4.525,13.196,9.883,0.2059
-7.251,-5.78,1.149,-4.525,13.196,9.883,0.2065
-4.244,-5.78,1.149,-4.525,13.196,9.883,0.21
-1.008,-5.78,1.149,-4.525,13.196,9.883,0.2056
-0.483,-5.78,1.149,-4.525,13.196,9.883,0.2043
1.079,-5.78,1.149,-4.525,13.196,9.883,0.1999
2.358,-5.78,1.149,-4.525,13.196,9.883,0.1956
5.102,-5.78,1.149,-4.525,13.196,9.883,0.1841
10.05,-5.78,1.149,-4.525,13.196,9.883,0.1505
10.193,-5.78,1.149,-4.525,13.196,9.883,0.1492
10.582,-5.78,1.149,-4.525,13.196,9.883,0.1456
10.67,-5.78,1.149,-4.525,13.196,9.883,0.1447
-12.508,-13.33,-12.68,-19.217,-7.746,12.712,0.1629
-11.943,-13.33,-12.68,-19.217,-7.746,12.712,0.1678
-9.368,-13.33,-12.68,-19.217,-7.746,12.712,0.1877
-6.46,-13.33,-12.68,-19.217,-7.746,12.712,0.2022
-5.318,-13.33,-12.68,-19.217,-7.746,12.712,0.2048
-3.722,-13.33,-12.68,-19.217,-7.746,12.712,0.2059
3.95,-13.33,-12.68,-19.217,-7.746,12.712,0.179
5.823,-13.33,-12.68,-19.217,-7.746,12.712,0.1638
6.11,-13.33,-12.68,-19.217,-7.746,12.712,0.161
7.194,-13.33,-12.68,-19.217,-7.746,12.712,0.1499
7.214,-13.33,-12.68,-19.217,-7.746,12.712,0.1497
8.835,-13.33,-12.68,-19.217,-7.746,12.712,0.131
10.871,-13.33,-12.68,-19.217,-7.746,12.712,0.105
13.058,-13.33,-12.68,-19.217,-7.746,12.712,0.0743
-14.235,6.42,1.32,19.379,16.791,-19.211,0.1195
-12.573,6.42,1.32,19.379,16.791,-19.211,0.1422
-11.414,6.42,1.32,19.379,16.791,-19.211,0.156
-10.169,6.42,1.32,19.379,16.791,-19.211,0.1703
-8.181,6.42,1.32,19.379,16.791,-19.211,0.192
-0.251,6.42,1.32,19.379,16.791,-19.211,0.258
0.422,6.42,1.32,19.379,16.791,-19.211,0.261
2.108,6.42,1.32,19.379,16.791,-19.211,0.2657
3.692,6.42,1.32,19.379,16.791,-19.211,0.2664
4.355,6.42,1.32,19.379,16.791,-19.211,0.2656
5.654,6.42,1.32,19.379,16.791,-19.211,0.2627
5.715,6.42,1.32,19.379,16.791,-19.211,0.2625
8.88,6.42,1.32,19.379,16.791,-19.211,0.2507
11.146,6.42,1.32,19.379,16.791,-19.211,0.2381
-14.498,7.61,-8.06,14.805,-12.908,6.365,0.123
-12.664,7.61,-8.06,14.805,-12.908,6.365,0.1462
-11.721,7.61,-8.06,14.805,-12.908,6.365,0.1567
-9.325,7.61,-8.06,14.805,-12.908,6.365,0.1788
-8.516,7.61,-8.06,14.805,-12.908,6.365,0.185
-8.003,7.61,-8.06,14.805,-12.908,6.365,0.1886
-7.536,7.61,-8.06,14.805,-12.908,6.365,0.1918
-5.886,7.61,-8.06,14.805,-12.908,6.365,0.2016
-4.021,7.61,-8.06,14.805,-12.908,6.365,0.2104
1.486,7.61,-8.06,14.805,-12.908,6.365,0.2216
3.487,7.61,-8.06,14.805,-12.908,6.365,0.2206
4.871,7.61,-8.06,14.805,-12.908,6.365,0.2174
4.967,7.61,-8.06,14.805,-12.908,6.365,0.2171
9.956,7.61,-8.06,14.805,-12.908,6.365,0.191
-14.834,7.28,11.33,-7.08,1.519,15.741,0.1641
-11.361,7.28,11.33,-7.08,1.519,15.741,0.1975
-9.854,7.28,11.33,-7.08,1.519,15.741,0.2084
-9.482,7.28,11.33,-7.08,1.519,15.741,0.2107
-3.892,7.28,11.33,-7.08,1.519,15.741,0.2247
-2.609,7.28,11.33,-7.08,1.519,15.741,0.2228
3.5,7.28,11.33,-7.08,1.519,15.741,0.1968
4.539,7.28,11.33,-7.08,1.519,15.741,0.1903
5.373,7.28,11.33,-7.08,1.519,15.741,0.1847
10.278,7.28,11.33,-7.08,1.519,15.741,0.1423
11.86,7.28,11.33,-7.08,1.519,15.741,0.1239
12.079,7.28,11.33,-7.08,1.519,15.741,0.1212
12.096,7.28,11.33,-7.08,1.519,15.741,0.121
13.305,7.28,11.33,-7.08,1.519,15.741,0.1048
-14.753,7.25,0.336,-8.796,-12.918,-8.191,0.1166
-12.133,7.25,0.336,-8.796,-12.918,-8.191,0.1484
-11.065,7.25,0.336,-8.796,-12.918,-8.191,0.1593
-7.169,7.25,0.336,-8.796,-12.918,-8.191,0.1864
-3.856,7.25,0.336,-8.796,-12.918,-8.191,0.1968
-3.055,7.25,0.336,-8.796,-12.918,-8.191,0.1981
-2.852,7.25,0.336,-8.796,-12.918,-8.191,0.1983
-2.14,7.25,0.336,-8.796,-12.918,-8.191,0.199
-0.597,7.25,0.336,-8.796,-12.918,-8.191,0.1997
-0.203,7.25,0.336,-8.796,-12.918,-8.191,0.1997
0.029,7.25,0.336,-8.796,-12.918,-8.191,0.1996
1.457,7.25,0.336,-8.796,-12.918,-8.191,0.199
5.9,7.25,0.336,-8.796,-12.918,-8.191,0.1899
6.095,7.25,0.336,-8.796,-12.918,-8.191,0.1891
-14.475,-12.13,11.347,15.802,-14.101,12.127,0.0729
-14.019,-12.13,11.347,15.802,-14.101,12.127,0.0785
-6.24,-12.13,11.347,15.802,-14.101,12.127,0.1491
-4.335,-12.13,11.347,15.802,-14.101,12.127,0.1572
-4.077,-12.13,11.347,15.802,-14.101,12.127,0.1578
-2.294,-12.13,11.347,15.802,-14.101,12.127,0.1608
-1.612,-12.13,11.347,15.802,-14.101,12.127,0.1615
-0.669,-12.13,11.347,15.802,-14.101,12.127,0.1618
0.477,-12.13,11.347,15.802,-14.101,12.127,0.1614
5.771,-12.13,11.347,15.802,-14.101,12.127,0.1475
6.978,-12.13,11.347,15.802,-14.101,12.127,0.1418
9.467,-12.13,11.347,15.802,-14.101,12.127,0.1251
9.915,-12.13,11.347,15.802,-14.101,12.127,0.1214
13.072,-12.13,11.347,15.802,-14.101,12.127,0.0898
-14.726,8.37,-12.996,19.792,19.435,-15.437,0.1016
-14.17,8.37,-12.996,19.792,19.435,-15.437,0.1095
-11.174,8.37,-12.996,19.792,19.435,-15.437,0.1472
-4.918,8.37,-12.996,19.792,19.435,-15.437,0.2092
-2.264,8.37,-12.996,19.792,19.435,-15.437,0.2295
-2.22,8.37,-12.996,19.792,19.435,-15.437,0.2298
0.517,8.37,-12.996,19.792,19.435,-15.437,0.2453
4.522,8.37,-12.996,19.792,19.435,-15.437,0.2515
5.359,8.37,-12.996,19.792,19.435,-15.437,0.25
7.426,8.37,-12.996,19.792,19.435,-15.437,0.2434
9.462,8.37,-12.996,19.792,19.435,-15.437,0.2345
11.432,8.37,-12.996,19.792,19.435,-15.437,0.2235
11.978,8.37,-12.996,19.792,19.435,-15.437,0.22
12.096,8.37,-12.996,19.792,19.435,-15.437,0.2192
-11.855,6.64,0.826,-19.082,2.839,-4.227,0.1592
-11.245,6.64,0.826,-19.082,2.839,-4.227,0.1641
-10.199,6.64,0.826,-19.082,2.839,-4.227,0.1717
-9.343,6.64,0.826,-19.082,2.839,-4.227,0.1772
-9.034,6.64,0.826,-19.082,2.839,-4.227,0.1791
-4.933,6.64,0.826,-19.082,2.839,-4.227,0.1981
-4.559,6.64,0.826,-19.082,2.839,-4.227,0.1991
-2.637,6.64,0.826,-19.082,2.839,-4.227,0.2028
-0.333,6.64,0.826,-19.082,2.839,-4.227,0.2013
2.698,6.64,0.826,-19.082,2.839,-4.227,0.1929
7.978,6.64,0.826,-19.082,2.839,-4.227,0.1625
9.31,6.64,0.826,-19.082,2.839,-4.227,0.1516
12.211,6.64,0.826,-19.082,2.839,-4.227,0.123
12.54,6.64,0.826,-19.082,2.839,-4.227,0.1193
-14.456,-8.26,14.237,-19.006,-17.726,7.581,0.1759
-12.17,-8.26,14.237,-19.006,-17.726,7.581,0.1946
-11.567,-8.26,14.237,-19.006,-17.726,7.581,0.1985
-9.387,-8.26,14.237,-19.006,-17.726,7.581,0.2099
-7.948,-8.26,14.237,-19.006,-17.726,7.581,0.2158
-3.904,-8.26,14.237,-19.006,-17.726,7.581,0.2231
-0.89,-8.26,14.237,-19.006,-17.726,7.581,0.2181
1.021,-8.26,14.237,-19.006,-17.726,7.581,0.2103
1.317,-8.26,14.237,-19.006,-17.726,7.581,0.2089
6.014,-8.26,14.237,-19.006,-17.726,7.581,0.1801
6.151,-8.26,14.237,-19.006,-17.726,7.581,0.1791
7.058,-8.26,14.237,-19.006,-17.726,7.581,0.172
7.235,-8.26,14.237,-19.006,-17.726,7.581,0.1706
10.279,-8.26,14.237,-19.006,-17.726,7.581,0.1432
-12.942,11.45,-4.195,-3.264,0.745,-19.01,0.0749
-11.773,11.45,-4.195,-3.264,0.745,-19.01,0.089
-7.48,11.45,-4.195,-3.264,0.745,-19.01,0.1308
-5.858,11.45,-4.195,-3.264,0.745,-19.01,0.1422
-0.497,11.45,-4.195,-3.264,0.745,-19.01,0.1629
3.024,11.45,-4.195,-3.264,0.745,-19.01,0.1645
3.257,11.45,-4.195,-3.264,0.745,-19.01,0.1642
6.824,11.45,-4.195,-3.264,0.745,-19.01,0.1527
6.911,11.45,-4.195,-3.264,0.745,-19.01,0.1523
6.972,11.45,-4.195,-3.264,0.745,-19.01,0.152
8.528,11.45,-4.195,-3.264,0.745,-19.01,0.143
10.071,11.45,-4.195,-3.264,0.745,-19.01,0.1318
10.896,11.45,-4.195,-3.264,0.745,-19.01,0.125
11.818,11.45,-4.195,-3.264,0.745,-19.01,0.117
-14.267,-11.13,-13.168,-16.532,11.671,0.206,0.1654
-13.879,-11.13,-13.168,-16.532,11.671,0.206,0.1695
-12.419,-11.13,-13.168,-16.532,11.671,0.206,0.1842
-10.415,-11.13,-13.168,-16.532,11.671,0.206,0.2019
-8.536,-11.13,-13.168,-16.532,11.671,0.206,0.2149
-3.541,-11.13,-13.168,-16.532,11.671,0.206,0.2315
-1.473,-11.13,-13.168,-16.532,11.671,0.206,0.2317
-1.301,-11.13,-13.168,-16.532,11.671,0.206,0.2315
3.365,-11.13,-13.168,-16.532,11.671,0.206,0.2189
5.964,-11.13,-13.168,-16.532,11.671,0.206,0.2041
6.243,-11.13,-13.168,-16.532,11.671,0.206,0.2021
11.719,-11.13,-13.168,-16.532,11.671,0.206,0.1514
11.758,-11.13,-13.168,-16.532,11.671,0.206,0.1509
13.765,-11.13,-13.168,-16.532,11.671,0.206,0.126
-14.994,1.05,-3.508,7.015,5.92,2.724,0.0964
-13.758,1.05,-3.508,7.015,5.92,2.724,0.1106
-11.252,1.05,-3.508,7.015,5.92,2.724,0.1344
-7.216,1.05,-3.508,7.015,5.92,2.724,0.1596
-6.462,1.05,-3.508,7.015,5.92,2.724,0.1627
-5.28,1.05,-3.508,7.015,5.92,2.724,0.1665
-4.88,1.05,-3.508,7.015,5.92,2.724,0.1676
0.058,1.05,-3.508,7.015,5.92,2.724,0.1749
1.094,1.05,-3.508,7.015,5.92,2.724,0.1758
3.656,1.05,-3.508,7.015,5.92,2.724,0.1763
6.932,1.05,-3.508,7.015,5.92,2.724,0.171
7.815,1.05,-3.508,7.015,5.92,2.724,0.1681
8.124,1.05,-3.508,7.015,5.92,2.724,0.1669
8.317,1.05,-3.508,7.015,5.92,2.724,0.1661
-11.009,-8.23,12.541,7.384,8.988,14.415,0.1531
-5.842,-8.23,12.541,7.384,8.988,14.415,0.1862
-2.857,-8.23,12.541,7.384,8.988,14.415,0.1911
0.018,-8.23,12.541,7.384,8.988,14.415,0.1894
0.293,-8.23,12.541,7.384,8.988,14.415,0.189
1.544,-8.23,12.541,7.384,8.988,14.415,0.1865
2.003,-8.23,12.541,7.384,8.988,14.415,0.1854
2.716,-8.23,12.541,7.384,8.988,14.415,0.1835
3.475,-8.23,12.541,7.384,8.988,14.415,0.1811
4.855,-8.23,12.541,7.384,8.988,14.415,0.1763
6.264,-8.23,12.541,7.384,8.988,14.415,0.1702
6.909,-8.23,12.541,7.384,8.988,14.415,0.167
9.007,-8.23,12.541,7.384,8.988,14.415,0.1547
9.809,-8.23,12.541,7.384,8.988,14.415,0.1491
-13.592,-0.61,-13.668,-0.32,-5.7,-6.849,0.1253
-13.072,-0.61,-13.668,-0.32,-5.7,-6.849,0.1308
-12.123,-0.61,-13.668,-0.32,-5.7,-6.849,0.1401
-4.678,-0.61,-13.668,-0.32,-5.7,-6.849,0.1844
-3.839,-0.61,-13.668,-0.32,-5.7,-6.849,0.1866
-3.57,-0.61,-13.668,-0.32,-5.7,-6.849,0.1872
-3.395,-0.61,-13.668,-0.32,-5.7,-6.849,0.1876
-3.312,-0.61,-13.668,-0.32,-5.7,-6.849,0.1877
-2.989,-0.61,-13.668,-0.32,-5.7,-6.849,0.1884
-1.341,-0.61,-13.668,-0.32,-5.7,-6.849,0.1911
0.289,-0.61,-13.668,-0.32,-5.7,-6.849,0.1931
2.932,-0.61,-13.668,-0.32,-5.7,-6.849,0.1953
3.099,-0.61,-13.668,-0.32,-5.7,-6.849,0.1954
10.41,-0.61,-13.668,-0.32,-5.7,-6.849,0.1769
-10.472,-14.68,-1.77,-19.988,-8.921,15.345,0.1439
-8.607,-14.68,-1.77,-19.988,-8.921,15.345,0.1567
-5.464,-14.68,-1.77,-19.988,-8.921,15.345,0.1705
-4.872,-14.68,-1.77,-19.988,-8.921,15.345,0.1717
-0.476,-14.68,-1.77,-19.988,-8.921,15.345,0.1693
0.723,-14.68,-1.77,-19.988,-8.921,15.345,0.1652
0.745,-14.68,-1.77,-19.988,-8.921,15.345,0.1651
1.732,-14.68,-1.77,-19.988,-8.921,15.345,0.1608
3.048,-14.68,-1.77,-19.988,-8.921,15.345,0.1537
6.123,-14.68,-1.77,-19.988,-8.921,15.345,0.1289
7.409,-14.68,-1.77,-19.988,-8.921,15.345,0.1147
8.952,-14.68,-1.77,-19.988,-8.921,15.345,0.0958
11.067,-14.68,-1.77,-19.988,-8.921,15.345,0.0668
11.657,-14.68,-1.77,-19.988,-8.921,15.345,0.0582
-14.602,-13.25,-1.204,-0.307,0.154,-10.419,0.0253
-12.109,-13.25,-1.204,-0.307,0.154,-10.419,0.0559
-11.745,-13.25,-1.204,-0.307,0.154,-10.419,0.0599
-9.802,-13.25,-1.204,-0.307,0.154,-10.419,0.0793
-4.314,-13.25,-1.204,-0.307,0.154,-10.419,0.1166
-3.593,-13.25,-1.204,-0.307,0.154,-10.419,0.1199
-2.475,-13.25,-1.204,-0.307,0.154,-10.419,0.1243
-1.319,-13.25,-1.204,-0.307,0.154,-10.419,0.1281
1.085,-13.25,-1.204,-0.307,0.154,-10.419,0.1328
3.403,-13.25,-1.204,-0.307,0.154,-10.419,0.133
5.605,-13.25,-1.204,-0.307,0.154,-10.419,0.129
9.779,-13.25,-1.204,-0.307,0.154,-10.419,0.1085
9.933,-13.25,-1.204,-0.307,0.154,-10.419,0.1074
10.736,-13.25,-1.204,-0.307,0.154,-10.419,0.101
-13.373,-8.36,-19.922,1.309,-9.454,-4.245,0.1291
-13.032,-8.36,-19.922,1.309,-9.454,-4.245,0.1326
-6.553,-8.36,-19.922,1.309,-9.454,-4.245,0.1806
-5.704,-8.36,-19.922,1.309,-9.454,-4.245,0.1845
-5.128,-8.36,-19.922,1.309,-9.454,-4.245,0.1869
-1.216,-8.36,-19.922,1.309,-9.454,-4.245,0.1973
1.582,-8.36,-19.922,1.309,-9.454,-4.245,0.1994
2.123,-8.36,-19.922,1.309,-9.454,-4.245,0.1993
2.19,-8.36,-19.922,1.309,-9.454,-4.245,0.1993
4.768,-8.36,-19.922,1.309,-9.454,-4.245,0.1965
5.51,-8.36,-19.922,1.309,-9.454,-4.245,0.1949
8.886,-8.36,-19.922,1.309,-9.454,-4.245,0.1821
11.082,-8.36,-19.922,1.309,-9.454,-4.245,0.1682
11.29,-8.36,-19.922,1.309,-9.454,-4.245,0.1666
-14.753,12.71,-4.153,-14.97,-16.864,0.23,0.1123
-14.453,12.71,-4.153,-14.97,-16.864,0.23,0.1157
-13.846,12.71,-4.153,-14.97,-16.864,0.23,0.1223
-13.29,12.71,-4.153,-14.97,-16.864,0.23,0.1283
-9.713,12.71,-4.153,-14.97,-16.864,0.23,0.16
-8.1,12.71,-4.153,-14.97,-16.864,0.23,0.1704
-4.753,12.71,-4.153,-14.97,-16.864,0.23,0.1818
-4.398,12.71,-4.153,-14.97,-16.864,0.23,0.1823
2.808,12.71,-4.153,-14.97,-16.864,0.23,0.1687
3.11,12.71,-4.153,-14.97,-16.864,0.23,0.1673
3.128,12.71,-4.153,-14.97,-16.864,0.23,0.1672
6.059,12.71,-4.153,-14.97,-16.864,0.23,0.1503
10.556,12.71,-4.153,-14.97,-16.864,0.23,0.113
11.073,12.71,-4.153,-14.97,-16.864,0.23,0.1076
-14.965,12.56,6.488,-3.849,-19.262,-5.265,0.1032
-9.556,12.56,6.488,-3.849,-19.262,-5.265,0.1592
-7.56,12.56,6.488,-3.849,-19.262,-5.265,0.173
-6.088,12.56,6.488,-3.849,-19.262,-5.265,0.1808
-2.505,12.56,6.488,-3.849,-19.262,-5.265,0.1917
0.972,12.56,6.488,-3.849,-19.262,-5.265,0.1934
1.112,12.56,6.488,-3.849,-19.262,-5.265,0.1933
2.678,12.56,6.488,-3.849,-19.262,-5.265,0.1911
3.504,12.56,6.488,-3.849,-19.262,-5.265,0.1892
5.719,12.56,6.488,-3.849,-19.262,-5.265,0.1819
6.223,12.56,6.488,-3.849,-19.262,-5.265,0.1797
6.683,12.56,6.488,-3.849,-19.262,-5.265,0.1776
9.516,12.56,6.488,-3.849,-19.262,-5.265,0.1606
9.904,12.56,6.488,-3.849,-19.262,-5.265,0.1578
-12.789,13.3,10.541,-18.151,-13.949,9.54,0.1892
-11.809,13.3,10.541,-18.151,-13.949,9.54,0.1978
-8.134,13.3,10.541,-18.151,-13.949,9.54,0.2213
-7.963,13.3,10.541,-18.151,-13.949,9.54,0.2221
-5.295,13.3,10.541,-18.151,-13.949,9.54,0.2312
-2.001,13.3,10.541,-18.151,-13.949,9.54,0.2338
-1.244,13.3,10.541,-18.151,-13.949,9.54,0.2323
-0.449,13.3,10.541,-18.151,-13.949,9.54,0.2302
1.59,13.3,10.541,-18.151,-13.949,9.54,0.222
1.706,13.3,10.541,-18.151,-13.949,9.54,0.2215
3.106,13.3,10.541,-18.151,-13.949,9.54,0.2137
8.464,13.3,10.541,-18.151,-13.949,9.54,0.167
11.428,13.3,10.541,-18.151,-13.949,9.54,0.1319
13.299,13.3,10.541,-18.151,-13.949,9.54,0.1065
-13.318,-8.96,9.896,-14.964,0.253,-11.287,0.1165
-10.996,-8.96,9.896,-14.964,0.253,-11.287,0.1414
-8.535,-8.96,9.896,-14.964,0.253,-11.287,0.1621
-5.394,-8.96,9.896,-14.964,0.253,-11.287,0.1803
-4.042,-8.96,9.896,-14.964,0.253,-11.287,0.185
-1.114,-8.96,9.896,-14.964,0.253,-11.287,0.1903
-0.063,-8.96,9.896,-14.964,0.253,-11.287,0.1905
1.196,-8.96,9.896,-14.964,0.253,-11.287,0.1898
5.038,-8.96,9.896,-14.964,0.253,-11.287,0.1805
6.485,-8.96,9.896,-14.964,0.253,-11.287,0.174
8.162,-8.96,9.896,-14.964,0.253,-11.287,0.1642
10.484,-8.96,9.896,-14.964,0.253,-11.287,0.1462
12.153,-8.96,9.896,-14.964,0.253,-11.287,0.1304
12.688,-8.96,9.896,-14.964,0.253,-11.287,0.1246
-10.554,11.5,13.412,2.594,0.731,8.479,0.138
-3.246,11.5,13.412,2.594,0.731,8.479,0.1694
1.003,11.5,13.412,2.594,0.731,8.479,0.1697
2.617,11.5,13.412,2.594,0.731,8.479,0.1668
4.39,11.5,13.412,2.594,0.731,8.479,0.1617
4.59,11.5,13.412,2.594,0.731,8.479,0.1609
5.185,11.5,13.412,2.594,0.731,8.479,0.1585
5.262,11.5,13.412,2.594,0.731,8.479,0.1582
5.57,11.5,13.412,2.594,0.731,8.479,0.1568
7.711,11.5,13.412,2.594,0.731,8.479,0.1452
7.801,11.5,13.412,2.594,0.731,8.479,0.1447
8.214,11.5,13.412,2.594,0.731,8.479,0.142
10.523,11.5,13.412,2.594,0.731,8.479,0.1235
11.893,11.5,13.412,2.594,0.731,8.479,0.1101
-13.985,1.28,-0.381,-5.508,-16.949,-1.304,0.1517
-11.839,1.28,-0.381,-5.508,-16.949,-1.304,0.1718
-11.343,1.28,-0.381,-5.508,-16.949,-1.304,0.1757
-6.609,1.28,-0.381,-5.508,-16.949,-1.304,0.1993
-6.226,1.28,-0.381,-5.508,-16.949,-1.304,0.2002
-3.932,1.28,-0.381,-5.508,-16.949,-1.304,0.2035
-3.442,1.28,-0.381,-5.508,-16.949,-1.304,0.2038
-3.376,1.28,-0.381,-5.508,-16.949,-1.304,0.2038
6.421,1.28,-0.381,-5.508,-16.949,-1.304,0.1904
7.731,1.28,-0.381,-5.508,-16.949,-1.304,0.1846
8.591,1.28,-0.381,-5.508,-16.949,-1.304,0.1801
9.442,1.28,-0.381,-5.508,-16.949,-1.304,0.1749
10.952,1.28,-0.381,-5.508,-16.949,-1.304,0.164
11.843,1.28,-0.381,-5.508,-16.949,-1.304,0.1565
-7.07,6.72,-7.342,4.907,10.227,-9.02,0.1397
-4.962,6.72,-7.342,4.907,10.227,-9.02,0.1508
-2.285,6.72,-7.342,4.907,10.227,-9.02,0.1617
-1.93,6.72,-7.342,4.907,10.227,-9.02,0.1629
-0.844,6.72,-7.342,4.907,10.227,-9.02,0.1663
-0.076,6.72,-7.342,4.907,10.227,-9.02,0.1685
1.421,6.72,-7.342,4.907,10.227,-9.02,0.1719
4.32,6.72,-7.342,4.907,10.227,-9.02,0.175
5.27,6.72,-7.342,4.907,10.227,-9.02,0.1746
5.719,6.72,-7.342,4.907,10.227,-9.02,0.1742
7.662,6.72,-7.342,4.907,10.227,-9.02,0.1705
9.414,6.72,-7.342,4.907,10.227,-9.02,0.164
10.878,6.72,-7.342,4.907,10.227,-9.02,0.1558
13.496,6.72,-7.342,4.907,10.227,-9.02,0.1352
-13.936,12.42,16.721,11.682,6.939,-18.368,0.0871
-7.583,12.42,16.721,11.682,6.939,-18.368,0.1689
-2.684,12.42,16.721,11.682,6.939,-18.368,0.2048
-2.367,12.42,16.721,11.682,6.939,-18.368,0.2064
0.023,12.42,16.721,11.682,6.939,-18.368,0.2166
2.13,12.42,16.721,11.682,6.939,-18.368,0.2211
5.43,12.42,16.721,11.682,6.939,-18.368,0.2192
6.834,12.42,16.721,11.682,6.939,-18.368,0.2152
6.846,12.42,16.721,11.682,6.939,-18.368,0.2152
7.007,12.42,16.721,11.682,6.939,-18.368,0.2146
9.049,12.42,16.721,11.682,6.939,-18.368,0.2047
9.566,12.42,16.721,11.682,6.939,-18.368,0.2016
9.909,12.42,16.721,11.682,6.939,-18.368,0.1993
11.591,12.42,16.721,11.682,6.939,-18.368,0.1868
-14.285,-13.81,-18.345,13.866,9.681,-4.889,0.0969
-13.827,-13.81,-18.345,13.866,9.681,-4.889,0.1033
-11.588,-13.81,-18.345,13.866,9.681,-4.889,0.1321
-11.401,-13.81,-18.345,13.866,9.681,-4.889,0.1344
-1.17,-13.81,-18.345,13.866,9.681,-4.889,0.211
-1.166,-13.81,-18.345,13.866,9.681,-4.889,0.211
-0.123,-13.81,-18.345,13.866,9.681,-4.889,0.2134
0.821,-13.81,-18.345,13.866,9.681,-4.889,0.2148
0.902,-13.81,-18.345,13.866,9.681,-4.889,0.2149
1.71,-13.81,-18.345,13.866,9.681,-4.889,0.2156
2.267,-13.81,-18.345,13.866,9.681,-4.889,0.2158
2.334,-13.81,-18.345,13.866,9.681,-4.889,0.2158
4.459,-13.81,-18.345,13.866,9.681,-4.889,0.2138
6.861,-13.81,-18.345,13.866,9.681,-4.889,0.209
-14.221,-14.42,-18.277,17.088,-19.05,-0.193,0.094
-12.692,-14.42,-18.277,17.088,-19.05,-0.193,0.1134
-8.112,-14.42,-18.277,17.088,-19.05,-0.193,0.1617
-5.697,-14.42,-18.277,17.088,-19.05,-0.193,0.1797
-5.254,-14.42,-18.277,17.088,-19.05,-0.193,0.1824
-2.912,-14.42,-18.277,17.088,-19.05,-0.193,0.1916
1.499,-14.42,-18.277,17.088,-19.05,-0.193,0.1964
5.276,-14.42,-18.277,17.088,-19.05,-0.193,0.1878
6.198,-14.42,-18.277,17.088,-19.05,-0.193,0.184
6.312,-14.42,-18.277,17.088,-19.05,-0.193,0.1834
7.375,-14.42,-18.277,17.088,-19.05,-0.193,0.178
9.979,-14.42,-18.277,17.088,-19.05,-0.193,0.1604
11.163,-14.42,-18.277,17.088,-19.05,-0.193,0.151
12.967,-14.42,-18.277,17.088,-19.05,-0.193,0.1347
-13.512,-12.3,15.814,-4.315,4.223,-19.302,0.0829
-12.634,-12.3,15.814,-4.315,4.223,-19.302,0.0939
-11.4,-12.3,15.814,-4.315,4.223,-19.302,0.1085
-2.998,-12.3,15.814,-4.315,4.223,-19.302,0.1755
-2.965,-12.3,15.814,-4.315,4.223,-19.302,0.1756
-2.838,-12.3,15.814,-4.315,4.223,-19.302,0.1762
3.88,-12.3,15.814,-4.315,4.223,-19.302,0.1824
4.313,-12.3,15.814,-4.315,4.223,-19.302,0.1813
4.366,-12.3,15.814,-4.315,4.223,-19.302,0.1811
10.478,-12.3,15.814,-4.315,4.223,-19.302,0.1495
10.77,-12.3,15.814,-4.315,4.223,-19.302,0.1473
12.054,-12.3,15.814,-4.315,4.223,-19.302,0.1369
12.126,-12.3,15.814,-4.315,4.223,-19.302,0.1363
13.184,-12.3,15.814,-4.315,4.223,-19.302,0.1269
-11.766,-7.88,1.195,-6.7,-3.416,9.103,0.1437
-11.186,-7.88,1.195,-6.7,-3.416,9.103,0.148
-10.103,-7.88,1.195,-6.7,-3.416,9.103,0.1551
-8.118,-7.88,1.195,-6.7,-3.416,9.103,0.1645
-7.66,-7.88,1.195,-6.7,-3.416,9.103,0.166
-7.602,-7.88,1.195,-6.7,-3.416,9.103,0.1662
-7.208,-7.88,1.195,-6.7,-3.416,9.103,0.1672
-5.327,-7.88,1.195,-6.7,-3.416,9.103,0.1703
-3.158,-7.88,1.195,-6.7,-3.416,9.103,0.17
1.566,-7.88,1.195,-6.7,-3.416,9.103,0.1583
2.34,-7.88,1.195,-6.7,-3.416,9.103,0.1554
4.773,-7.88,1.195,-6.7,-3.416,9.103,0.1444
5.081,-7.88,1.195,-6.7,-3.416,9.103,0.1428
6.542,-7.88,1.195,-6.7,-3.416,9.103,0.1344
-11.967,1.03,1.818,-6.028,13.546,15.341,0.2003
-7.863,1.03,1.818,-6.028,13.546,15.341,0.2229
-6.651,1.03,1.818,-6.028,13.546,15.341,0.226
-4.327,1.03,1.818,-6.028,13.546,15.341,0.2263
-4.027,1.03,1.818,-6.028,13.546,15.341,0.2258
-3.755,1.03,1.818,-6.028,13.546,15.341,0.2254
-3.349,1.03,1.818,-6.028,13.546,15.341,0.2246
-0.697,1.03,1.818,-6.028,13.546,15.341,0.2165
0.009,1.03,1.818,-6.028,13.546,15.341,0.2137
0.92,1.03,1.818,-6.028,13.546,15.341,0.2099
3.937,1.03,1.818,-6.028,13.546,15.341,0.1956
9.951,1.03,1.818,-6.028,13.546,15.341,0.1542
10.919,1.03,1.818,-6.028,13.546,15.341,0.145
11.456,1.03,1.818,-6.028,13.546,15.341,0.1395
-14.298,-12.97,-0.352,6.238,17.83,-11.621,0.0714
-13.508,-12.97,-0.352,6.238,17.83,-11.621,0.0825
-9.859,-12.97,-0.352,6.238,17.83,-11.621,0.1266
-8.135,-12.97,-0.352,6.238,17.83,-11.621,0.1432
-6.792,-12.97,-0.352,6.238,17.83,-11.621,0.1546
-4.562,-12.97,-0.352,6.238,17.83,-11.621,0.1702
3.175,-12.97,-0.352,6.238,17.83,-11.621,0.194
3.42,-12.97,-0.352,6.238,17.83,-11.621,0.1939
5.383,-12.97,-0.352,6.238,17.83,-11.621,0.1918
9.306,-12.97,-0.352,6.238,17.83,-11.621,0.1759
11.446,-12.97,-0.352,6.238,17.83,-11.621,0.1608
11.609,-12.97,-0.352,6.238,17.83,-11.621,0.1594
12.575,-12.97,-0.352,6.238,17.83,-11.621,0.151
12.998,-12.97,-0.352,6.238,17.83,-11.621,0.147
-14.883,-1.36,10.599,-1.904,19.84,-9.062,0.1524
-10.911,-1.36,10.599,-1.904,19.84,-9.062,0.1949
-8.993,-1.36,10.599,-1.904,19.84,-9.062,0.2091
-2.132,-1.36,10.599,-1.904,19.84,-9.062,0.2355
-1.992,-1.36,10.599,-1.904,19.84,-9.062,0.2358
1.755,-1.36,10.599,-1.904,19.84,-9.062,0.2411
7.559,-1.36,10.599,-1.904,19.84,-9.062,0.2343
7.703,-1.36,10.599,-1.904,19.84,-9.062,0.2338
9.344,-1.36,10.599,-1.904,19.84,-9.062,0.2258
10.195,-1.36,10.599,-1.904,19.84,-9.062,0.2207
11.632,-1.36,10.599,-1.904,19.84,-9.062,0.2103
12.692,-1.36,10.599,-1.904,19.84,-9.062,0.2013
13.254,-1.36,10.599,-1.904,19.84,-9.062,0.196
13.618,-1.36,10.599,-1.904,19.84,-9.062,0.1925
-14.699,-3.39,4.109,5.968,19.66,-15.226,0.1301
-12.573,-3.39,4.109,5.968,19.66,-15.226,0.158
-11.694,-3.39,4.109,5.968,19.66,-15.226,0.1681
-11.009,-3.39,4.109,5.968,19.66,-15.226,0.1755
-9.901,-3.39,4.109,5.968,19.66,-15.226,0.1866
-4.406,-3.39,4.109,5.968,19.66,-15.226,0.2284
-1.114,-3.39,4.109,5.968,19.66,-15.226,0.244
1.941,-3.39,4.109,5.968,19.66,-15.226,0.2536
3.032,-3.39,4.109,5.968,19.66,-15.226,0.2555
4.408,-3.39,4.109,5.968,19.66,-15.226,0.2558
6.56,-3.39,4.109,5.968,19.66,-15.226,0.253
6.694,-3.39,4.109,5.968,19.66,-15.226,0.2527
6.914,-3.39,4.109,5.968,19.66,-15.226,0.2522
7.842,-3.39,4.109,5.968,19.66,-15.226,0.2493
-14.359,4.13,-3.305,-17.641,18.893,-4.578,0.1802
-13.195,4.13,-3.305,-17.641,18.893,-4.578,0.1907
-12.289,4.13,-3.305,-17.641,18.893,-4.578,0.198
-10.956,4.13,-3.305,-17.641,18.893,-4.578,0.2073
-4.952,4.13,-3.305,-17.641,18.893,-4.578,0.2342
-0.801,4.13,-3.305,-17.641,18.893,-4.578,0.2375
-0.588,4.13,-3.305,-17.641,18.893,-4.578,0.2372
0.701,4.13,-3.305,-17.641,18.893,-4.578,0.2349
1.982,4.13,-3.305,-17.641,18.893,-4.578,0.2318
4.503,4.13,-3.305,-17.641,18.893,-4.578,0.2228
9.193,4.13,-3.305,-17.641,18.893,-4.578,0.1945
9.967,4.13,-3.305,-17.641,18.893,-4.578,0.1883
11.284,4.13,-3.305,-17.641,18.893,-4.578,0.1767
12.416,4.13,-3.305,-17.641,18.893,-4.578,0.1655
-14.274,4.12,4.432,11.067,15.475,7.179,0.1257
-11.857,4.12,4.432,11.067,15.475,7.179,0.1488
-10.183,4.12,4.432,11.067,15.475,7.179,0.1611
-9.615,4.12,4.432,11.067,15.475,7.179,0.1647
-6.998,4.12,4.432,11.067,15.475,7.179,0.1779
-4.236,4.12,4.432,11.067,15.475,7.179,0.1865
-2.655,4.12,4.432,11.067,15.475,7.179,0.1895
-0.94,4.12,4.432,11.067,15.475,7.179,0.1918
0.776,4.12,4.432,11.067,15.475,7.179,0.1934
2.104,4.12,4.432,11.067,15.475,7.179,0.194
5.156,4.12,4.432,11.067,15.475,7.179,0.1917
8.893,4.12,4.432,11.067,15.475,7.179,0.178
12.933,4.12,4.432,11.067,15.475,7.179,0.1447
13.344,4.12,4.432,11.067,15.475,7.179,0.1403
-14.948,-5.47,-13.94,12.044,15.783,6.762,0.1606
-13.66,-5.47,-13.94,12.044,15.783,6.762,0.1779
-13.381,-5.47,-13.94,12.044,15.783,6.762,0.1815
-13.062,-5.47,-13.94,12.044,15.783,6.762,0.1855
-8.769,-5.47,-13.94,12.044,15.783,6.762,0.2262
-7.694,-5.47,-13.94,12.044,15.783,6.762,0.2328
-4.621,-5.47,-13.94,12.044,15.783,6.762,0.246
1.923,-5.47,-13.94,12.044,15.783,6.762,0.2566
2.819,-5.47,-13.94,12.044,15.783,6.762,0.2565
4.107,-5.47,-13.94,12.044,15.783,6.762,0.2555
4.719,-5.47,-13.94,12.044,15.783,6.762,0.2545
9.004,-5.47,-13.94,12.044,15.783,6.762,0.2369
9.024,-5.47,-13.94,12.044,15.783,6.762,0.2368
10.358,-5.47,-13.94,12.044,15.783,6.762,0.2267
-14.839,-11.0,-10.664,-13.606,14.859,19.798,0.2098
-10.969,-11.0,-10.664,-13.606,14.859,19.798,0.2452
-5.268,-11.0,-10.664,-13.606,14.859,19.798,0.2737
-4.93,-11.0,-10.664,-13.606,14.859,19.798,0.2743
-2.203,-11.0,-10.664,-13.606,14.859,19.798,0.2755
-0.529,-11.0,-10.664,-13.606,14.859,19.798,0.2712
-0.249,-11.0,-10.664,-13.606,14.859,19.798,0.27
4.311,-11.0,-10.664,-13.606,14.859,19.798,0.2422
5.012,-11.0,-10.664,-13.606,14.859,19.798,0.2361
5.174,-11.0,-10.664,-13.606,14.859,19.798,0.2346
7.733,-11.0,-10.664,-13.606,14.859,19.798,0.2087
10.956,-11.0,-10.664,-13.606,14.859,19.798,0.1697
12.511,-11.0,-10.664,-13.606,14.859,19.798,0.1482
12.941,-11.0,-10.664,-13.606,14.859,19.798,0.142
-13.616,-9.26,5.724,4.623,12.867,-2.896,0.0933
-13.414,-9.26,5.724,4.623,12.867,-2.896,0.0957
-13.258,-9.26,5.724,4.623,12.867,-2.896,0.0976
-13.217,-9.26,5.724,4.623,12.867,-2.896,0.0981
-12.524,-9.26,5.724,4.623,12.867,-2.896,0.106
-11.617,-9.26,5.724,4.623,12.867,-2.896,0.1158
-10.939,-9.26,5.724,4.623,12.867,-2.896,0.1225
-3.169,-9.26,5.724,4.623,12.867,-2.896,0.1698
-2.533,-9.26,5.724,4.623,12.867,-2.896,0.1715
-2.445,-9.26,5.724,4.623,12.867,-2.896,0.1717
0.495,-9.26,5.724,4.623,12.867,-2.896,0.1768
3.007,-9.26,5.724,4.623,12.867,-2.896,0.1773
8.386,-9.26,5.724,4.623,12.867,-2.896,0.1645
12.74,-9.26,5.724,4.623,12.867,-2.896,0.1359
-14.269,3.53,11.707,-4.523,12.839,-0.516,0.1505
-12.421,3.53,11.707,-4.523,12.839,-0.516,0.1671
-6.873,3.53,11.707,-4.523,12.839,-0.516,0.1964
0.065,3.53,11.707,-4.523,12.839,-0.516,0.2019
4.083,3.53,11.707,-4.523,12.839,-0.516,0.1958
7.232,3.53,11.707,-4.523,12.839,-0.516,0.1851
7.796,3.53,11.707,-4.523,12.839,-0.516,0.1822
10.427,3.53,11.707,-4.523,12.839,-0.516,0.1645
10.875,3.53,11.707,-4.523,12.839,-0.516,0.1608
11.768,3.53,11.707,-4.523,12.839,-0.516,0.1527
12.084,3.53,11.707,-4.523,12.839,-0.516,0.1497
12.21,3.53,11.707,-4.523,12.839,-0.516,0.1484
13.108,3.53,11.707,-4.523,12.839,-0.516,0.139
14.189,3.53,11.707,-4.523,12.839,-0.516,0.1265
-14.725,12.36,8.062,1.053,13.068,6.337,0.0721
-14.62,12.36,8.062,1.053,13.068,6.337,0.0732
-13.809,12.36,8.062,1.053,13.068,6.337,0.0814
-13.573,12.36,8.062,1.053,13.068,6.337,0.0837
-13.331,12.36,8.062,1.053,13.068,6.337,0.086
-9.978,12.36,8.062,1.053,13.068,6.337,0.1124
-7.911,12.36,8.062,1.053,13.068,6.337,0.1236
-4.668,12.36,8.062,1.053,13.068,6.337,0.1347
-4.506,12.36,8.062,1.053,13.068,6.337,0.135
1.635,12.36,8.062,1.053,13.068,6.337,0.1373
1.821,12.36,8.062,1.053,13.068,6.337,0.137
2.228,12.36,8.062,1.053,13.068,6.337,0.1362
6.491,12.36,8.062,1.053,13.068,6.337,0.1206
6.682,12.36,8.062,1.053,13.068,6.337,0.1196
-14.916,6.36,18.302,-14.657,18.823,12.229,0.2329
-6.535,6.36,18.302,-14.657,18.823,12.229,0.276
-6.115,6.36,18.302,-14.657,18.823,12.229,0.2767
-3.737,6.36,18.302,-14.657,18.823,12.229,0.2775
1.095,6.36,18.302,-14.657,18.823,12.229,0.2624
3.535,6.36,18.302,-14.657,18.823,12.229,0.2485
5.038,6.36,18.302,-14.657,18.823,12.229,0.2385
5.311,6.36,18.302,-14.657,18.823,12.229,0.2365
5.462,6.36,18.302,-14.657,18.823,12.229,0.2354
6.098,6.36,18.302,-14.657,18.823,12.229,0.2307
8.494,6.36,18.302,-14.657,18.823,12.229,0.2101
8.584,6.36,18.302,-14.657,18.823,12.229,0.2093
11.981,6.36,18.302,-14.657,18.823,12.229,0.1721
13.035,6.36,18.302,-14.657,18.823,12.229,0.1583
-11.505,-0.21,-3.418,8.142,-9.263,17.126,0.1849
-10.092,-0.21,-3.418,8.142,-9.263,17.126,0.1957
-6.904,-0.21,-3.418,8.142,-9.263,17.126,0.2143
-4.395,-0.21,-3.418,8.142,-9.263,17.126,0.2229
-2.651,-0.21,-3.418,8.142,-9.263,17.126,0.2258
-2.531,-0.21,-3.418,8.142,-9.263,17.126,0.2259
-2.111,-0.21,-3.418,8.142,-9.263,17.126,0.226
0.092,-0.21,-3.418,8.142,-9.263,17.126,0.2246
0.213,-0.21,-3.418,8.142,-9.263,17.126,0.2245
0.677,-0.21,-3.418,8.142,-9.263,17.126,0.224
2.308,-0.21,-3.418,8.142,-9.263,17.126,0.2212
6.752,-0.21,-3.418,8.142,-9.263,17.126,0.2051
9.645,-0.21,-3.418,8.142,-9.263,17.126,0.1865
11.844,-0.21,-3.418,8.142,-9.263,17.126,0.1667
-13.96,9.12,-3.64,-3.615,-4.2,-11.271,0.0778
-13.339,9.12,-3.64,-3.615,-4.2,-11.271,0.0854
-7.965,9.12,-3.64,-3.615,-4.2,-11.271,0.1345
-6.5,9.12,-3.64,-3.615,-4.2,-11.271,0.143
-2.069,9.12,-3.64,-3.615,-4.2,-11.271,0.1597
-1.116,9.12,-3.64,-3.615,-4.2,-11.271,0.1618
-0.443,9.12,-3.64,-3.615,-4.2,-11.271,0.163
-0.294,9.12,-3.64,-3.615,-4.2,-11.271,0.1633
2.277,9.12,-3.64,-3.615,-4.2,-11.271,0.1652
5.542,9.12,-3.64,-3.615,-4.2,-11.271,0.1608
7.057,9.12,-3.64,-3.615,-4.2,-11.271,0.1558
10.049,9.12,-3.64,-3.615,-4.2,-11.271,0.1395
10.081,9.12,-3.64,-3.615,-4.2,-11.271,0.1393
11.35,9.12,-3.64,-3.615,-4.2,-11.271,0.1294
-14.943,11.95,-10.509,-17.069,-1.926,-3.665,0.074
-14.111,11.95,-10.509,-17.069,-1.926,-3.665,0.0836
-11.584,11.95,-10.509,-17.069,-1.926,-3.665,0.1094
-9.523,11.95,-10.509,-17.069,-1.926,-3.665,0.1274
-3.169,11.95,-10.509,-17.069,-1.926,-3.665,0.1549
-2.854,11.95,-10.509,-17.069,-1.926,-3.665,0.1549
0.714,11.95,-10.509,-17.069,-1.926,-3.665,0.1499
2.019,11.95,-10.509,-17.069,-1.926,-3.665,0.1455
3.251,11.95,-10.509,-17.069,-1.926,-3.665,0.1402
6.314,11.95,-10.509,-17.069,-1.926,-3.665,0.1229
11.108,11.95,-10.509,-17.069,-1.926,-3.665,0.0845
11.335,11.95,-10.509,-17.069,-1.926,-3.665,0.0823
11.623,11.95,-10.509,-17.069,-1.926,-3.665,0.0794
14.637,11.95,-10.509,-17.069,-1.926,-3.665,0.0443
-14.611,-2.53,-6.818,-9.133,-19.762,13.628,0.2099
-9.522,-2.53,-6.818,-9.133,-19.762,13.628,0.245
-8.298,-2.53,-6.818,-9.133,-19.762,13.628,0.2496
-4.674,-2.53,-6.818,-9.133,-19.762,13.628,0.2552
-2.885,-2.53,-6.818,-9.133,-19.762,13.628,0.2532
-2.1,-2.53,-6.818,-9.133,-19.762,13.628,0.251
1.413,-2.53,-6.818,-9.133,-19.762,13.628,0.2377
1.911,-2.53,-6.818,-9.133,-19.762,13.628,0.2354
2.356,-2.53,-6.818,-9.133,-19.762,13.628,0.2333
6.14,-2.53,-6.818,-9.133,-19.762,13.628,0.2117
6.989,-2.53,-6.818,-9.133,-19.762,13.628,0.2057
10.893,-2.53,-6.818,-9.133,-19.762,13.628,0.1707
11.402,-2.53,-6.818,-9.133,-19.762,13.628,0.1652
13.13,-2.53,-6.818,-9.133,-19.762,13.628,0.1447
-13.26,-11.09,12.007,13.662,-9.251,14.753,0.0959
-13.118,-11.09,12.007,13.662,-9.251,14.753,0.0975
-12.359,-11.09,12.007,13.662,-9.251,14.753,0.1059
-7.1,-11.09,12.007,13.662,-9.251,14.753,0.1504
-4.887,-11.09,12.007,13.662,-9.251,14.753,0.1609
-0.489,-11.09,12.007,13.662,-9.251,14.753,0.167
1.359,-11.09,12.007,13.662,-9.251,14.753,0.1651
4.861,-11.09,12.007,13.662,-9.251,14.753,0.1547
5.358,-11.09,12.007,13.662,-9.251,14.753,0.1527
7.175,-11.09,12.007,13.662,-9.251,14.753,0.144
9.191,-11.09,12.007,13.662,-9.251,14.753,0.1312
9.973,-11.09,12.007,13.662,-9.251,14.753,0.125
12.45,-11.09,12.007,13.662,-9.251,14.753,0.1009
12.727,-11.09,12.007,13.662,-9.251,14.753,0.0979
-14.472,0.74,18.767,-17.453,-1.75,13.68,0.2316
-12.05,0.74,18.767,-17.453,-1.75,13.68,0.2529
-11.162,0.74,18.767,-17.453,-1.75,13.68,0.2593
-9.077,0.74,18.767,-17.453,-1.75,13.68,0.271
-5.096,0.74,18.767,-17.453,-1.75,13.68,0.281
-0.229,0.74,18.767,-17.453,-1.75,13.68,0.2699
0.842,0.74,18.767,-17.453,-1.75,13.68,0.2644
4.791,0.74,18.767,-17.453,-1.75,13.68,0.2389
5.953,0.74,18.767,-17.453,-1.75,13.68,0.23
6.566,0.74,18.767,-17.453,-1.75,13.68,0.2249
8.405,0.74,18.767,-17.453,-1.75,13.68,0.2083
9.966,0.74,18.767,-17.453,-1.75,13.68,0.1926
13.919,0.74,18.767,-17.453,-1.75,13.68,0.1433
14.423,0.74,18.767,-17.453,-1.75,13.68,0.136
-11.42,9.93,0.345,19.086,19.192,1.05,0.1109
-6.914,9.93,0.345,19.086,19.192,1.05,0.1483
-6.608,9.93,0.345,19.086,19.192,1.05,0.1504
-5.465,9.93,0.345,19.086,19.192,1.05,0.1581
-4.77,9.93,0.345,19.086,19.192,1.05,0.1625
-3.978,9.93,0.345,19.086,19.192,1.05,0.1671
-1.791,9.93,0.345,19.086,19.192,1.05,0.1777
-1.571,9.93,0.345,19.086,19.192,1.05,0.1786
-0.172,9.93,0.345,19.086,19.192,1.05,0.1834
1.756,9.93,0.345,19.086,19.192,1.05,0.1875
2.742,9.93,0.345,19.086,19.192,1.05,0.1884
9.293,9.93,0.345,19.086,19.192,1.05,0.1655
10.209,9.93,0.345,19.086,19.192,1.05,0.159
13.571,9.93,0.345,19.086,19.192,1.05,0.1303
-12.118,-5.53,12.18,11.667,-0.189,-8.697,0.1071
-10.481,-5.53,12.18,11.667,-0.189,-8.697,0.1245
-4.609,-5.53,12.18,11.667,-0.189,-8.697,0.1677
-3.877,-5.53,12.18,11.667,-0.189,-8.697,0.1718
-2.57,-5.53,12.18,11.667,-0.189,-8.697,0.1785
-0.898,-5.53,12.18,11.667,-0.189,-8.697,0.1863
0.49,-5.53,12.18,11.667,-0.189,-8.697,0.192
0.59,-5.53,12.18,11.667,-0.189,-8.697,0.1923
2.56,-5.53,12.18,11.667,-0.189,-8.697,0.1983
4.643,-5.53,12.18,11.667,-0.189,-8.697,0.2016
4.981,-5.53,12.18,11.667,-0.189,-8.697,0.2018
7.594,-5.53,12.18,11.667,-0.189,-8.697,0.1997
7.778,-5.53,12.18,11.667,-0.189,-8.697,0.1992
8.116,-5.53,12.18,11.667,-0.189,-8.697,0.1983
-10.235,-7.9,14.229,-3.23,-15.665,-6.755,0.1356
-9.276,-7.9,14.229,-3.23,-15.665,-6.755,0.1418
-8.085,-7.9,14.229,-3.23,-15.665,-6.755,0.1485
-8.007,-7.9,14.229,-3.23,-15.665,-6.755,0.1489
-4.255,-7.9,14.229,-3.23,-15.665,-6.755,0.1634
-2.744,-7.9,14.229,-3.23,-15.665,-6.755,0.1668
-1.726,-7.9,14.229,-3.23,-15.665,-6.755,0.1685
1.235,-7.9,14.229,-3.23,-15.665,-6.755,0.171
2.022,-7.9,14.229,-3.23,-15.665,-6.755,0.171
5.749,-7.9,14.229,-3.23,-15.665,-6.755,0.1662
9.869,-7.9,14.229,-3.23,-15.665,-6.755,0.1497
9.904,-7.9,14.229,-3.23,-15.665,-6.755,0.1495
11.577,-7.9,14.229,-3.23,-15.665,-6.755,0.1389
13.236,-7.9,14.229,-3.23,-15.665,-6.755,0.1251
-13.045,-14.53,14.359,18.634,5.697,13.656,0.071
-11.317,-14.53,14.359,18.634,5.697,13.656,0.0923
-8.914,-14.53,14.359,18.634,5.697,13.656,0.1181
-8.5,-14.53,14.359,18.634,5.697,13.656,0.1219
-7.36,-14.53,14.359,18.634,5.697,13.656,0.1312
-7.092,-14.53,14.359,18.634,5.697,13.656,0.1332
-5.647,-14.53,14.359,18.634,5.697,13.656,0.1425
-3.272,-14.53,14.359,18.634,5.697,13.656,0.1504
0.452,-14.53,14.359,18.634,5.697,13.656,0.1504
0.464,-14.53,14.359,18.634,5.697,13.656,0.1504
1.848,-14.53,14.359,18.634,5.697,13.656,0.1476
5.743,-14.53,14.359,18.634,5.697,13.656,0.1342
6.229,-14.53,14.359,18.634,5.697,13.656,0.1323
9.657,-14.53,14.359,18.634,5.697,13.656,0.1111
-13.373,4.45,12.415,-2.357,2.334,-1.21,0.1381
-11.747,4.45,12.415,-2.357,2.334,-1.21,0.1527
-9.033,4.45,12.415,-2.357,2.334,-1.21,0.1711
-5.648,4.45,12.415,-2.357,2.334,-1.21,0.1848
-2.433,4.45,12.415,-2.357,2.334,-1.21,0.1902
-0.818,4.45,12.415,-2.357,2.334,-1.21,0.1908
-0.71,4.45,12.415,-2.357,2.334,-1.21,0.1909
0.714,4.45,12.415,-2.357,2.334,-1.21,0.1905
1.913,4.45,12.415,-2.357,2.334,-1.21,0.1897
4.7,4.45,12.415,-2.357,2.334,-1.21,0.1851
8.131,4.45,12.415,-2.357,2.334,-1.21,0.1718
8.132,4.45,12.415,-2.357,2.334,-1.21,0.1718
8.943,4.45,12.415,-2.357,2.334,-1.21,0.167
10.483,4.45,12.415,-2.357,2.334,-1.21,0.156
-9.738,5.07,-6.722,6.037,-2.467,-16.187,0.1345
-8.941,5.07,-6.722,6.037,-2.467,-16.187,0.1417
-6.431,5.07,-6.722,6.037,-2.467,-16.187,0.1615
-6.057,5.07,-6.722,6.037,-2.467,-16.187,0.1641
-4.809,5.07,-6.722,6.037,-2.467,-16.187,0.1724
-3.943,5.07,-6.722,6.037,-2.467,-16.187,0.1776
-2.647,5.07,-6.722,6.037,-2.467,-16.187,0.1849
-1.185,5.07,-6.722,6.037,-2.467,-16.187,0.192
-0.718,5.07,-6.722,6.037,-2.467,-16.187,0.194
2.428,5.07,-6.722,6.037,-2.467,-16.187,0.2048
6.573,5.07,-6.722,6.037,-2.467,-16.187,0.2055
8.305,5.07,-6.722,6.037,-2.467,-16.187,0.2001
8.374,5.07,-6.722,6.037,-2.467,-16.187,0.1998
10.838,5.07,-6.722,6.037,-2.467,-16.187,0.1866
-14.867,7.85,-13.796,16.884,17.904,16.165,0.1372
-14.612,7.85,-13.796,16.884,17.904,16.165,0.1403
-14.531,7.85,-13.796,16.884,17.904,16.165,0.1412
-14.249,7.85,-13.796,16.884,17.904,16.165,0.1445
-9.263,7.85,-13.796,16.884,17.904,16.165,0.1908
-8.468,7.85,-13.796,16.884,17.904,16.165,0.1965
-4.821,7.85,-13.796,16.884,17.904,16.165,0.2173
2.122,7.85,-13.796,16.884,17.904,16.165,0.2257
2.468,7.85,-13.796,16.884,17.904,16.165,0.2252
3.813,7.85,-13.796,16.884,17.904,16.165,0.2223
7.021,7.85,-13.796,16.884,17.904,16.165,0.2076
8.576,7.85,-13.796,16.884,17.904,16.165,0.1977
8.626,7.85,-13.796,16.884,17.904,16.165,0.1974
10.935,7.85,-13.796,16.884,17.904,16.165,0.1799
-13.688,12.08,4.837,10.316,-7.006,12.039,0.1044
-11.665,12.08,4.837,10.316,-7.006,12.039,0.1279
-11.601,12.08,4.837,10.316,-7.006,12.039,0.1286
-8.208,12.08,4.837,10.316,-7.006,12.039,0.1569
-7.989,12.08,4.837,10.316,-7.006,12.039,0.1583
-7.728,12.08,4.837,10.316,-7.006,12.039,0.1598
-6.645,12.08,4.837,10.316,-7.006,12.039,0.1657
-5.76,12.08,4.837,10.316,-7.006,12.039,0.1698
-2.796,12.08,4.837,10.316,-7.006,12.039,0.1797
-1.595,12.08,4.837,10.316,-7.006,12.039,0.1822
1.62,12.08,4.837,10.316,-7.006,12.039,0.1836
5.643,12.08,4.837,10.316,-7.006,12.039,0.1736
6.057,12.08,4.837,10.316,-7.006,12.039,0.1717
10.386,12.08,4.837,10.316,-7.006,12.039,0.141
-12.557,5.05,-2.935,-7.016,-8.478,-7.483,0.1301
-10.511,5.05,-2.935,-7.016,-8.478,-7.483,0.1492
-8.326,5.05,-2.935,-7.016,-8.478,-7.483,0.1642
-8.205,5.05,-2.935,-7.016,-8.478,-7.483,0.1649
-7.529,5.05,-2.935,-7.016,-8.478,-7.483,0.1683
-6.767,5.05,-2.935,-7.016,-8.478,-7.483,0.1717
-5.763,5.05,-2.935,-7.016,-8.478,-7.483,0.1753
-5.198,5.05,-2.935,-7.016,-8.478,-7.483,0.1769
1.439,5.05,-2.935,-7.016,-8.478,-7.483,0.1825
2.736,5.05,-2.935,-7.016,-8.478,-7.483,0.1818
4.371,5.05,-2.935,-7.016,-8.478,-7.483,0.1796
5.892,5.05,-2.935,-7.016,-8.478,-7.483,0.1758
10.179,5.05,-2.935,-7.016,-8.478,-7.483,0.1542
11.453,5.05,-2.935,-7.016,-8.478,-7.483,0.1444
-14.672,7.95,-14.972,4.633,13.112,-7.594,0.0762
-7.341,7.95,-14.972,4.633,13.112,-7.594,0.1416
-3.798,7.95,-14.972,4.633,13.112,-7.594,0.1586
-2.172,7.95,-14.972,4.633,13.112,-7.594,0.1641
-0.937,7.95,-14.972,4.633,13.112,-7.594,0.1676
0.719,7.95,-14.972,4.633,13.112,-7.594,0.1714
0.914,7.95,-14.972,4.633,13.112,-7.594,0.1718
4.72,7.95,-14.972,4.633,13.112,-7.594,0.1745
5.78,7.95,-14.972,4.633,13.112,-7.594,0.1736
6.352,7.95,-14.972,4.633,13.112,-7.594,0.1727
7.909,7.95,-14.972,4.633,13.112,-7.594,0.1691
10.317,7.95,-14.972,4.633,13.112,-7.594,0.1597
10.37,7.95,-14.972,4.633,13.112,-7.594,0.1594
13.372,7.95,-14.972,4.633,13.112,-7.594,0.139
-13.75,-7.74,-14.792,-2.905,-1.697,3.317,0.1397
-12.384,-7.74,-14.792,-2.905,-1.697,3.317,0.1526
-12.359,-7.74,-14.792,-2.905,-1.697,3.317,0.1528
-12.166,-7.74,-14.792,-2.905,-1.697,3.317,0.1545
-10.916,-7.74,-14.792,-2.905,-1.697,3.317,0.1642
-7.79,-7.74,-14.792,-2.905,-1.697,3.317,0.1816
-2.599,-7.74,-14.792,-2.905,-1.697,3.317,0.1925
-0.367,-7.74,-14.792,-2.905,-1.697,3.317,0.1918
2.614,-7.74,-14.792,-2.905,-1.697,3.317,0.187
4.052,-7.74,-14.792,-2.905,-1.697,3.317,0.1829
5.264,-7.74,-14.792,-2.905,-1.697,3.317,0.1784
7.599,-7.74,-14.792,-2.905,-1.697,3.317,0.1666
9.696,-7.74,-14.792,-2.905,-1.697,3.317,0.1519
10.824,-7.74,-14.792,-2.905,-1.697,3.317,0.1424
-12.627,-9.11,17.799,-13.141,5.62,-9.041,0.144
-8.538,-9.11,17.799,-13.141,5.62,-9.041,0.1815
-6.727,-9.11,17.799,-13.141,5.62,-9.041,0.1928
-6.328,-9.11,17.799,-13.141,5.62,-9.041,0.1949
-2.27,-9.11,17.799,-13.141,5.62,-9.041,0.207
-0.221,-9.11,17.799,-13.141,5.62,-9.041,0.2084
5.582,-9.11,17.799,-13.141,5.62,-9.041,0.1965
6.357,-9.11,17.799,-13.141,5.62,-9.041,0.1932
7.503,-9.11,17.799,-13.141,5.62,-9.041,0.1875
7.69,-9.11,17.799,-13.141,5.62,-9.041,0.1865
7.782,-9.11,17.799,-13.141,5.62,-9.041,0.186
8.276,-9.11,17.799,-13.141,5.62,-9.041,0.1831
11.117,-9.11,17.799,-13.141,5.62,-9.041,0.1627
14.371,-9.11,17.799,-13.141,5.62,-9.041,0.1292
-13.942,-4.8,-15.407,-9.629,17.884,4.581,0.218
-13.888,-4.8,-15.407,-9.629,17.884,4.581,0.2186
-12.279,-4.8,-15.407,-9.629,17.884,4.581,0.2349
-12.122,-4.8,-15.407,-9.629,17.884,4.581,0.2363
-12.007,-4.8,-15.407,-9.629,17.884,4.581,0.2373
-11.392,-4.8,-15.407,-9.629,17.884,4.581,0.2423
-8.197,-4.8,-15.407,-9.629,17.884,4.581,0.2606
-6.917,-4.8,-15.407,-9.629,17.884,4.581,0.2643
-6.257,-4.8,-15.407,-9.629,17.884,4.581,0.2655
2.64,-4.8,-15.407,-9.629,17.884,4.581,0.2512
4.675,-4.8,-15.407,-9.629,17.884,4.581,0.2429
5.391,-4.8,-15.407,-9.629,17.884,4.581,0.2394
8.234,-4.8,-15.407,-9.629,17.884,4.581,0.2221
11.365,-4.8,-15.407,-9.629,17.884,4.581,0.1936
-10.394,14.8,15.537,11.863,6.012,3.811,0.0869
-9.786,14.8,15.537,11.863,6.012,3.811,0.0923
-8.582,14.8,15.537,11.863,6.012,3.811,0.102
-8.156,14.8,15.537,11.863,6.012,3.811,0.1051
-6.52,14.8,15.537,11.863,6.012,3.811,0.1158
-1.909,14.8,15.537,11.863,6.012,3.811,0.1368
-1.896,14.8,15.537,11.863,6.012,3.811,0.1368
0.393,14.8,15.537,11.863,6.012,3.811,0.1423
1.181,14.8,15.537,11.863,6.012,3.811,0.1433
3.116,14.8,15.537,11.863,6.012,3.811,0.1435
8.155,14.8,15.537,11.863,6.012,3.811,0.1276
8.318,14.8,15.537,11.863,6.012,3.811,0.1266
11.057,14.8,15.537,11.863,6.012,3.811,0.1059
12.393,14.8,15.537,11.863,6.012,3.811,0.0929
-12.435,1.23,-0.314,12.131,-2.357,-9.19,0.1099
-11.1,1.23,-0.314,12.131,-2.357,-9.19,0.1246
-9.533,1.23,-0.314,12.131,-2.357,-9.19,0.1396
-8.891,1.23,-0.314,12.131,-2.357,-9.19,0.145
-7.183,1.23,-0.314,12.131,-2.357,-9.19,0.1577
-4.285,1.23,-0.314,12.131,-2.357,-9.19,0.1751
-3.725,1.23,-0.314,12.131,-2.357,-9.19,0.178
-0.363,1.23,-0.314,12.131,-2.357,-9.19,0.1937
0.78,1.23,-0.314,12.131,-2.357,-9.19,0.1984
1.209,1.23,-0.314,12.131,-2.357,-9.19,0.2
4.071,1.23,-0.314,12.131,-2.357,-9.19,0.2079
4.646,1.23,-0.314,12.131,-2.357,-9.19,0.2088
6.855,1.23,-0.314,12.131,-2.357,-9.19,0.2086
10.43,1.23,-0.314,12.131,-2.357,-9.19,0.1942
-13.952,-14.41,3.189,-11.314,17.954,-10.594,0.0928
-13.9,-14.41,3.189,-11.314,17.954,-10.594,0.0935
-11.509,-14.41,3.189,-11.314,17.954,-10.594,0.1216
-1.696,-14.41,3.189,-11.314,17.954,-10.594,0.1795
-0.712,-14.41,3.189,-11.314,17.954,-10.594,0.1817
-0.207,-14.41,3.189,-11.314,17.954,-10.594,0.1824
-0.084,-14.41,3.189,-11.314,17.954,-10.594,0.1826
2.007,-14.41,3.189,-11.314,17.954,-10.594,0.1834
2.048,-14.41,3.189,-11.314,17.954,-10.594,0.1834
5.655,-14.41,3.189,-11.314,17.954,-10.594,0.1748
8.974,-14.41,3.189,-11.314,17.954,-10.594,0.1524
10.34,-14.41,3.189,-11.314,17.954,-10.594,0.14
10.365,-14.41,3.189,-11.314,17.954,-10.594,0.1397
10.911,-14.41,3.189,-11.314,17.954,-10.594,0.1344
-9.016,-8.16,18.826,-17.218,7.563,-1.712,0.2041
-6.964,-8.16,18.826,-17.218,7.563,-1.712,0.2156
-4.928,-8.16,18.826,-17.218,7.563,-1.712,0.2236
-2.105,-8.16,18.826,-17.218,7.563,-1.712,0.2288
-1.244,-8.16,18.826,-17.218,7.563,-1.712,0.2287
-1.125,-8.16,18.826,-17.218,7.563,-1.712,0.2287
0.176,-8.16,18.826,-17.218,7.563,-1.712,0.2267
1.069,-8.16,18.826,-17.218,7.563,-1.712,0.2247
1.708,-8.16,18.826,-17.218,7.563,-1.712,0.2229
1.903,-8.16,18.826,-17.218,7.563,-1.712,0.2223
4.025,-8.16,18.826,-17.218,7.563,-1.712,0.2143
6.355,-8.16,18.826,-17.218,7.563,-1.712,0.2024
8.009,-8.16,18.826,-17.218,7.563,-1.712,0.1918
11.372,-8.16,18.826,-17.218,7.563,-1.712,0.1656
-13.419,-7.01,-0.379,9.191,-2.997,-2.13,0.0839
-12.456,-7.01,-0.379,9.191,-2.997,-2.13,0.0947
-12.025,-7.01,-0.379,9.191,-2.997,-2.13,0.0992
-8.521,-7.01,-0.379,9.191,-2.997,-2.13,0.1291
-6.472,-7.01,-0.379,9.191,-2.997,-2.13,0.1417
-3.336,-7.01,-0.379,9.191,-2.997,-2.13,0.1557
0.494,-7.01,-0.379,9.191,-2.997,-2.13,0.1663
1.341,-7.01,-0.379,9.191,-2.997,-2.13,0.1677
3.268,-7.01,-0.379,9.191,-2.997,-2.13,0.1692
3.821,-7.01,-0.379,9.191,-2.997,-2.13,0.1692
7.463,-7.01,-0.379,9.191,-2.997,-2.13,0.1629
8.368,-7.01,-0.379,9.191,-2.997,-2.13,0.1595
10.673,-7.01,-0.379,9.191,-2.997,-2.13,0.1465
12.107,-7.01,-0.379,9.191,-2.997,-2.13,0.1353
-13.716,11.0,13.555,-3.232,16.205,19.253,0.1611
-12.004,11.0,13.555,-3.232,16.205,19.253,0.1765
-11.318,11.0,13.555,-3.232,16.205,19.253,0.1822
-10.462,11.0,13.555,-3.232,16.205,19.253,0.1885
-10.29,11.0,13.555,-3.232,16.205,19.253,0.1896
-6.572,11.0,13.555,-3.232,16.205,19.253,0.2073
-1.867,11.0,13.555,-3.232,16.205,19.253,0.209
-0.743,11.0,13.555,-3.232,16.205,19.253,0.2067
-0.399,11.0,13.555,-3.232,16.205,19.253,0.2057
0.838,11.0,13.555,-3.232,16.205,19.253,0.2018
1.329,11.0,13.555,-3.232,16.205,19.253,0.1999
1.957,11.0,13.555,-3.232,16.205,19.253,0.1973
4.53,11.0,13.555,-3.232,16.205,19.253,0.1841
8.505,11.0,13.555,-3.232,16.205,19.253,0.1523
-11.92,11.75,-16.918,-18.231,4.816,-15.326,0.1154
-11.28,11.75,-16.918,-18.231,4.816,-15.326,0.1219
-9.976,11.75,-16.918,-18.231,4.816,-15.326,0.1346
-7.849,11.75,-16.918,-18.231,4.816,-15.326,0.1526
-7.675,11.75,-16.918,-18.231,4.816,-15.326,0.1539
-7.207,11.75,-16.918,-18.231,4.816,-15.326,0.1571
-4.554,11.75,-16.918,-18.231,4.816,-15.326,0.1721
-4.032,11.75,-16.918,-18.231,4.816,-15.326,0.1739
-1.244,11.75,-16.918,-18.231,4.816,-15.326,0.1773
0.589,11.75,-16.918,-18.231,4.816,-15.326,0.176
8.277,11.75,-16.918,-18.231,4.816,-15.326,0.1434
9.559,11.75,-16.918,-18.231,4.816,-15.326,0.1335
11.818,11.75,-16.918,-18.231,4.816,-15.326,0.1119
13.192,11.75,-16.918,-18.231,4.816,-15.326,0.0965
-9.407,-11.56,-16.426,9.283,-5.905,-0.42,0.1372
-7.526,-11.56,-16.426,9.283,-5.905,-0.42,0.151
-7.01,-11.56,-16.426,9.283,-5.905,-0.42,0.1543
-6.767,-11.56,-16.426,9.283,-5.905,-0.42,0.1557
-5.819,-11.56,-16.426,9.283,-5.905,-0.42,0.1611
-4.568,-11.56,-16.426,9.283,-5.905,-0.42,0.1673
-4.511,-11.56,-16.426,9.283,-5.905,-0.42,0.1676
0.22,-11.56,-16.426,9.283,-5.905,-0.42,0.18
2.426,-11.56,-16.426,9.283,-5.905,-0.42,0.1806
3.621,-11.56,-16.426,9.283,-5.905,-0.42,0.1793
5.857,-11.56,-16.426,9.283,-5.905,-0.42,0.1744
9.026,-11.56,-16.426,9.283,-5.905,-0.42,0.1602
9.594,-11.56,-16.426,9.283,-5.905,-0.42,0.1566
10.071,-11.56,-16.426,9.283,-5.905,-0.42,0.1533
-14.197,4.04,14.975,19.105,14.43,3.445,0.1439
-11.614,4.04,14.975,19.105,14.43,3.445,0.1707
-11.512,4.04,14.975,19.105,14.43,3.445,0.1716
-11.056,4.04,14.975,19.105,14.43,3.445,0.1756
-9.181,4.04,14.975,19.105,14.43,3.445,0.1901
-8.075,4.04,14.975,19.105,14.43,3.445,0.1977
-5.34,4.04,14.975,19.105,14.43,3.445,0.2141
-5.312,4.04,14.975,19.105,14.43,3.445,0.2142
-4.613,4.04,14.975,19.105,14.43,3.445,0.2179
-2.569,4.04,14.975,19.105,14.43,3.445,0.2273
1.122,4.04,14.975,19.105,14.43,3.445,0.2386
2.258,4.04,14.975,19.105,14.43,3.445,0.2404
4.846,4.04,14.975,19.105,14.43,3.445,0.2405
5.429,4.04,14.975,19.105,14.43,3.445,0.2393
-13.307,12.86,0.553,1.164,8.135,5.483,0.0564
-12.773,12.86,0.553,1.164,8.135,5.483,0.0614
-10.54,12.86,0.553,1.164,8.135,5.483,0.0797
-6.26,12.86,0.553,1.164,8.135,5.483,0.1028
-5.445,12.86,0.553,1.164,8.135,5.483,0.1055
1.28,12.86,0.553,1.164,8.135,5.483,0.1122
2.872,12.86,0.553,1.164,8.135,5.483,0.1093
4.077,12.86,0.553,1.164,8.135,5.483,0.1061
5.249,12.86,0.553,1.164,8.135,5.483,0.1017
5.912,12.86,0.553,1.164,8.135,5.483,0.0987
8.821,12.86,0.553,1.164,8.135,5.483,0.0809
10.454,12.86,0.553,1.164,8.135,5.483,0.0675
11.087,12.86,0.553,1.164,8.135,5.483,0.0617
13.426,12.86,0.553,1.164,8.135,5.483,0.0372
-13.564,-6.47,-2.456,2.617,7.747,-17.756,0.1088
-9.974,-6.47,-2.456,2.617,7.747,-17.756,0.1513
-8.256,-6.47,-2.456,2.617,7.747,-17.756,0.1677
-8.198,-6.47,-2.456,2.617,7.747,-17.756,0.1683
-6.649,-6.47,-2.456,2.617,7.747,-17.756,0.1811
-0.578,-6.47,-2.456,2.617,7.747,-17.756,0.2148
1.243,-6.47,-2.456,2.617,7.747,-17.756,0.2199
2.214,-6.47,-2.456,2.617,7.747,-17.756,0.2216
2.434,-6.47,-2.456,2.617,7.747,-17.756,0.2219
2.712,-6.47,-2.456,2.617,7.747,-17.756,0.2221
5.736,-6.47,-2.456,2.617,7.747,-17.756,0.2183
7.443,-6.47,-2.456,2.617,7.747,-17.756,0.2124
10.029,-6.47,-2.456,2.617,7.747,-17.756,0.1987
10.966,-6.47,-2.456,2.617,7.747,-17.756,0.1925
-12.915,-11.82,15.946,8.69,4.061,-15.987,0.0683
-9.367,-11.82,15.946,8.69,4.061,-15.987,0.1122
-7.401,-11.82,15.946,8.69,4.061,-15.987,0.132
-5.242,-11.82,15.946,8.69,4.061,-15.987,0.1503
-3.924,-11.82,15.946,8.69,4.061,-15.987,0.1597
2.208,-11.82,15.946,8.69,4.061,-15.987,0.1845
2.321,-11.82,15.946,8.69,4.061,-15.987,0.1846
2.349,-11.82,15.946,8.69,4.061,-15.987,0.1847
5.141,-11.82,15.946,8.69,4.061,-15.987,0.1831
9.125,-11.82,15.946,8.69,4.061,-15.987,0.1698
11.041,-11.82,15.946,8.69,4.061,-15.987,0.1594
13.8,-11.82,15.946,8.69,4.061,-15.987,0.1384
14.101,-11.82,15.946,8.69,4.061,-15.987,0.1357
14.356,-11.82,15.946,8.69,4.061,-15.987,0.1333
-13.27,5.2,2.351,15.799,5.387,-17.092,0.1068
-11.937,5.2,2.351,15.799,5.387,-17.092,0.1237
-11.745,5.2,2.351,15.799,5.387,-17.092,0.126
-8.325,5.2,2.351,15.799,5.387,-17.092,0.163
-6.655,5.2,2.351,15.799,5.387,-17.092,0.1788
-5.282,5.2,2.351,15.799,5.387,-17.092,0.1911
-4.031,5.2,2.351,15.799,5.387,-17.092,0.2015
-3.28,5.2,2.351,15.799,5.387,-17.092,0.2074
7.216,5.2,2.351,15.799,5.387,-17.092,0.2337
8.794,5.2,2.351,15.799,5.387,-17.092,0.2263
8.826,5.2,2.351,15.799,5.387,-17.092,0.2262
11.588,5.2,2.351,15.799,5.387,-17.092,0.2085
11.865,5.2,2.351,15.799,5.387,-17.092,0.2064
13.841,5.2,2.351,15.799,5.387,-17.092,0.1894
-13.22,-12.79,12.205,-6.973,10.775,6.562,0.1071
-12.283,-12.79,12.205,-6.973,10.775,6.562,0.1159
-11.226,-12.79,12.205,-6.973,10.775,6.562,0.1245
-10.83,-12.79,12.205,-6.973,10.775,6.562,0.1273
-9.028,-12.79,12.205,-6.973,10.775,6.562,0.1381
-3.784,-12.79,12.205,-6.973,10.775,6.562,0.1527
0.212,-12.79,12.205,-6.973,10.775,6.562,0.1506
0.837,-12.79,12.205,-6.973,10.775,6.562,0.1493
1.925,-12.79,12.205,-6.973,10.775,6.562,0.1465
2.006,-12.79,12.205,-6.973,10.775,6.562,0.1463
4.627,-12.79,12.205,-6.973,10.775,6.562,0.1364
5.291,-12.79,12.205,-6.973,10.775,6.562,0.1329
7.582,-12.79,12.205,-6.973,10.775,6.562,0.1183
14.159,-12.79,12.205,-6.973,10.775,6.562,0.0519
-12.619,-0.2,-7.668,-17.24,9.354,13.941,0.2226
-11.624,-0.2,-7.668,-17.24,9.354,13.941,0.2302
-10.719,-0.2,-7.668,-17.24,9.354,13.941,0.2364
-9.739,-0.2,-7.668,-17.24,9.354,13.941,0.2422
-4.868,-0.2,-7.668,-17.24,9.354,13.941,0.2579
2.086,-0.2,-7.668,-17.24,9.354,13.941,0.2318
3.239,-0.2,-7.668,-17.24,9.354,13.941,0.2242
5.369,-0.2,-7.668,-17.24,9.354,13.941,0.2084
5.483,-0.2,-7.668,-17.24,9.354,13.941,0.2075
6.132,-0.2,-7.668,-17.24,9.354,13.941,0.2022
7.933,-0.2,-7.668,-17.24,9.354,13.941,0.1864
8.354,-0.2,-7.668,-17.24,9.354,13.941,0.1825
9.321,-0.2,-7.668,-17.24,9.354,13.941,0.1732
9.809,-0.2,-7.668,-17.24,9.354,13.941,0.1683
-10.902,-3.8,-9.859,-14.294,-11.163,2.301,0.1949
-10.146,-3.8,-9.859,-14.294,-11.163,2.301,0.1994
-6.975,-3.8,-9.859,-14.294,-11.163,2.301,0.212
-6.033,-3.8,-9.859,-14.294,-11.163,2.301,0.2135
-3.857,-3.8,-9.859,-14.294,-11.163,2.301,0.2135
-3.76,-3.8,-9.859,-14.294,-11.163,2.301,0.2134
-1.026,-3.8,-9.859,-14.294,-11.163,2.301,0.2081
0.553,-3.8,-9.859,-14.294,-11.163,2.301,0.2034
1.266,-3.8,-9.859,-14.294,-11.163,2.301,0.2009
1.6,-3.8,-9.859,-14.294,-11.163,2.301,0.1996
4.667,-3.8,-9.859,-14.294,-11.163,2.301,0.1864
5.297,-3.8,-9.859,-14.294,-11.163,2.301,0.1831
7.736,-3.8,-9.859,-14.294,-11.163,2.301,0.1684
8.179,-3.8,-9.859,-14.294,-11.163,2.301,0.1653
-14.711,-7.5,-10.709,8.655,14.991,3.973,0.1393
-12.694,-7.5,-10.709,8.655,14.991,3.973,0.1643
-5.793,-7.5,-10.709,8.655,14.991,3.973,0.2152
-2.018,-7.5,-10.709,8.655,14.991,3.973,0.2257
-1.911,-7.5,-10.709,8.655,14.991,3.973,0.2259
2.42,-7.5,-10.709,8.655,14.991,3.973,0.2295
2.658,-7.5,-10.709,8.655,14.991,3.973,0.2294
4.293,-7.5,-10.709,8.655,14.991,3.973,0.2274
6.776,-7.5,-10.709,8.655,14.991,3.973,0.2205
7.729,-7.5,-10.709,8.655,14.991,3.973,0.2163
7.79,-7.5,-10.709,8.655,14.991,3.973,0.216
11.081,-7.5,-10.709,8.655,14.991,3.973,0.1938
11.686,-7.5,-10.709,8.655,14.991,3.973,0.1883
14.688,-7.5,-10.709,8.655,14.991,3.973,0.1551
-14.31,3.79,13.168,16.259,-18.921,1.257,0.1715
-11.407,3.79,13.168,16.259,-18.921,1.257,0.2049
-10.561,3.79,13.168,16.259,-18.921,1.257,0.213
-8.904,3.79,13.168,16.259,-18.921,1.257,0.2271
-8.162,3.79,13.168,16.259,-18.921,1.257,0.2327
-7.926,3.79,13.168,16.259,-18.921,1.257,0.2344
-4.186,3.79,13.168,16.259,-18.921,1.257,0.2563
-4.088,3.79,13.168,16.259,-18.921,1.257,0.2568
-1.977,3.79,13.168,16.259,-18.921,1.257,0.2653
-0.542,3.79,13.168,16.259,-18.921,1.257,0.2698
-0.145,3.79,13.168,16.259,-18.921,1.257,0.2709
4.794,3.79,13.168,16.259,-18.921,1.257,0.2744
6.965,3.79,13.168,16.259,-18.921,1.257,0.2681
8.432,3.79,13.168,16.259,-18.921,1.257,0.2609
-12.794,-13.84,-3.458,2.823,-15.848,-3.676,0.0448
-9.102,-13.84,-3.458,2.823,-15.848,-3.676,0.0785
-8.711,-13.84,-3.458,2.823,-15.848,-3.676,0.0815
-4.756,-13.84,-3.458,2.823,-15.848,-3.676,0.1043
-4.751,-13.84,-3.458,2.823,-15.848,-3.676,0.1043
-4.423,-13.84,-3.458,2.823,-15.848,-3.676,0.1056
-2.249,-13.84,-3.458,2.823,-15.848,-3.676,0.1119
-0.987,-13.84,-3.458,2.823,-15.848,-3.676,0.1141
0.829,-13.84,-3.458,2.823,-15.848,-3.676,0.1153
5.113,-13.84,-3.458,2.823,-15.848,-3.676,0.1092
8.501,-13.84,-3.458,2.823,-15.848,-3.676,0.0952
10.961,-13.84,-3.458,2.823,-15.848,-3.676,0.0788
11.842,-13.84,-3.458,2.823,-15.848,-3.676,0.0716
12.762,-13.84,-3.458,2.823,-15.848,-3.676,0.0633
-14.795,-3.22,5.189,1.734,6.709,-2.614,0.0935
-13.84,-3.22,5.189,1.734,6.709,-2.614,0.1047
-9.976,-3.22,5.189,1.734,6.709,-2.614,0.1409
-7.19,-3.22,5.189,1.734,6.709,-2.614,0.1579
-1.867,-3.22,5.189,1.734,6.709,-2.614,0.173
0.306,-3.22,5.189,1.734,6.709,-2.614,0.1752
1.403,-3.22,5.189,1.734,6.709,-2.614,0.1757
2.064,-3.22,5.189,1.734,6.709,-2.614,0.1758
3.021,-3.22,5.189,1.734,6.709,-2.614,0.1757
3.387,-3.22,5.189,1.734,6.709,-2.614,0.1755
8.4,-3.22,5.189,1.734,6.709,-2.614,0.1645
8.729,-3.22,5.189,1.734,6.709,-2.614,0.1631
10.156,-3.22,5.189,1.734,6.709,-2.614,0.1557
10.422,-3.22,5.189,1.734,6.709,-2.614,0.1541
-14.795,0.93,14.097,5.256,-16.15,-19.161,0.1478
-13.712,0.93,14.097,5.256,-16.15,-19.161,0.1628
-13.13,0.93,14.097,5.256,-16.15,-19.161,0.1703
-10.046,0.93,14.097,5.256,-16.15,-19.161,0.2053
-10.003,0.93,14.097,5.256,-16.15,-19.161,0.2057
-6.755,0.93,14.097,5.256,-16.15,-19.161,0.2343
-2.545,0.93,14.097,5.256,-16.15,-19.161,0.2604
4.902,0.93,14.097,5.256,-16.15,-19.161,0.2794
5.04,0.93,14.097,5.256,-16.15,-19.161,0.2793
7.981,0.93,14.097,5.256,-16.15,-19.161,0.2726
8.463,0.93,14.097,5.256,-16.15,-19.161,0.2708
11.627,0.93,14.097,5.256,-16.15,-19.161,0.2538
11.689,0.93,14.097,5.256,-16.15,-19.161,0.2533
11.696,0.93,14.097,5.256,-16.15,-19.161,0.2533
-14.675,8.95,-16.046,-3.594,1.724,-10.052,0.0699
-14.149,8.95,-16.046,-3.594,1.724,-10.052,0.0764
-12.278,8.95,-16.046,-3.594,1.724,-10.052,0.0974
-8.647,8.95,-16.046,-3.594,1.724,-10.052,0.1276
-8.6,8.95,-16.046,-3.594,1.724,-10.052,0.1279
-8.199,8.95,-16.046,-3.594,1.724,-10.052,0.1304
-4.494,8.95,-16.046,-3.594,1.724,-10.052,0.1478
-3.606,8.95,-16.046,-3.594,1.724,-10.052,0.1507
1.855,8.95,-16.046,-3.594,1.724,-10.052,0.1594
2.988,8.95,-16.046,-3.594,1.724,-10.052,0.159
3.365,8.95,-16.046,-3.594,1.724,-10.052,0.1587
12.47,8.95,-16.046,-3.594,1.724,-10.052,0.1194
13.159,8.95,-16.046,-3.594,1.724,-10.052,0.1131
14.169,8.95,-16.046,-3.594,1.724,-10.052,0.1031
-14.158,-9.69,-1.058,14.963,-16.509,-5.422,0.0772
-11.306,-9.69,-1.058,14.963,-16.509,-5.422,0.1104
-8.909,-9.69,-1.058,14.963,-16.509,-5.422,0.1327
-7.472,-9.69,-1.058,14.963,-16.509,-5.422,0.1443
-7.068,-9.69,-1.058,14.963,-16.509,-5.422,0.1474
-5.082,-9.69,-1.058,14.963,-16.509,-5.422,0.161
-4.984,-9.69,-1.058,14.963,-16.509,-5.422,0.1616
-3.665,-9.69,-1.058,14.963,-16.509,-5.422,0.1692
-3.057,-9.69,-1.058,14.963,-16.509,-5.422,0.1721
3.402,-9.69,-1.058,14.963,-16.509,-5.422,0.189
8.001,-9.69,-1.058,14.963,-16.509,-5.422,0.1787
10.254,-9.69,-1.058,14.963,-16.509,-5.422,0.1659
10.976,-9.69,-1.058,14.963,-16.509,-5.422,0.1607
11.218,-9.69,-1.058,14.963,-16.509,-5.422,0.1589
-14.471,-12.03,-9.936,-0.263,-19.076,-19.41,0.0721
-14.416,-12.03,-9.936,-0.263,-19.076,-19.41,0.0728
-10.743,-12.03,-9.936,-0.263,-19.076,-19.41,0.1151
-9.279,-12.03,-9.936,-0.263,-19.076,-19.41,0.1291
-7.371,-12.03,-9.936,-0.263,-19.076,-19.41,0.1453
-7.064,-12.03,-9.936,-0.263,-19.076,-19.41,0.1477
-6.001,-12.03,-9.936,-0.263,-19.076,-19.41,0.1555
-4.395,-12.03,-9.936,-0.263,-19.076,-19.41,0.1663
-1.862,-12.03,-9.936,-0.263,-19.076,-19.41,0.1797
-0.685,-12.03,-9.936,-0.263,-19.076,-19.41,0.1843
-0.092,-12.03,-9.936,-0.263,-19.076,-19.41,0.1862
2.194,-12.03,-9.936,-0.263,-19.076,-19.41,0.1908
5.497,-12.03,-9.936,-0.263,-19.076,-19.41,0.1877
8.691,-12.03,-9.936,-0.263,-19.076,-19.41,0.1718
-14.471,9.03,5.567,11.407,-12.823,-13.897,0.0996
-11.557,9.03,5.567,11.407,-12.823,-13.897,0.1405
-11.002,9.03,5.567,11.407,-12.823,-13.897,0.1472
-10.037,9.03,5.567,11.407,-12.823,-13.897,0.158
-9.312,9.03,5.567,11.407,-12.823,-13.897,0.1655
-9.035,9.03,5.567,11.407,-12.823,-13.897,0.1682
-7.943,9.03,5.567,11.407,-12.823,-13.897,0.1784
-6.958,9.03,5.567,11.407,-12.823,-13.897,0.187
-4.954,9.03,5.567,11.407,-12.823,-13.897,0.2028
-4.097,9.03,5.567,11.407,-12.823,-13.897,0.2089
0.899,9.03,5.567,11.407,-12.823,-13.897,0.2356
2.683,9.03,5.567,11.407,-12.823,-13.897,0.2406
3.787,9.03,5.567,11.407,-12.823,-13.897,0.2422
5.26,9.03,5.567,11.407,-12.823,-13.897,0.2426
-10.796,-9.16,-3.447,-19.534,-5.428,19.674,0.2148
-9.862,-9.16,-3.447,-19.534,-5.428,19.674,0.2202
-7.397,-9.16,-3.447,-19.534,-5.428,19.674,0.2324
-6.318,-9.16,-3.447,-19.534,-5.428,19.674,0.2364
-6.124,-9.16,-3.447,-19.534,-5.428,19.674,0.2371
-5.891,-9.16,-3.447,-19.534,-5.428,19.674,0.2379
-5.019,-9.16,-3.447,-19.534,-5.428,19.674,0.2406
-4.362,-9.16,-3.447,-19.534,-5.428,19.674,0.2421
-3.029,-9.16,-3.447,-19.534,-5.428,19.674,0.2438
0.912,-9.16,-3.447,-19.534,-5.428,19.674,0.2331
4.416,-9.16,-3.447,-19.534,-5.428,19.674,0.2075
6.807,-9.16,-3.447,-19.534,-5.428,19.674,0.1837
7.164,-9.16,-3.447,-19.534,-5.428,19.674,0.1797
12.352,-9.16,-3.447,-19.534,-5.428,19.674,0.1113
-14.987,-5.4,-4.546,-1.514,19.303,-10.731,0.1347
-14.28,-5.4,-4.546,-1.514,19.303,-10.731,0.144
-11.491,-5.4,-4.546,-1.514,19.303,-10.731,0.1752
-7.505,-5.4,-4.546,-1.514,19.303,-10.731,0.2058
-7.243,-5.4,-4.546,-1.514,19.303,-10.731,0.2073
-5.274,-5.4,-4.546,-1.514,19.303,-10.731,0.217
-2.245,-5.4,-4.546,-1.514,19.303,-10.731,0.2278
-2.1,-5.4,-4.546,-1.514,19.303,-10.731,0.2282
-0.934,-5.4,-4.546,-1.514,19.303,-10.731,0.2311
-0.033,-5.4,-4.546,-1.514,19.303,-10.731,0.2329
1.396,-5.4,-4.546,-1.514,19.303,-10.731,0.2349
6.906,-5.4,-4.546,-1.514,19.303,-10.731,0.2298
8.363,-5.4,-4.546,-1.514,19.303,-10.731,0.2232
11.482,-5.4,-4.546,-1.514,19.303,-10.731,0.2013
-13.819,-6.64,7.205,-15.769,-19.67,12.269,0.1991
-11.955,-6.64,7.205,-15.769,-19.67,12.269,0.2128
-10.25,-6.64,7.205,-15.769,-19.67,12.269,0.2233
-5.893,-6.64,7.205,-15.769,-19.67,12.269,0.2393
-3.631,-6.64,7.205,-15.769,-19.67,12.269,0.2385
-2.829,-6.64,7.205,-15.769,-19.67,12.269,0.2367
0.814,-6.64,7.205,-15.769,-19.67,12.269,0.2217
0.818,-6.64,7.205,-15.769,-19.67,12.269,0.2217
1.021,-6.64,7.205,-15.769,-19.67,12.269,0.2206
2.243,-6.64,7.205,-15.769,-19.67,12.269,0.2134
3.145,-6.64,7.205,-15.769,-19.67,12.269,0.2074
3.235,-6.64,7.205,-15.769,-19.67,12.269,0.2068
3.399,-6.64,7.205,-15.769,-19.67,12.269,0.2056
9.981,-6.64,7.205,-15.769,-19.67,12.269,0.152
-14.527,6.01,17.789,-18.153,2.009,-3.784,0.1805
-10.973,6.01,17.789,-18.153,2.009,-3.784,0.2126
-9.161,6.01,17.789,-18.153,2.009,-3.784,0.2246
-6.111,6.01,17.789,-18.153,2.009,-3.784,0.2394
-5.557,6.01,17.789,-18.153,2.009,-3.784,0.2415
-3.91,6.01,17.789,-18.153,2.009,-3.784,0.2461
-1.654,6.01,17.789,-18.153,2.009,-3.784,0.2489
6.499,6.01,17.789,-18.153,2.009,-3.784,0.2213
6.79,6.01,17.789,-18.153,2.009,-3.784,0.2193
7.87,6.01,17.789,-18.153,2.009,-3.784,0.2117
9.169,6.01,17.789,-18.153,2.009,-3.784,0.2012
10.782,6.01,17.789,-18.153,2.009,-3.784,0.1864
12.184,6.01,17.789,-18.153,2.009,-3.784,0.1716
14.096,6.01,17.789,-18.153,2.009,-3.784,0.1485
-14.601,-8.87,9.72,-6.236,-2.832,17.693,0.1313
-13.934,-8.87,9.72,-6.236,-2.832,17.693,0.1381
-13.199,-8.87,9.72,-6.236,-2.832,17.693,0.1451
-12.011,-8.87,9.72,-6.236,-2.832,17.693,0.1553
-11.494,-8.87,9.72,-6.236,-2.832,17.693,0.1592
-11.164,-8.87,9.72,-6.236,-2.832,17.693,0.1615
-11.115,-8.87,9.72,-6.236,-2.832,17.693,0.1619
-8.077,-8.87,9.72,-6.236,-2.832,17.693,0.1793
-5.076,-8.87,9.72,-6.236,-2.832,17.693,0.1885
2.839,-8.87,9.72,-6.236,-2.832,17.693,0.1678
4.232,-8.87,9.72,-6.236,-2.832,17.693,0.1594
7.87,-8.87,9.72,-6.236,-2.832,17.693,0.1319
10.768,-8.87,9.72,-6.236,-2.832,17.693,0.1044
12.332,-8.87,9.72,-6.236,-2.832,17.693,0.0869
-14.645,-1.0,18.186,13.396,3.85,12.544,0.1478
-9.554,-1.0,18.186,13.396,3.85,12.544,0.1994
-7.903,-1.0,18.186,13.396,3.85,12.544,0.2091
-7.668,-1.0,18.186,13.396,3.85,12.544,0.2102
-6.269,-1.0,18.186,13.396,3.85,12.544,0.2156
-5.008,-1.0,18.186,13.396,3.85,12.544,0.219
-3.223,-1.0,18.186,13.396,3.85,12.544,0.222
3.46,-1.0,18.186,13.396,3.85,12.544,0.2228
3.994,-1.0,18.186,13.396,3.85,12.544,0.2222
6.387,-1.0,18.186,13.396,3.85,12.544,0.2169
6.895,-1.0,18.186,13.396,3.85,12.544,0.2152
9.065,-1.0,18.186,13.396,3.85,12.544,0.2045
11.019,-1.0,18.186,13.396,3.85,12.544,0.1897
12.304,-1.0,18.186,13.396,3.85,12.544,0.1777
-14.556,-5.27,-0.954,-10.02,12.321,-15.346,0.1388
-13.403,-5.27,-0.954,-10.02,12.321,-15.346,0.1541
-12.536,-5.27,-0.954,-10.02,12.321,-15.346,0.1648
-11.691,-5.27,-0.954,-10.02,12.321,-15.346,0.1744
-11.269,-5.27,-0.954,-10.02,12.321,-15.346,0.1789
-10.535,-5.27,-0.954,-10.02,12.321,-15.346,0.1862
-9.201,-5.27,-0.954,-10.02,12.321,-15.346,0.198
-7.32,-5.27,-0.954,-10.02,12.321,-15.346,0.2111
0.213,-5.27,-0.954,-10.02,12.321,-15.346,0.2341
1.038,-5.27,-0.954,-10.02,12.321,-15.346,0.2343
6.628,-5.27,-0.954,-10.02,12.321,-15.346,0.2216
11.204,-5.27,-0.954,-10.02,12.321,-15.346,0.1899
12.429,-5.27,-0.954,-10.02,12.321,-15.346,0.1784
12.668,-5.27,-0.954,-10.02,12.321,-15.346,0.176
-12.978,12.47,-17.349,10.637,-18.48,-16.156,0.0979
-12.837,12.47,-17.349,10.637,-18.48,-16.156,0.0998
-7.652,12.47,-17.349,10.637,-18.48,-16.156,0.1608
-6.594,12.47,-17.349,10.637,-18.48,-16.156,0.1708
-6.027,12.47,-17.349,10.637,-18.48,-16.156,0.1758
-0.785,12.47,-17.349,10.637,-18.48,-16.156,0.209
1.187,12.47,-17.349,10.637,-18.48,-16.156,0.2159
2.327,12.47,-17.349,10.637,-18.48,-16.156,0.2183
3.825,12.47,-17.349,10.637,-18.48,-16.156,0.2196
7.362,12.47,-17.349,10.637,-18.48,-16.156,0.2154
7.689,12.47,-17.349,10.637,-18.48,-16.156,0.2144
8.442,12.47,-17.349,10.637,-18.48,-16.156,0.2117
8.825,12.47,-17.349,10.637,-18.48,-16.156,0.2101
12.666,12.47,-17.349,10.637,-18.48,-16.156,0.1834
-14.555,-11.7,10.446,16.175,16.391,11.037,0.0996
-14.173,-11.7,10.446,16.175,16.391,11.037,0.1048
-13.437,-11.7,10.446,16.175,16.391,11.037,0.1145
-10.396,-11.7,10.446,16.175,16.391,11.037,0.1481
-10.297,-11.7,10.446,16.175,16.391,11.037,0.149
-9.966,-11.7,10.446,16.175,16.391,11.037,0.1519
-6.895,-11.7,10.446,16.175,16.391,11.037,0.1737
-4.033,-11.7,10.446,16.175,16.391,11.037,0.1866
-3.116,-11.7,10.446,16.175,16.391,11.037,0.1887
-2.207,-11.7,10.446,16.175,16.391,11.037,0.1903
0.858,-11.7,10.446,16.175,16.391,11.037,0.1918
3.65,-11.7,10.446,16.175,16.391,11.037,0.1878
7.901,-11.7,10.446,16.175,16.391,11.037,0.1727
13.361,-11.7,10.446,16.175,16.391,11.037,0.1247
-12.714,6.72,3.599,-6.465,-9.965,-14.702,0.1394
-12.465,6.72,3.599,-6.465,-9.965,-14.702,0.1424
-10.609,6.72,3.599,-6.465,-9.965,-14.702,0.1615
-10.091,6.72,3.599,-6.465,-9.965,-14.702,0.1661
-9.736,6.72,3.599,-6.465,-9.965,-14.702,0.1691
-3.659,6.72,3.599,-6.465,-9.965,-14.702,0.2028
0.251,6.72,3.599,-6.465,-9.965,-14.702,0.2122
2.284,6.72,3.599,-6.465,-9.965,-14.702,0.2137
6.479,6.72,3.599,-6.465,-9.965,-14.702,0.2062
6.915,6.72,3.599,-6.465,-9.965,-14.702,0.2043
9.184,6.72,3.599,-6.465,-9.965,-14.702,0.1904
9.252,6.72,3.599,-6.465,-9.965,-14.702,0.1899
11.18,6.72,3.599,-6.465,-9.965,-14.702,0.1738
13.298,6.72,3.599,-6.465,-9.965,-14.702,0.1518
