ALPHA,BETA,DEFL_1_1,DEFL_1_2,DEFL_1_3,DEFL_1_4,CLL
-14.974,-3.35,15.921,-3.662,7.202,-1.704,0.0051
-10.485,-3.35,15.921,-3.662,7.202,-1.704,0.0001
-8.861,-3.35,15.921,-3.662,7.202,-1.704,-0.0056
-5.75,-3.35,15.921,-3.662,7.202,-1.704,-0.0076
-2.185,-3.35,15.921,-3.662,7.202,-1.704,-0.0041
1.03,-3.35,15.921,-3.662,7.202,-1.704,-0.0027
1.527,-3.35,15.921,-3.662,7.202,-1.704,-0.003
2.278,-3.35,15.921,-3.662,7.202,-1.704,-0.0037
3.259,-3.35,15.921,-3.662,7.202,-1.704,-0.0053
4.902,-3.35,15.921,-3.662,7.202,-1.704,-0.0069
6.409,-3.35,15.921,-3.662,7.202,-1.704,-0.0073
7.044,-3.35,15.921,-3.662,7.202,-1.704,-0.008
10.638,-3.35,15.921,-3.662,7.202,-1.704,-0.004
13.398,-3.35,15.921,-3.662,7.202,-1.704,0.0018
-14.974,-3.35,15.921,-3.662,7.202,-1.704,0.0051
-10.485,-3.35,15.921,-3.662,7.202,-1.704,0.0001
-8.861,-3.35,15.921,-3.662,7.202,-1.704,-0.0056
-5.75,-3.35,15.921,-3.662,7.202,-1.704,-0.0076
-2.185,-3.35,15.921,-3.662,7.202,-1.704,-0.0041
1.03,-3.35,15.921,-3.662,7.202,-1.704,-0.0027
1.527,-3.35,15.921,-3.662,7.202,-1.704,-0.003
2.278,-3.35,15.921,-3.662,7.202,-1.704,-0.0037
3.259,-3.35,15.921,-3.662,7.202,-1.704,-0.0053
4.902,-3.35,15.921,-3.662,7.202,-1.704,-0.0069
6.409,-3.35,15.921,-3.662,7.202,-1.704,-0.0073
7.044,-3.35,15.921,-3.662,7.202,-1.704,-0.008
10.638,-3.35,15.921,-3.662,7.202,-1.704,-0.004
13.398,-3.35,15.921,-3.662,7.202,-1.704,0.0018
-14.015,-2.73,-6.255,-2.897,-14.703,1.506,-0.0025
-12.125,-2.73,-6.255,-2.897,-14.703,1.506,-0.0005
-10.768,-2.73,-6.255,-2.897,-14.703,1.506,0.002
-8.771,-2.73,-6.255,-2.897,-14.703,1.506,0.0078
-7.487,-2.73,-6.255,-2.897,-14.703,1.506,0.0098
-6.581,-2.73,-6.255,-2.897,-14.703,1.506,0.0078
-6.537,-2.73,-6.255,-2.897,-14.703,1.506,0.0077
-6.319,-2.73,-6.255,-2.897,-14.703,1.506,0.0074
-1.936,-2.73,-6.255,-2.897,-14.703,1.506,0.0036
-1.933,-2.73,-6.255,-2.897,-14.703,1.506,0.0036
5.286,-2.73,-6.255,-2.897,-14.703,1.506,0.0052
6.288,-2.73,-6.255,-2.897,-14.703,1.506,0.0055
10.475,-2.73,-6.255,-2.897,-14.703,1.506,0.0013
11.189,-2.73,-6.255,-2.897,-14.703,1.506,0.0001
-14.35,0.63,3.286,-10.896,7.617,-14.52,-0.0015
-12.337,0.63,3.286,-10.896,7.617,-14.52,-0.0077
-11.654,0.63,3.286,-10.896,7.617,-14.52,-0.0095
-10.186,0.63,3.286,-10.896,7.617,-14.52,-0.0084
-6.93,0.63,3.286,-10.896,7.617,-14.52,-0.0064
-4.059,0.63,3.286,-10.896,7.617,-14.52,-0.0021
-2.114,0.63,3.286,-10.896,7.617,-14.52,-0.0018
-1.953,0.63,3.286,-10.896,7.617,-14.52,-0.0019
-1.597,0.63,3.286,-10.896,7.617,-14.52,-0.0014
1.81,0.63,3.286,-10.896,7.617,-14.52,-0.0011
4.651,0.63,3.286,-10.896,7.617,-14.52,-0.0021
7.409,0.63,3.286,-10.896,7.617,-14.52,-0.0054
8.518,0.63,3.286,-10.896,7.617,-14.52,-0.0063
13.281,0.63,3.286,-10.896,7.617,-14.52,-0.001
-14.832,-14.19,-18.112,-6.04,-8.528,14.188,-0.0001
-11.57,-14.19,-18.112,-6.04,-8.528,14.188,-0.0009
-11.241,-14.19,-18.112,-6.04,-8.528,14.188,-0.0009
-8.857,-14.19,-18.112,-6.04,-8.528,14.188,-0.0006
-8.745,-14.19,-18.112,-6.04,-8.528,14.188,-0.0006
-6.99,-14.19,-18.112,-6.04,-8.528,14.188,0.0
-6.18,-14.19,-18.112,-6.04,-8.528,14.188,0.0004
-5.419,-14.19,-18.112,-6.04,-8.528,14.188,0.0008
-5.027,-14.19,-18.112,-6.04,-8.528,14.188,0.001
-4.531,-14.19,-18.112,-6.04,-8.528,14.188,0.0012
-2.798,-14.19,-18.112,-6.04,-8.528,14.188,0.0027
-1.436,-14.19,-18.112,-6.04,-8.528,14.188,0.004
8.581,-14.19,-18.112,-6.04,-8.528,14.188,0.0054
10.717,-14.19,-18.112,-6.04,-8.528,14.188,0.0041
-12.979,10.66,5.675,9.35,-18.812,6.279,-0.0046
-9.904,10.66,5.675,9.35,-18.812,6.279,-0.0042
-4.618,10.66,5.675,9.35,-18.812,6.279,0.008
-2.99,10.66,5.675,9.35,-18.812,6.279,0.011
-1.828,10.66,5.675,9.35,-18.812,6.279,0.012
-0.617,10.66,5.675,9.35,-18.812,6.279,0.0124
-0.262,10.66,5.675,9.35,-18.812,6.279,0.0125
2.444,10.66,5.675,9.35,-18.812,6.279,0.011
3.855,10.66,5.675,9.35,-18.812,6.279,0.0093
6.82,10.66,5.675,9.35,-18.812,6.279,0.0037
8.402,10.66,5.675,9.35,-18.812,6.279,0.0002
10.474,10.66,5.675,9.35,-18.812,6.279,-0.0033
11.211,10.66,5.675,9.35,-18.812,6.279,-0.0035
12.704,10.66,5.675,9.35,-18.812,6.279,-0.0025
-14.913,8.17,7.106,4.909,13.016,-9.838,0.0003
-13.593,8.17,7.106,4.909,13.016,-9.838,-0.0002
-13.179,8.17,7.106,4.909,13.016,-9.838,-0.0005
-10.271,8.17,7.106,4.909,13.016,-9.838,-0.0016
-9.099,8.17,7.106,4.909,13.016,-9.838,-0.0016
-3.683,8.17,7.106,4.909,13.016,-9.838,0.0011
-3.079,8.17,7.106,4.909,13.016,-9.838,0.0013
0.843,8.17,7.106,4.909,13.016,-9.838,0.0013
2.576,8.17,7.106,4.909,13.016,-9.838,0.0008
3.018,8.17,7.106,4.909,13.016,-9.838,0.0007
6.506,8.17,7.106,4.909,13.016,-9.838,0.0002
7.105,8.17,7.106,4.909,13.016,-9.838,0.0003
7.631,8.17,7.106,4.909,13.016,-9.838,0.0004
11.813,8.17,7.106,4.909,13.016,-9.838,0.0026
-14.464,-9.04,11.02,-6.519,-7.344,10.893,0.0022
-11.56,-9.04,11.02,-6.519,-7.344,10.893,0.0018
-10.346,-9.04,11.02,-6.519,-7.344,10.893,0.0019
-8.434,-9.04,11.02,-6.519,-7.344,10.893,0.001
-7.746,-9.04,11.02,-6.519,-7.344,10.893,0.0005
-4.661,-9.04,11.02,-6.519,-7.344,10.893,-0.0021
-1.476,-9.04,11.02,-6.519,-7.344,10.893,-0.0046
-0.476,-9.04,11.02,-6.519,-7.344,10.893,-0.0047
-0.315,-9.04,11.02,-6.519,-7.344,10.893,-0.0048
0.416,-9.04,11.02,-6.519,-7.344,10.893,-0.0047
2.106,-9.04,11.02,-6.519,-7.344,10.893,-0.0044
5.051,-9.04,11.02,-6.519,-7.344,10.893,-0.004
8.262,-9.04,11.02,-6.519,-7.344,10.893,-0.0019
8.557,-9.04,11.02,-6.519,-7.344,10.893,-0.0017
-10.457,0.22,18.768,-0.143,-0.124,16.002,0.0031
-9.347,0.22,18.768,-0.143,-0.124,16.002,0.0047
-7.976,0.22,18.768,-0.143,-0.124,16.002,0.0047
-4.655,0.22,18.768,-0.143,-0.124,16.002,0.0025
0.194,0.22,18.768,-0.143,-0.124,16.002,-0.0084
0.458,0.22,18.768,-0.143,-0.124,16.002,-0.0065
1.222,0.22,18.768,-0.143,-0.124,16.002,-0.0031
3.651,0.22,18.768,-0.143,-0.124,16.002,0.0029
4.569,0.22,18.768,-0.143,-0.124,16.002,0.0033
4.803,0.22,18.768,-0.143,-0.124,16.002,0.0034
5.488,0.22,18.768,-0.143,-0.124,16.002,0.0037
5.695,0.22,18.768,-0.143,-0.124,16.002,0.0037
9.909,0.22,18.768,-0.143,-0.124,16.002,0.0043
9.969,0.22,18.768,-0.143,-0.124,16.002,0.0042
-14.92,1.11,-5.672,-0.201,-16.505,-14.913,-0.0055
-11.99,1.11,-5.672,-0.201,-16.505,-14.913,-0.0045
-10.69,1.11,-5.672,-0.201,-16.505,-14.913,0.0003
-10.19,1.11,-5.672,-0.201,-16.505,-14.913,0.0022
-9.44,1.11,-5.672,-0.201,-16.505,-14.913,0.0056
-4.08,1.11,-5.672,-0.201,-16.505,-14.913,0.0132
-3.61,1.11,-5.672,-0.201,-16.505,-14.913,0.0119
-2.87,1.11,-5.672,-0.201,-16.505,-14.913,0.0112
-2.81,1.11,-5.672,-0.201,-16.505,-14.913,0.0112
6.67,1.11,-5.672,-0.201,-16.505,-14.913,0.011
9.99,1.11,-5.672,-0.201,-16.505,-14.913,0.0059
11.43,1.11,-5.672,-0.201,-16.505,-14.913,0.0014
12.69,1.11,-5.672,-0.201,-16.505,-14.913,-0.0022
12.7,1.11,-5.672,-0.201,-16.505,-14.913,-0.0023
-5.731,-5.73,4.443,-11.809,-2.109,-8.451,-0.0081
-5.362,-5.73,4.443,-11.809,-2.109,-8.451,-0.008
-5.216,-5.73,4.443,-11.809,-2.109,-8.451,-0.008
-5.142,-5.73,4.443,-11.809,-2.109,-8.451,-0.0079
-4.776,-5.73,4.443,-11.809,-2.109,-8.451,-0.0079
-3.67,-5.73,4.443,-11.809,-2.109,-8.451,-0.0072
-2.939,-5.73,4.443,-11.809,-2.109,-8.451,-0.0066
-2.316,-5.73,4.443,-11.809,-2.109,-8.451,-0.0062
-1.145,-5.73,4.443,-11.809,-2.109,-8.451,-0.0054
2.27,-5.73,4.443,-11.809,-2.109,-8.451,-0.0053
4.278,-5.73,4.443,-11.809,-2.109,-8.451,-0.0065
6.814,-5.73,4.443,-11.809,-2.109,-8.451,-0.0079
7.173,-5.73,4.443,-11.809,-2.109,-8.451,-0.008
8.888,-5.73,4.443,-11.809,-2.109,-8.451,-0.0088
-11.229,13.37,-10.582,-9.232,7.026,-12.613,-0.0026
-11.134,13.37,-10.582,-9.232,7.026,-12.613,-0.0026
-8.777,13.37,-10.582,-9.232,7.026,-12.613,-0.0027
-8.113,13.37,-10.582,-9.232,7.026,-12.613,-0.0028
-6.783,13.37,-10.582,-9.232,7.026,-12.613,-0.0032
-5.662,13.37,-10.582,-9.232,7.026,-12.613,-0.0037
-2.638,13.37,-10.582,-9.232,7.026,-12.613,-0.0069
-1.666,13.37,-10.582,-9.232,7.026,-12.613,-0.0075
0.644,13.37,-10.582,-9.232,7.026,-12.613,-0.0073
3.581,13.37,-10.582,-9.232,7.026,-12.613,-0.0095
4.786,13.37,-10.582,-9.232,7.026,-12.613,-0.0101
6.331,13.37,-10.582,-9.232,7.026,-12.613,-0.0095
9.37,13.37,-10.582,-9.232,7.026,-12.613,-0.0065
10.762,13.37,-10.582,-9.232,7.026,-12.613,-0.0053
-13.462,-6.25,16.286,-17.615,5.102,0.859,0.0063
-13.037,-6.25,16.286,-17.615,5.102,0.859,0.0068
-12.795,-6.25,16.286,-17.615,5.102,0.859,0.0072
-11.357,-6.25,16.286,-17.615,5.102,0.859,0.0102
-3.168,-6.25,16.286,-17.615,5.102,0.859,-0.0121
-3.058,-6.25,16.286,-17.615,5.102,0.859,-0.012
-2.02,-6.25,16.286,-17.615,5.102,0.859,-0.0109
-0.226,-6.25,16.286,-17.615,5.102,0.859,-0.0097
0.667,-6.25,16.286,-17.615,5.102,0.859,-0.0097
1.356,-6.25,16.286,-17.615,5.102,0.859,-0.0098
1.707,-6.25,16.286,-17.615,5.102,0.859,-0.0099
8.679,-6.25,16.286,-17.615,5.102,0.859,-0.0066
9.135,-6.25,16.286,-17.615,5.102,0.859,-0.0054
14.3,-6.25,16.286,-17.615,5.102,0.859,0.0006
-14.487,-10.24,-15.409,15.444,-14.52,4.696,0.0005
-12.529,-10.24,-15.409,15.444,-14.52,4.696,-0.0003
-5.501,-10.24,-15.409,15.444,-14.52,4.696,0.0004
-5.083,-10.24,-15.409,15.444,-14.52,4.696,0.0004
-3.096,-10.24,-15.409,15.444,-14.52,4.696,0.0005
-0.012,-10.24,-15.409,15.444,-14.52,4.696,0.0008
1.246,-10.24,-15.409,15.444,-14.52,4.696,0.0008
3.207,-10.24,-15.409,15.444,-14.52,4.696,0.0019
3.382,-10.24,-15.409,15.444,-14.52,4.696,0.0019
5.86,-10.24,-15.409,15.444,-14.52,4.696,0.0013
5.882,-10.24,-15.409,15.444,-14.52,4.696,0.0013
9.272,-10.24,-15.409,15.444,-14.52,4.696,-0.0002
12.106,-10.24,-15.409,15.444,-14.52,4.696,-0.0016
12.86,-10.24,-15.409,15.444,-14.52,4.696,-0.0019
-14.537,-12.1,-14.239,19.053,-4.9,-2.874,0.0033
-12.498,-12.1,-14.239,19.053,-4.9,-2.874,0.0031
-10.567,-12.1,-14.239,19.053,-4.9,-2.874,0.0034
-7.977,-12.1,-14.239,19.053,-4.9,-2.874,0.0054
-6.45,-12.1,-14.239,19.053,-4.9,-2.874,0.0054
-6.086,-12.1,-14.239,19.053,-4.9,-2.874,0.0048
-4.755,-12.1,-14.239,19.053,-4.9,-2.874,0.0027
-1.9,-12.1,-14.239,19.053,-4.9,-2.874,0.0005
-0.396,-12.1,-14.239,19.053,-4.9,-2.874,0.0003
5.296,-12.1,-14.239,19.053,-4.9,-2.874,0.0021
6.763,-12.1,-14.239,19.053,-4.9,-2.874,0.0028
9.376,-12.1,-14.239,19.053,-4.9,-2.874,0.004
11.717,-12.1,-14.239,19.053,-4.9,-2.874,0.0036
14.237,-12.1,-14.239,19.053,-4.9,-2.874,0.0014
-14.945,-10.52,-8.995,-12.327,-7.338,8.024,0.0009
-14.677,-10.52,-8.995,-12.327,-7.338,8.024,0.0008
-12.385,-10.52,-8.995,-12.327,-7.338,8.024,0.0001
-11.308,-10.52,-8.995,-12.327,-7.338,8.024,-0.0002
-7.024,-10.52,-8.995,-12.327,-7.338,8.024,-0.0038
-3.421,-10.52,-8.995,-12.327,-7.338,8.024,-0.0084
-1.772,-10.52,-8.995,-12.327,-7.338,8.024,-0.0098
-1.491,-10.52,-8.995,-12.327,-7.338,8.024,-0.0099
0.483,-10.52,-8.995,-12.327,-7.338,8.024,-0.0101
4.657,-10.52,-8.995,-12.327,-7.338,8.024,-0.0114
7.594,-10.52,-8.995,-12.327,-7.338,8.024,-0.0037
10.666,-10.52,-8.995,-12.327,-7.338,8.024,0.0013
11.75,-10.52,-8.995,-12.327,-7.338,8.024,0.0029
12.737,-10.52,-8.995,-12.327,-7.338,8.024,0.0008
-11.029,-2.17,-8.576,8.673,11.365,-1.332,-0.0023
-10.619,-2.17,-8.576,8.673,11.365,-1.332,-0.0036
-8.709,-2.17,-8.576,8.673,11.365,-1.332,-0.0108
-7.835,-2.17,-8.576,8.673,11.365,-1.332,-0.0116
-4.45,-2.17,-8.576,8.673,11.365,-1.332,-0.0132
0.015,-2.17,-8.576,8.673,11.365,-1.332,-0.0124
0.918,-2.17,-8.576,8.673,11.365,-1.332,-0.0128
1.004,-2.17,-8.576,8.673,11.365,-1.332,-0.0129
3.056,-2.17,-8.576,8.673,11.365,-1.332,-0.0151
5.009,-2.17,-8.576,8.673,11.365,-1.332,-0.0154
5.127,-2.17,-8.576,8.673,11.365,-1.332,-0.0155
5.593,-2.17,-8.576,8.673,11.365,-1.332,-0.0148
6.515,-2.17,-8.576,8.673,11.365,-1.332,-0.0124
7.473,-2.17,-8.576,8.673,11.365,-1.332,-0.0114
-8.499,5.3,18.951,8.73,-0.482,6.793,0.0122
-6.76,5.3,18.951,8.73,-0.482,6.793,0.0119
-6.189,5.3,18.951,8.73,-0.482,6.793,0.0122
-5.82,5.3,18.951,8.73,-0.482,6.793,0.012
2.022,5.3,18.951,8.73,-0.482,6.793,0.0109
4.345,5.3,18.951,8.73,-0.482,6.793,0.0111
4.658,5.3,18.951,8.73,-0.482,6.793,0.0111
4.712,5.3,18.951,8.73,-0.482,6.793,0.0111
4.822,5.3,18.951,8.73,-0.482,6.793,0.0111
9.33,5.3,18.951,8.73,-0.482,6.793,0.0116
9.354,5.3,18.951,8.73,-0.482,6.793,0.0117
9.663,5.3,18.951,8.73,-0.482,6.793,0.0119
13.235,5.3,18.951,8.73,-0.482,6.793,0.0124
14.016,5.3,18.951,8.73,-0.482,6.793,0.0077
-9.083,-13.09,1.303,11.661,-17.266,18.126,-0.0012
-8.141,-13.09,1.303,11.661,-17.266,18.126,-0.0014
-6.05,-13.09,1.303,11.661,-17.266,18.126,-0.0018
-1.517,-13.09,1.303,11.661,-17.266,18.126,0.0009
0.928,-13.09,1.303,11.661,-17.266,18.126,0.0026
2.684,-13.09,1.303,11.661,-17.266,18.126,0.0055
6.064,-13.09,1.303,11.661,-17.266,18.126,0.0033
7.371,-13.09,1.303,11.661,-17.266,18.126,0.0029
7.794,-13.09,1.303,11.661,-17.266,18.126,0.0028
8.499,-13.09,1.303,11.661,-17.266,18.126,0.0026
9.573,-13.09,1.303,11.661,-17.266,18.126,0.0024
10.905,-13.09,1.303,11.661,-17.266,18.126,0.0019
12.225,-13.09,1.303,11.661,-17.266,18.126,0.0013
12.744,-13.09,1.303,11.661,-17.266,18.126,0.0011
-13.933,-11.11,-11.626,19.77,-7.98,9.523,0.0028
-12.458,-11.11,-11.626,19.77,-7.98,9.523,0.0028
-11.162,-11.11,-11.626,19.77,-7.98,9.523,0.0029
-10.119,-11.11,-11.626,19.77,-7.98,9.523,0.0031
-3.708,-11.11,-11.626,19.77,-7.98,9.523,0.0013
-2.962,-11.11,-11.626,19.77,-7.98,9.523,0.0008
-2.503,-11.11,-11.626,19.77,-7.98,9.523,0.0008
-1.47,-11.11,-11.626,19.77,-7.98,9.523,0.0005
-1.396,-11.11,-11.626,19.77,-7.98,9.523,0.0005
-0.219,-11.11,-11.626,19.77,-7.98,9.523,0.0002
1.106,-11.11,-11.626,19.77,-7.98,9.523,0.0001
5.655,-11.11,-11.626,19.77,-7.98,9.523,0.0013
6.275,-11.11,-11.626,19.77,-7.98,9.523,0.0014
6.955,-11.11,-11.626,19.77,-7.98,9.523,0.0014
-12.439,-10.1,-5.712,6.248,1.05,18.233,0.0046
-11.714,-10.1,-5.712,6.248,1.05,18.233,0.005
-11.386,-10.1,-5.712,6.248,1.05,18.233,0.0052
-10.968,-10.1,-5.712,6.248,1.05,18.233,0.0056
-6.353,-10.1,-5.712,6.248,1.05,18.233,0.0036
-4.166,-10.1,-5.712,6.248,1.05,18.233,0.0003
-2.698,-10.1,-5.712,6.248,1.05,18.233,-0.0013
0.54,-10.1,-5.712,6.248,1.05,18.233,-0.0028
3.248,-10.1,-5.712,6.248,1.05,18.233,-0.0005
3.527,-10.1,-5.712,6.248,1.05,18.233,-0.0003
5.645,-10.1,-5.712,6.248,1.05,18.233,0.0024
6.372,-10.1,-5.712,6.248,1.05,18.233,0.0034
9.373,-10.1,-5.712,6.248,1.05,18.233,0.0096
9.517,-10.1,-5.712,6.248,1.05,18.233,0.0098
-5.957,-7.79,14.613,0.003,-19.644,9.977,0.0128
-4.687,-7.79,14.613,0.003,-19.644,9.977,0.0101
-1.102,-7.79,14.613,0.003,-19.644,9.977,0.0095
0.027,-7.79,14.613,0.003,-19.644,9.977,0.0096
3.282,-7.79,14.613,0.003,-19.644,9.977,0.0094
4.903,-7.79,14.613,0.003,-19.644,9.977,0.0077
4.932,-7.79,14.613,0.003,-19.644,9.977,0.0076
5.68,-7.79,14.613,0.003,-19.644,9.977,0.0065
6.518,-7.79,14.613,0.003,-19.644,9.977,0.0051
9.403,-7.79,14.613,0.003,-19.644,9.977,0.0005
10.515,-7.79,14.613,0.003,-19.644,9.977,-0.0013
12.397,-7.79,14.613,0.003,-19.644,9.977,-0.003
12.741,-7.79,14.613,0.003,-19.644,9.977,-0.0031
13.895,-7.79,14.613,0.003,-19.644,9.977,-0.0032
-14.477,-8.94,-9.676,-8.605,-11.772,-14.028,-0.0013
-9.807,-8.94,-9.676,-8.605,-11.772,-14.028,-0.0037
-8.545,-8.94,-9.676,-8.605,-11.772,-14.028,-0.0047
-6.264,-8.94,-9.676,-8.605,-11.772,-14.028,-0.0064
-1.741,-8.94,-9.676,-8.605,-11.772,-14.028,-0.0081
-0.277,-8.94,-9.676,-8.605,-11.772,-14.028,-0.0076
0.708,-8.94,-9.676,-8.605,-11.772,-14.028,-0.0072
1.132,-8.94,-9.676,-8.605,-11.772,-14.028,-0.007
4.195,-8.94,-9.676,-8.605,-11.772,-14.028,-0.0052
5.826,-8.94,-9.676,-8.605,-11.772,-14.028,-0.0044
6.539,-8.94,-9.676,-8.605,-11.772,-14.028,-0.004
8.16,-8.94,-9.676,-8.605,-11.772,-14.028,-0.0034
11.512,-8.94,-9.676,-8.605,-11.772,-14.028,-0.0021
13.993,-8.94,-9.676,-8.605,-11.772,-14.028,-0.0032
-11.173,-5.78,1.149,-4.525,13.196,9.883,0.011
-7.914,-5.78,1.149,-4.525,13.196,9.883,-0.0038
-7.453,-5.78,1.149,-4.525,13.196,9.883,-0.006
-7.251,-5.78,1.149,-4.525,13.196,9.883,-0.007
-4.244,-5.78,1.149,-4.525,13.196,9.883,-0.017
-1.008,-5.78,1.149,-4.525,13.196,9.883,-0.0146
-0.483,-5.78,1.149,-4.525,13.196,9.883,-0.0145
1.079,-5.78,1.149,-4.525,13.196,9.883,-0.0145
2.358,-5.78,1.149,-4.525,13.196,9.883,-0.0147
5.102,-5.78,1.149,-4.525,13.196,9.883,-0.0155
10.05,-5.78,1.149,-4.525,13.196,9.883,-0.0002
10.193,-5.78,1.149,-4.525,13.196,9.883,0.0004
10.582,-5.78,1.149,-4.525,13.196,9.883,0.0018
10.67,-5.78,1.149,-4.525,13.196,9.883,0.0021
-12.508,-13.33,-12.68,-19.217,-7.746,12.712,-0.0009
-11.943,-13.33,-12.68,-19.217,-7.746,12.712,-0.001
-9.368,-13.33,-12.68,-19.217,-7.746,12.712,-0.0011
-6.46,-13.33,-12.68,-19.217,-7.746,12.712,-0.0005
-5.318,-13.33,-12.68,-19.217,-7.746,12.712,-0.0001
-3.722,-13.33,-12.68,-19.217,-7.746,12.712,0.0
3.95,-13.33,-12.68,-19.217,-7.746,12.712,0.0005
5.823,-13.33,-12.68,-19.217,-7.746,12.712,-0.0014
6.11,-13.33,-12.68,-19.217,-7.746,12.712,-0.0021
7.194,-13.33,-12.68,-19.217,-7.746,12.712,-0.0093
7.214,-13.33,-12.68,-19.217,-7.746,12.712,-0.0087
8.835,-13.33,-12.68,-19.217,-7.746,12.712,0.0026
10.871,-13.33,-12.68,-19.217,-7.746,12.712,0.0054
13.058,-13.33,-12.68,-19.217,-7.746,12.712,0.0013
-14.235,6.42,1.32,19.379,16.791,-19.211,0.0043
-12.573,6.42,1.32,19.379,16.791,-19.211,0.0008
-11.414,6.42,1.32,19.379,16.791,-19.211,-0.0018
-10.169,6.42,1.32,19.379,16.791,-19.211,-0.0046
-8.181,6.42,1.32,19.379,16.791,-19.211,-0.0085
-0.251,6.42,1.32,19.379,16.791,-19.211,-0.0025
0.422,6.42,1.32,19.379,16.791,-19.211,-0.0027
2.108,6.42,1.32,19.379,16.791,-19.211,-0.0033
3.692,6.42,1.32,19.379,16.791,-19.211,-0.0037
4.355,6.42,1.32,19.379,16.791,-19.211,-0.0039
5.654,6.42,1.32,19.379,16.791,-19.211,-0.0043
5.715,6.42,1.32,19.379,16.791,-19.211,-0.0043
8.88,6.42,1.32,19.379,16.791,-19.211,-0.001
11.146,6.42,1.32,19.379,16.791,-19.211,0.0022
-14.498,7.61,-8.06,14.805,-12.908,6.365,-0.0065
-12.664,7.61,-8.06,14.805,-12.908,6.365,-0.0078
-11.721,7.61,-8.06,14.805,-12.908,6.365,-0.0076
-9.325,7.61,-8.06,14.805,-12.908,6.365,0.0016
-8.516,7.61,-8.06,14.805,-12.908,6.365,0.0049
-8.003,7.61,-8.06,14.805,-12.908,6.365,0.0071
-7.536,7.61,-8.06,14.805,-12.908,6.365,0.0091
-5.886,7.61,-8.06,14.805,-12.908,6.365,0.0154
-4.021,7.61,-8.06,14.805,-12.908,6.365,0.0181
1.486,7.61,-8.06,14.805,-12.908,6.365,0.015
3.487,7.61,-8.06,14.805,-12.908,6.365,0.0157
4.871,7.61,-8.06,14.805,-12.908,6.365,0.0155
4.967,7.61,-8.06,14.805,-12.908,6.365,0.0155
9.956,7.61,-8.06,14.805,-12.908,6.365,0.0011
-14.834,7.28,11.33,-7.08,1.519,15.741,-0.0042
-11.361,7.28,11.33,-7.08,1.519,15.741,0.0017
-9.854,7.28,11.33,-7.08,1.519,15.741,0.004
-9.482,7.28,11.33,-7.08,1.519,15.741,0.0047
-3.892,7.28,11.33,-7.08,1.519,15.741,0.0126
-2.609,7.28,11.33,-7.08,1.519,15.741,0.0123
3.5,7.28,11.33,-7.08,1.519,15.741,0.0112
4.539,7.28,11.33,-7.08,1.519,15.741,0.0113
5.373,7.28,11.33,-7.08,1.519,15.741,0.0113
10.278,7.28,11.33,-7.08,1.519,15.741,0.0093
11.86,7.28,11.33,-7.08,1.519,15.741,0.0068
12.079,7.28,11.33,-7.08,1.519,15.741,0.0064
12.096,7.28,11.33,-7.08,1.519,15.741,0.0064
13.305,7.28,11.33,-7.08,1.519,15.741,0.0047
-14.753,7.25,0.336,-8.796,-12.918,-8.191,-0.0077
-12.133,7.25,0.336,-8.796,-12.918,-8.191,-0.0112
-11.065,7.25,0.336,-8.796,-12.918,-8.191,-0.0154
-7.169,7.25,0.336,-8.796,-12.918,-8.191,0.0006
-3.856,7.25,0.336,-8.796,-12.918,-8.191,0.0158
-3.055,7.25,0.336,-8.796,-12.918,-8.191,0.0177
-2.852,7.25,0.336,-8.796,-12.918,-8.191,0.018
-2.14,7.25,0.336,-8.796,-12.918,-8.191,0.0183
-0.597,7.25,0.336,-8.796,-12.918,-8.191,0.0176
-0.203,7.25,0.336,-8.796,-12.918,-8.191,0.0175
0.029,7.25,0.336,-8.796,-12.918,-8.191,0.0174
1.457,7.25,0.336,-8.796,-12.918,-8.191,0.0172
5.9,7.25,0.336,-8.796,-12.918,-8.191,0.0105
6.095,7.25,0.336,-8.796,-12.918,-8.191,0.0098
-14.475,-12.13,11.347,15.802,-14.101,12.127,0.0022
-14.019,-12.13,11.347,15.802,-14.101,12.127,0.0021
-6.24,-12.13,11.347,15.802,-14.101,12.127,0.0008
-4.335,-12.13,11.347,15.802,-14.101,12.127,0.001
-4.077,-12.13,11.347,15.802,-14.101,12.127,0.0011
-2.294,-12.13,11.347,15.802,-14.101,12.127,0.0018
-1.612,-12.13,11.347,15.802,-14.101,12.127,0.0021
-0.669,-12.13,11.347,15.802,-14.101,12.127,0.0024
0.477,-12.13,11.347,15.802,-14.101,12.127,0.0027
5.771,-12.13,11.347,15.802,-14.101,12.127,0.0042
6.978,-12.13,11.347,15.802,-14.101,12.127,0.0044
9.467,-12.13,11.347,15.802,-14.101,12.127,0.0031
9.915,-12.13,11.347,15.802,-14.101,12.127,0.0028
13.072,-12.13,11.347,15.802,-14.101,12.127,0.001
-14.726,8.37,-12.996,19.792,19.435,-15.437,0.0029
-14.17,8.37,-12.996,19.792,19.435,-15.437,0.0032
-11.174,8.37,-12.996,19.792,19.435,-15.437,-0.0022
-4.918,8.37,-12.996,19.792,19.435,-15.437,-0.0061
-2.264,8.37,-12.996,19.792,19.435,-15.437,-0.0055
-2.22,8.37,-12.996,19.792,19.435,-15.437,-0.0055
0.517,8.37,-12.996,19.792,19.435,-15.437,-0.0057
4.522,8.37,-12.996,19.792,19.435,-15.437,-0.0054
5.359,8.37,-12.996,19.792,19.435,-15.437,-0.0046
7.426,8.37,-12.996,19.792,19.435,-15.437,-0.0018
9.462,8.37,-12.996,19.792,19.435,-15.437,0.0009
11.432,8.37,-12.996,19.792,19.435,-15.437,0.0035
11.978,8.37,-12.996,19.792,19.435,-15.437,0.0039
12.096,8.37,-12.996,19.792,19.435,-15.437,0.0039
-11.855,6.64,0.826,-19.082,2.839,-4.227,-0.0022
-11.245,6.64,0.826,-19.082,2.839,-4.227,-0.0019
-10.199,6.64,0.826,-19.082,2.839,-4.227,-0.0012
-9.343,6.64,0.826,-19.082,2.839,-4.227,-0.0005
-9.034,6.64,0.826,-19.082,2.839,-4.227,-0.0002
-4.933,6.64,0.826,-19.082,2.839,-4.227,0.0039
-4.559,6.64,0.826,-19.082,2.839,-4.227,0.0039
-2.637,6.64,0.826,-19.082,2.839,-4.227,0.0043
-0.333,6.64,0.826,-19.082,2.839,-4.227,0.0047
2.698,6.64,0.826,-19.082,2.839,-4.227,0.0042
7.978,6.64,0.826,-19.082,2.839,-4.227,0.002
9.31,6.64,0.826,-19.082,2.839,-4.227,0.0005
12.211,6.64,0.826,-19.082,2.839,-4.227,-0.0007
12.54,6.64,0.826,-19.082,2.839,-4.227,-0.0009
-14.456,-8.26,14.237,-19.006,-17.726,7.581,-0.0013
-12.17,-8.26,14.237,-19.006,-17.726,7.581,-0.003
-11.567,-8.26,14.237,-19.006,-17.726,7.581,-0.0027
-9.387,-8.26,14.237,-19.006,-17.726,7.581,-0.0001
-7.948,-8.26,14.237,-19.006,-17.726,7.581,0.0015
-3.904,-8.26,14.237,-19.006,-17.726,7.581,0.003
-0.89,-8.26,14.237,-19.006,-17.726,7.581,0.0041
1.021,-8.26,14.237,-19.006,-17.726,7.581,0.0036
1.317,-8.26,14.237,-19.006,-17.726,7.581,0.0035
6.014,-8.26,14.237,-19.006,-17.726,7.581,0.0
6.151,-8.26,14.237,-19.006,-17.726,7.581,-0.0001
7.058,-8.26,14.237,-19.006,-17.726,7.581,-0.0006
7.235,-8.26,14.237,-19.006,-17.726,7.581,-0.0008
10.279,-8.26,14.237,-19.006,-17.726,7.581,-0.0034
-12.942,11.45,-4.195,-3.264,0.745,-19.01,-0.0051
-11.773,11.45,-4.195,-3.264,0.745,-19.01,-0.0053
-7.48,11.45,-4.195,-3.264,0.745,-19.01,-0.0103
-5.858,11.45,-4.195,-3.264,0.745,-19.01,-0.0076
-0.497,11.45,-4.195,-3.264,0.745,-19.01,-0.0013
3.024,11.45,-4.195,-3.264,0.745,-19.01,-0.003
3.257,11.45,-4.195,-3.264,0.745,-19.01,-0.0033
6.824,11.45,-4.195,-3.264,0.745,-19.01,-0.007
6.911,11.45,-4.195,-3.264,0.745,-19.01,-0.0071
6.972,11.45,-4.195,-3.264,0.745,-19.01,-0.0072
8.528,11.45,-4.195,-3.264,0.745,-19.01,-0.0095
10.071,11.45,-4.195,-3.264,0.745,-19.01,-0.0082
10.896,11.45,-4.195,-3.264,0.745,-19.01,-0.0065
11.818,11.45,-4.195,-3.264,0.745,-19.01,-0.005
-14.267,-11.13,-13.168,-16.532,11.671,0.206,0.0039
-13.879,-11.13,-13.168,-16.532,11.671,0.206,0.0038
-12.419,-11.13,-13.168,-16.532,11.671,0.206,0.0037
-10.415,-11.13,-13.168,-16.532,11.671,0.206,0.0039
-8.536,-11.13,-13.168,-16.532,11.671,0.206,0.0035
-3.541,-11.13,-13.168,-16.532,11.671,0.206,-0.0075
-1.473,-11.13,-13.168,-16.532,11.671,0.206,-0.0094
-1.301,-11.13,-13.168,-16.532,11.671,0.206,-0.0094
3.365,-11.13,-13.168,-16.532,11.671,0.206,-0.0068
5.964,-11.13,-13.168,-16.532,11.671,0.206,-0.0031
6.243,-11.13,-13.168,-16.532,11.671,0.206,-0.0026
11.719,-11.13,-13.168,-16.532,11.671,0.206,0.0016
11.758,-11.13,-13.168,-16.532,11.671,0.206,0.0016
13.765,-11.13,-13.168,-16.532,11.671,0.206,0.0001
-14.994,1.05,-3.508,7.015,5.92,2.724,0.0009
-13.758,1.05,-3.508,7.015,5.92,2.724,0.0
-11.252,1.05,-3.508,7.015,5.92,2.724,-0.0016
-7.216,1.05,-3.508,7.015,5.92,2.724,-0.0026
-6.462,1.05,-3.508,7.015,5.92,2.724,-0.0029
-5.28,1.05,-3.508,7.015,5.92,2.724,-0.0034
-4.88,1.05,-3.508,7.015,5.92,2.724,-0.0035
0.058,1.05,-3.508,7.015,5.92,2.724,-0.004
1.094,1.05,-3.508,7.015,5.92,2.724,-0.0044
3.656,1.05,-3.508,7.015,5.92,2.724,-0.0049
6.932,1.05,-3.508,7.015,5.92,2.724,-0.0031
7.815,1.05,-3.508,7.015,5.92,2.724,-0.0027
8.124,1.05,-3.508,7.015,5.92,2.724,-0.0026
8.317,1.05,-3.508,7.015,5.92,2.724,-0.0025
-11.009,-8.23,12.541,7.384,8.988,14.415,0.0114
-5.842,-8.23,12.541,7.384,8.988,14.415,0.0029
-2.857,-8.23,12.541,7.384,8.988,14.415,-0.0065
0.018,-8.23,12.541,7.384,8.988,14.415,-0.0117
0.293,-8.23,12.541,7.384,8.988,14.415,-0.0117
1.544,-8.23,12.541,7.384,8.988,14.415,-0.0111
2.003,-8.23,12.541,7.384,8.988,14.415,-0.0105
2.716,-8.23,12.541,7.384,8.988,14.415,-0.0092
3.475,-8.23,12.541,7.384,8.988,14.415,-0.0075
4.855,-8.23,12.541,7.384,8.988,14.415,-0.0037
6.264,-8.23,12.541,7.384,8.988,14.415,0.0004
6.909,-8.23,12.541,7.384,8.988,14.415,0.0022
9.007,-8.23,12.541,7.384,8.988,14.415,0.0088
9.809,-8.23,12.541,7.384,8.988,14.415,0.0124
-13.592,-0.61,-13.668,-0.32,-5.7,-6.849,-0.0012
-13.072,-0.61,-13.668,-0.32,-5.7,-6.849,-0.0008
-12.123,-0.61,-13.668,-0.32,-5.7,-6.849,-0.0003
-4.678,-0.61,-13.668,-0.32,-5.7,-6.849,0.0009
-3.839,-0.61,-13.668,-0.32,-5.7,-6.849,-0.0001
-3.57,-0.61,-13.668,-0.32,-5.7,-6.849,-0.0006
-3.395,-0.61,-13.668,-0.32,-5.7,-6.849,-0.0009
-3.312,-0.61,-13.668,-0.32,-5.7,-6.849,-0.0011
-2.989,-0.61,-13.668,-0.32,-5.7,-6.849,-0.0015
-1.341,-0.61,-13.668,-0.32,-5.7,-6.849,0.0028
0.289,-0.61,-13.668,-0.32,-5.7,-6.849,0.0051
2.932,-0.61,-13.668,-0.32,-5.7,-6.849,0.0004
3.099,-0.61,-13.668,-0.32,-5.7,-6.849,0.0001
10.41,-0.61,-13.668,-0.32,-5.7,-6.849,0.0012
-10.472,-14.68,-1.77,-19.988,-8.921,15.345,-0.0016
-8.607,-14.68,-1.77,-19.988,-8.921,15.345,-0.0016
-5.464,-14.68,-1.77,-19.988,-8.921,15.345,-0.0008
-4.872,-14.68,-1.77,-19.988,-8.921,15.345,-0.0006
-0.476,-14.68,-1.77,-19.988,-8.921,15.345,0.0026
0.723,-14.68,-1.77,-19.988,-8.921,15.345,0.0031
0.745,-14.68,-1.77,-19.988,-8.921,15.345,0.0031
1.732,-14.68,-1.77,-19.988,-8.921,15.345,0.0036
3.048,-14.68,-1.77,-19.988,-8.921,15.345,0.0043
6.123,-14.68,-1.77,-19.988,-8.921,15.345,0.0018
7.409,-14.68,-1.77,-19.988,-8.921,15.345,0.0037
8.952,-14.68,-1.77,-19.988,-8.921,15.345,0.0081
11.067,-14.68,-1.77,-19.988,-8.921,15.345,0.0038
11.657,-14.68,-1.77,-19.988,-8.921,15.345,0.0032
-14.602,-13.25,-1.204,-0.307,0.154,-10.419,0.0021
-12.109,-13.25,-1.204,-0.307,0.154,-10.419,0.0015
-11.745,-13.25,-1.204,-0.307,0.154,-10.419,0.0015
-9.802,-13.25,-1.204,-0.307,0.154,-10.419,0.002
-4.314,-13.25,-1.204,-0.307,0.154,-10.419,0.0032
-3.593,-13.25,-1.204,-0.307,0.154,-10.419,0.0025
-2.475,-13.25,-1.204,-0.307,0.154,-10.419,0.002
-1.319,-13.25,-1.204,-0.307,0.154,-10.419,0.0015
1.085,-13.25,-1.204,-0.307,0.154,-10.419,0.0012
3.403,-13.25,-1.204,-0.307,0.154,-10.419,0.0028
5.605,-13.25,-1.204,-0.307,0.154,-10.419,0.0044
9.779,-13.25,-1.204,-0.307,0.154,-10.419,0.0049
9.933,-13.25,-1.204,-0.307,0.154,-10.419,0.0048
10.736,-13.25,-1.204,-0.307,0.154,-10.419,0.0042
-13.373,-8.36,-19.922,1.309,-9.454,-4.245,-0.0003
-13.032,-8.36,-19.922,1.309,-9.454,-4.245,-0.0005
-6.553,-8.36,-19.922,1.309,-9.454,-4.245,-0.0056
-5.704,-8.36,-19.922,1.309,-9.454,-4.245,-0.0059
-5.128,-8.36,-19.922,1.309,-9.454,-4.245,-0.006
-1.216,-8.36,-19.922,1.309,-9.454,-4.245,-0.0062
1.582,-8.36,-19.922,1.309,-9.454,-4.245,-0.006
2.123,-8.36,-19.922,1.309,-9.454,-4.245,-0.0059
2.19,-8.36,-19.922,1.309,-9.454,-4.245,-0.0059
4.768,-8.36,-19.922,1.309,-9.454,-4.245,-0.0063
5.51,-8.36,-19.922,1.309,-9.454,-4.245,-0.0064
8.886,-8.36,-19.922,1.309,-9.454,-4.245,-0.0032
11.082,-8.36,-19.922,1.309,-9.454,-4.245,-0.0022
11.29,-8.36,-19.922,1.309,-9.454,-4.245,-0.0021
-14.753,12.71,-4.153,-14.97,-16.864,0.23,-0.0056
-14.453,12.71,-4.153,-14.97,-16.864,0.23,-0.0055
-13.846,12.71,-4.153,-14.97,-16.864,0.23,-0.0054
-13.29,12.71,-4.153,-14.97,-16.864,0.23,-0.0053
-9.713,12.71,-4.153,-14.97,-16.864,0.23,-0.006
-8.1,12.71,-4.153,-14.97,-16.864,0.23,-0.007
-4.753,12.71,-4.153,-14.97,-16.864,0.23,-0.0108
-4.398,12.71,-4.153,-14.97,-16.864,0.23,-0.0114
2.808,12.71,-4.153,-14.97,-16.864,0.23,-0.0152
3.11,12.71,-4.153,-14.97,-16.864,0.23,-0.0153
3.128,12.71,-4.153,-14.97,-16.864,0.23,-0.0153
6.059,12.71,-4.153,-14.97,-16.864,0.23,-0.0133
10.556,12.71,-4.153,-14.97,-16.864,0.23,-0.0074
11.073,12.71,-4.153,-14.97,-16.864,0.23,-0.0069
-14.965,12.56,6.488,-3.849,-19.262,-5.265,-0.0057
-9.556,12.56,6.488,-3.849,-19.262,-5.265,-0.0063
-7.56,12.56,6.488,-3.849,-19.262,-5.265,-0.0081
-6.088,12.56,6.488,-3.849,-19.262,-5.265,-0.0099
-2.505,12.56,6.488,-3.849,-19.262,-5.265,-0.0084
0.972,12.56,6.488,-3.849,-19.262,-5.265,-0.007
1.112,12.56,6.488,-3.849,-19.262,-5.265,-0.0071
2.678,12.56,6.488,-3.849,-19.262,-5.265,-0.0085
3.504,12.56,6.488,-3.849,-19.262,-5.265,-0.0097
5.719,12.56,6.488,-3.849,-19.262,-5.265,-0.0114
6.223,12.56,6.488,-3.849,-19.262,-5.265,-0.0116
6.683,12.56,6.488,-3.849,-19.262,-5.265,-0.0115
9.516,12.56,6.488,-3.849,-19.262,-5.265,-0.0085
9.904,12.56,6.488,-3.849,-19.262,-5.265,-0.008
-12.789,13.3,10.541,-18.151,-13.949,9.54,-0.0035
-11.809,13.3,10.541,-18.151,-13.949,9.54,-0.0034
-8.134,13.3,10.541,-18.151,-13.949,9.54,-0.0042
-7.963,13.3,10.541,-18.151,-13.949,9.54,-0.0043
-5.295,13.3,10.541,-18.151,-13.949,9.54,-0.0061
-2.001,13.3,10.541,-18.151,-13.949,9.54,-0.0093
-1.244,13.3,10.541,-18.151,-13.949,9.54,-0.0098
-0.449,13.3,10.541,-18.151,-13.949,9.54,-0.0102
1.59,13.3,10.541,-18.151,-13.949,9.54,-0.0108
1.706,13.3,10.541,-18.151,-13.949,9.54,-0.0108
3.106,13.3,10.541,-18.151,-13.949,9.54,-0.0113
8.464,13.3,10.541,-18.151,-13.949,9.54,-0.0076
11.428,13.3,10.541,-18.151,-13.949,9.54,-0.0049
13.299,13.3,10.541,-18.151,-13.949,9.54,-0.0034
-13.318,-8.96,9.896,-14.964,0.253,-11.287,0.0035
-10.996,-8.96,9.896,-14.964,0.253,-11.287,0.0034
-8.535,-8.96,9.896,-14.964,0.253,-11.287,-0.0027
-5.394,-8.96,9.896,-14.964,0.253,-11.287,-0.0114
-4.042,-8.96,9.896,-14.964,0.253,-11.287,-0.0141
-1.114,-8.96,9.896,-14.964,0.253,-11.287,-0.0148
-0.063,-8.96,9.896,-14.964,0.253,-11.287,-0.0145
1.196,-8.96,9.896,-14.964,0.253,-11.287,-0.0142
5.038,-8.96,9.896,-14.964,0.253,-11.287,-0.0129
6.485,-8.96,9.896,-14.964,0.253,-11.287,-0.0105
8.162,-8.96,9.896,-14.964,0.253,-11.287,-0.0065
10.484,-8.96,9.896,-14.964,0.253,-11.287,-0.0011
12.153,-8.96,9.896,-14.964,0.253,-11.287,0.0014
12.688,-8.96,9.896,-14.964,0.253,-11.287,0.0013
-10.554,11.5,13.412,2.594,0.731,8.479,-0.0019
-3.246,11.5,13.412,2.594,0.731,8.479,0.0058
1.003,11.5,13.412,2.594,0.731,8.479,0.0066
2.617,11.5,13.412,2.594,0.731,8.479,0.0055
4.39,11.5,13.412,2.594,0.731,8.479,0.004
4.59,11.5,13.412,2.594,0.731,8.479,0.0038
5.185,11.5,13.412,2.594,0.731,8.479,0.0031
5.262,11.5,13.412,2.594,0.731,8.479,0.0031
5.57,11.5,13.412,2.594,0.731,8.479,0.0027
7.711,11.5,13.412,2.594,0.731,8.479,0.0003
7.801,11.5,13.412,2.594,0.731,8.479,0.0002
8.214,11.5,13.412,2.594,0.731,8.479,-0.0003
10.523,11.5,13.412,2.594,0.731,8.479,-0.0023
11.893,11.5,13.412,2.594,0.731,8.479,-0.0018
-13.985,1.28,-0.381,-5.508,-16.949,-1.304,-0.0073
-11.839,1.28,-0.381,-5.508,-16.949,-1.304,-0.0038
-11.343,1.28,-0.381,-5.508,-16.949,-1.304,-0.0017
-6.609,1.28,-0.381,-5.508,-16.949,-1.304,0.0133
-6.226,1.28,-0.381,-5.508,-16.949,-1.304,0.0126
-3.932,1.28,-0.381,-5.508,-16.949,-1.304,0.014
-3.442,1.28,-0.381,-5.508,-16.949,-1.304,0.0125
-3.376,1.28,-0.381,-5.508,-16.949,-1.304,0.0124
6.421,1.28,-0.381,-5.508,-16.949,-1.304,0.012
7.731,1.28,-0.381,-5.508,-16.949,-1.304,0.0117
8.591,1.28,-0.381,-5.508,-16.949,-1.304,0.0103
9.442,1.28,-0.381,-5.508,-16.949,-1.304,0.0076
10.952,1.28,-0.381,-5.508,-16.949,-1.304,0.0026
11.843,1.28,-0.381,-5.508,-16.949,-1.304,-0.0002
-7.07,6.72,-7.342,4.907,10.227,-9.02,-0.0017
-4.962,6.72,-7.342,4.907,10.227,-9.02,-0.0007
-2.285,6.72,-7.342,4.907,10.227,-9.02,0.0
-1.93,6.72,-7.342,4.907,10.227,-9.02,0.0
-0.844,6.72,-7.342,4.907,10.227,-9.02,0.0
-0.076,6.72,-7.342,4.907,10.227,-9.02,0.0
1.421,6.72,-7.342,4.907,10.227,-9.02,-0.0001
4.32,6.72,-7.342,4.907,10.227,-9.02,-0.0004
5.27,6.72,-7.342,4.907,10.227,-9.02,-0.0005
5.719,6.72,-7.342,4.907,10.227,-9.02,-0.0006
7.662,6.72,-7.342,4.907,10.227,-9.02,-0.0007
9.414,6.72,-7.342,4.907,10.227,-9.02,-0.0003
10.878,6.72,-7.342,4.907,10.227,-9.02,0.0007
13.496,6.72,-7.342,4.907,10.227,-9.02,0.0023
-13.936,12.42,16.721,11.682,6.939,-18.368,-0.0018
-7.583,12.42,16.721,11.682,6.939,-18.368,-0.0029
-2.684,12.42,16.721,11.682,6.939,-18.368,0.0014
-2.367,12.42,16.721,11.682,6.939,-18.368,0.0014
0.023,12.42,16.721,11.682,6.939,-18.368,0.002
2.13,12.42,16.721,11.682,6.939,-18.368,0.002
5.43,12.42,16.721,11.682,6.939,-18.368,0.0014
6.834,12.42,16.721,11.682,6.939,-18.368,0.0014
6.846,12.42,16.721,11.682,6.939,-18.368,0.0014
7.007,12.42,16.721,11.682,6.939,-18.368,0.0015
9.049,12.42,16.721,11.682,6.939,-18.368,0.006
9.566,12.42,16.721,11.682,6.939,-18.368,0.0097
9.909,12.42,16.721,11.682,6.939,-18.368,0.005
11.591,12.42,16.721,11.682,6.939,-18.368,-0.0017
-14.285,-13.81,-18.345,13.866,9.681,-4.889,0.0041
-13.827,-13.81,-18.345,13.866,9.681,-4.889,0.0039
-11.588,-13.81,-18.345,13.866,9.681,-4.889,0.0037
-11.401,-13.81,-18.345,13.866,9.681,-4.889,0.0038
-1.17,-13.81,-18.345,13.866,9.681,-4.889,0.0105
-1.166,-13.81,-18.345,13.866,9.681,-4.889,0.0105
-0.123,-13.81,-18.345,13.866,9.681,-4.889,0.0105
0.821,-13.81,-18.345,13.866,9.681,-4.889,0.0105
0.902,-13.81,-18.345,13.866,9.681,-4.889,0.0105
1.71,-13.81,-18.345,13.866,9.681,-4.889,0.0107
2.267,-13.81,-18.345,13.866,9.681,-4.889,0.0109
2.334,-13.81,-18.345,13.866,9.681,-4.889,0.0109
4.459,-13.81,-18.345,13.866,9.681,-4.889,0.0114
6.861,-13.81,-18.345,13.866,9.681,-4.889,0.0101
-14.221,-14.42,-18.277,17.088,-19.05,-0.193,-0.0005
-12.692,-14.42,-18.277,17.088,-19.05,-0.193,-0.0011
-8.112,-14.42,-18.277,17.088,-19.05,-0.193,-0.0019
-5.697,-14.42,-18.277,17.088,-19.05,-0.193,-0.0021
-5.254,-14.42,-18.277,17.088,-19.05,-0.193,-0.0021
-2.912,-14.42,-18.277,17.088,-19.05,-0.193,-0.0014
1.499,-14.42,-18.277,17.088,-19.05,-0.193,0.0009
5.276,-14.42,-18.277,17.088,-19.05,-0.193,0.0021
6.198,-14.42,-18.277,17.088,-19.05,-0.193,0.002
6.312,-14.42,-18.277,17.088,-19.05,-0.193,0.002
7.375,-14.42,-18.277,17.088,-19.05,-0.193,0.0018
9.979,-14.42,-18.277,17.088,-19.05,-0.193,0.0009
11.163,-14.42,-18.277,17.088,-19.05,-0.193,0.0004
12.967,-14.42,-18.277,17.088,-19.05,-0.193,-0.0004
-13.512,-12.3,15.814,-4.315,4.223,-19.302,0.0028
-12.634,-12.3,15.814,-4.315,4.223,-19.302,0.0028
-11.4,-12.3,15.814,-4.315,4.223,-19.302,0.003
-2.998,-12.3,15.814,-4.315,4.223,-19.302,-0.0015
-2.965,-12.3,15.814,-4.315,4.223,-19.302,-0.0015
-2.838,-12.3,15.814,-4.315,4.223,-19.302,-0.0016
3.88,-12.3,15.814,-4.315,4.223,-19.302,0.002
4.313,-12.3,15.814,-4.315,4.223,-19.302,0.0026
4.366,-12.3,15.814,-4.315,4.223,-19.302,0.0027
10.478,-12.3,15.814,-4.315,4.223,-19.302,0.0055
10.77,-12.3,15.814,-4.315,4.223,-19.302,0.0051
12.054,-12.3,15.814,-4.315,4.223,-19.302,0.0039
12.126,-12.3,15.814,-4.315,4.223,-19.302,0.0038
13.184,-12.3,15.814,-4.315,4.223,-19.302,0.0028
-11.766,-7.88,1.195,-6.7,-3.416,9.103,0.0018
-11.186,-7.88,1.195,-6.7,-3.416,9.103,0.0014
-10.103,-7.88,1.195,-6.7,-3.416,9.103,0.0005
-8.118,-7.88,1.195,-6.7,-3.416,9.103,-0.0021
-7.66,-7.88,1.195,-6.7,-3.416,9.103,-0.0028
-7.602,-7.88,1.195,-6.7,-3.416,9.103,-0.0029
-7.208,-7.88,1.195,-6.7,-3.416,9.103,-0.0036
-5.327,-7.88,1.195,-6.7,-3.416,9.103,-0.0071
-3.158,-7.88,1.195,-6.7,-3.416,9.103,-0.0085
1.566,-7.88,1.195,-6.7,-3.416,9.103,-0.0073
2.34,-7.88,1.195,-6.7,-3.416,9.103,-0.0072
4.773,-7.88,1.195,-6.7,-3.416,9.103,-0.0077
5.081,-7.88,1.195,-6.7,-3.416,9.103,-0.0078
6.542,-7.88,1.195,-6.7,-3.416,9.103,-0.0075
-11.967,1.03,1.818,-6.028,13.546,15.341,0.0
-7.863,1.03,1.818,-6.028,13.546,15.341,-0.0102
-6.651,1.03,1.818,-6.028,13.546,15.341,-0.0085
-4.327,1.03,1.818,-6.028,13.546,15.341,-0.0086
-4.027,1.03,1.818,-6.028,13.546,15.341,-0.0086
-3.755,1.03,1.818,-6.028,13.546,15.341,-0.0082
-3.349,1.03,1.818,-6.028,13.546,15.341,-0.0078
-0.697,1.03,1.818,-6.028,13.546,15.341,-0.009
0.009,1.03,1.818,-6.028,13.546,15.341,-0.0088
0.92,1.03,1.818,-6.028,13.546,15.341,-0.0078
3.937,1.03,1.818,-6.028,13.546,15.341,-0.009
9.951,1.03,1.818,-6.028,13.546,15.341,-0.003
10.919,1.03,1.818,-6.028,13.546,15.341,-0.0009
11.456,1.03,1.818,-6.028,13.546,15.341,0.0002
-14.298,-12.97,-0.352,6.238,17.83,-11.621,0.0042
-13.508,-12.97,-0.352,6.238,17.83,-11.621,0.004
-9.859,-12.97,-0.352,6.238,17.83,-11.621,0.0048
-8.135,-12.97,-0.352,6.238,17.83,-11.621,0.006
-6.792,-12.97,-0.352,6.238,17.83,-11.621,0.0068
-4.562,-12.97,-0.352,6.238,17.83,-11.621,0.0055
3.175,-12.97,-0.352,6.238,17.83,-11.621,0.0039
3.42,-12.97,-0.352,6.238,17.83,-11.621,0.0043
5.383,-12.97,-0.352,6.238,17.83,-11.621,0.0064
9.306,-12.97,-0.352,6.238,17.83,-11.621,0.0075
11.446,-12.97,-0.352,6.238,17.83,-11.621,0.0055
11.609,-12.97,-0.352,6.238,17.83,-11.621,0.0054
12.575,-12.97,-0.352,6.238,17.83,-11.621,0.0045
12.998,-12.97,-0.352,6.238,17.83,-11.621,0.0042
-14.883,-1.36,10.599,-1.904,19.84,-9.062,0.0063
-10.911,-1.36,10.599,-1.904,19.84,-9.062,-0.0022
-8.993,-1.36,10.599,-1.904,19.84,-9.062,-0.0115
-2.132,-1.36,10.599,-1.904,19.84,-9.062,-0.007
-1.992,-1.36,10.599,-1.904,19.84,-9.062,-0.0071
1.755,-1.36,10.599,-1.904,19.84,-9.062,-0.0061
7.559,-1.36,10.599,-1.904,19.84,-9.062,-0.0114
7.703,-1.36,10.599,-1.904,19.84,-9.062,-0.0114
9.344,-1.36,10.599,-1.904,19.84,-9.062,-0.009
10.195,-1.36,10.599,-1.904,19.84,-9.062,-0.006
11.632,-1.36,10.599,-1.904,19.84,-9.062,-0.0008
12.692,-1.36,10.599,-1.904,19.84,-9.062,0.0037
13.254,-1.36,10.599,-1.904,19.84,-9.062,0.0061
13.618,-1.36,10.599,-1.904,19.84,-9.062,0.0068
-14.699,-3.39,4.109,5.968,19.66,-15.226,0.0088
-12.573,-3.39,4.109,5.968,19.66,-15.226,0.0063
-11.694,-3.39,4.109,5.968,19.66,-15.226,0.0018
-11.009,-3.39,4.109,5.968,19.66,-15.226,-0.0014
-9.901,-3.39,4.109,5.968,19.66,-15.226,-0.007
-4.406,-3.39,4.109,5.968,19.66,-15.226,-0.0179
-1.114,-3.39,4.109,5.968,19.66,-15.226,-0.0118
1.941,-3.39,4.109,5.968,19.66,-15.226,-0.0115
3.032,-3.39,4.109,5.968,19.66,-15.226,-0.0126
4.408,-3.39,4.109,5.968,19.66,-15.226,-0.0179
6.56,-3.39,4.109,5.968,19.66,-15.226,-0.0138
6.694,-3.39,4.109,5.968,19.66,-15.226,-0.0137
6.914,-3.39,4.109,5.968,19.66,-15.226,-0.0137
7.842,-3.39,4.109,5.968,19.66,-15.226,-0.0132
-14.359,4.13,-3.305,-17.641,18.893,-4.578,0.0024
-13.195,4.13,-3.305,-17.641,18.893,-4.578,0.0038
-12.289,4.13,-3.305,-17.641,18.893,-4.578,0.0006
-10.956,4.13,-3.305,-17.641,18.893,-4.578,-0.0038
-4.952,4.13,-3.305,-17.641,18.893,-4.578,-0.0114
-0.801,4.13,-3.305,-17.641,18.893,-4.578,-0.0072
-0.588,4.13,-3.305,-17.641,18.893,-4.578,-0.0071
0.701,4.13,-3.305,-17.641,18.893,-4.578,-0.0072
1.982,4.13,-3.305,-17.641,18.893,-4.578,-0.0084
4.503,4.13,-3.305,-17.641,18.893,-4.578,-0.0094
9.193,4.13,-3.305,-17.641,18.893,-4.578,-0.007
9.967,4.13,-3.305,-17.641,18.893,-4.578,-0.0046
11.284,4.13,-3.305,-17.641,18.893,-4.578,-0.001
12.416,4.13,-3.305,-17.641,18.893,-4.578,0.0016
-14.274,4.12,4.432,11.067,15.475,7.179,0.0013
-11.857,4.12,4.432,11.067,15.475,7.179,0.0015
-10.183,4.12,4.432,11.067,15.475,7.179,-0.0003
-9.615,4.12,4.432,11.067,15.475,7.179,-0.0009
-6.998,4.12,4.432,11.067,15.475,7.179,-0.0065
-4.236,4.12,4.432,11.067,15.475,7.179,-0.0044
-2.655,4.12,4.432,11.067,15.475,7.179,-0.0048
-0.94,4.12,4.432,11.067,15.475,7.179,-0.0053
0.776,4.12,4.432,11.067,15.475,7.179,-0.0054
2.104,4.12,4.432,11.067,15.475,7.179,-0.0054
5.156,4.12,4.432,11.067,15.475,7.179,-0.0046
8.893,4.12,4.432,11.067,15.475,7.179,-0.0014
12.933,4.12,4.432,11.067,15.475,7.179,0.0048
13.344,4.12,4.432,11.067,15.475,7.179,0.0054
-14.948,-5.47,-13.94,12.044,15.783,6.762,0.0079
-13.66,-5.47,-13.94,12.044,15.783,6.762,0.0098
-13.381,-5.47,-13.94,12.044,15.783,6.762,0.0104
-13.062,-5.47,-13.94,12.044,15.783,6.762,0.0113
-8.769,-5.47,-13.94,12.044,15.783,6.762,-0.0021
-7.694,-5.47,-13.94,12.044,15.783,6.762,-0.0081
-4.621,-5.47,-13.94,12.044,15.783,6.762,-0.0185
1.923,-5.47,-13.94,12.044,15.783,6.762,-0.0199
2.819,-5.47,-13.94,12.044,15.783,6.762,-0.0191
4.107,-5.47,-13.94,12.044,15.783,6.762,-0.0181
4.719,-5.47,-13.94,12.044,15.783,6.762,-0.0177
9.004,-5.47,-13.94,12.044,15.783,6.762,-0.0067
9.024,-5.47,-13.94,12.044,15.783,6.762,-0.0067
10.358,-5.47,-13.94,12.044,15.783,6.762,-0.002
-14.839,-11.0,-10.664,-13.606,14.859,19.798,0.0056
-10.969,-11.0,-10.664,-13.606,14.859,19.798,0.0055
-5.268,-11.0,-10.664,-13.606,14.859,19.798,0.005
-4.93,-11.0,-10.664,-13.606,14.859,19.798,0.0045
-2.203,-11.0,-10.664,-13.606,14.859,19.798,0.001
-0.529,-11.0,-10.664,-13.606,14.859,19.798,0.0002
-0.249,-11.0,-10.664,-13.606,14.859,19.798,0.0001
4.311,-11.0,-10.664,-13.606,14.859,19.798,0.0044
5.012,-11.0,-10.664,-13.606,14.859,19.798,0.0056
5.174,-11.0,-10.664,-13.606,14.859,19.798,0.0059
7.733,-11.0,-10.664,-13.606,14.859,19.798,0.009
10.956,-11.0,-10.664,-13.606,14.859,19.798,0.0054
12.511,-11.0,-10.664,-13.606,14.859,19.798,0.0035
12.941,-11.0,-10.664,-13.606,14.859,19.798,0.0031
-13.616,-9.26,5.724,4.623,12.867,-2.896,0.0074
-13.414,-9.26,5.724,4.623,12.867,-2.896,0.0076
-13.258,-9.26,5.724,4.623,12.867,-2.896,0.0077
-13.217,-9.26,5.724,4.623,12.867,-2.896,0.0077
-12.524,-9.26,5.724,4.623,12.867,-2.896,0.0083
-11.617,-9.26,5.724,4.623,12.867,-2.896,0.0094
-10.939,-9.26,5.724,4.623,12.867,-2.896,0.0108
-3.169,-9.26,5.724,4.623,12.867,-2.896,-0.0101
-2.533,-9.26,5.724,4.623,12.867,-2.896,-0.0115
-2.445,-9.26,5.724,4.623,12.867,-2.896,-0.0117
0.495,-9.26,5.724,4.623,12.867,-2.896,-0.0136
3.007,-9.26,5.724,4.623,12.867,-2.896,-0.0111
8.386,-9.26,5.724,4.623,12.867,-2.896,0.0027
12.74,-9.26,5.724,4.623,12.867,-2.896,0.0056
-14.269,3.53,11.707,-4.523,12.839,-0.516,0.0012
-12.421,3.53,11.707,-4.523,12.839,-0.516,0.0008
-6.873,3.53,11.707,-4.523,12.839,-0.516,-0.0052
0.065,3.53,11.707,-4.523,12.839,-0.516,0.0009
4.083,3.53,11.707,-4.523,12.839,-0.516,-0.0017
7.232,3.53,11.707,-4.523,12.839,-0.516,-0.0036
7.796,3.53,11.707,-4.523,12.839,-0.516,-0.004
10.427,3.53,11.707,-4.523,12.839,-0.516,-0.0007
10.875,3.53,11.707,-4.523,12.839,-0.516,0.0
11.768,3.53,11.707,-4.523,12.839,-0.516,0.0013
12.084,3.53,11.707,-4.523,12.839,-0.516,0.0018
12.21,3.53,11.707,-4.523,12.839,-0.516,0.002
13.108,3.53,11.707,-4.523,12.839,-0.516,0.0034
14.189,3.53,11.707,-4.523,12.839,-0.516,0.0043
-14.725,12.36,8.062,1.053,13.068,6.337,0.0007
-14.62,12.36,8.062,1.053,13.068,6.337,0.0007
-13.809,12.36,8.062,1.053,13.068,6.337,0.0012
-13.573,12.36,8.062,1.053,13.068,6.337,0.0013
-13.331,12.36,8.062,1.053,13.068,6.337,0.0014
-9.978,12.36,8.062,1.053,13.068,6.337,0.0021
-7.911,12.36,8.062,1.053,13.068,6.337,0.0029
-4.668,12.36,8.062,1.053,13.068,6.337,0.0067
-4.506,12.36,8.062,1.053,13.068,6.337,0.0072
1.635,12.36,8.062,1.053,13.068,6.337,0.0016
1.821,12.36,8.062,1.053,13.068,6.337,0.0015
2.228,12.36,8.062,1.053,13.068,6.337,0.0011
6.491,12.36,8.062,1.053,13.068,6.337,-0.002
6.682,12.36,8.062,1.053,13.068,6.337,-0.0022
-14.916,6.36,18.302,-14.657,18.823,12.229,0.002
-6.535,6.36,18.302,-14.657,18.823,12.229,-0.0012
-6.115,6.36,18.302,-14.657,18.823,12.229,-0.0021
-3.737,6.36,18.302,-14.657,18.823,12.229,-0.0072
1.095,6.36,18.302,-14.657,18.823,12.229,-0.0054
3.535,6.36,18.302,-14.657,18.823,12.229,-0.0056
5.038,6.36,18.302,-14.657,18.823,12.229,-0.0033
5.311,6.36,18.302,-14.657,18.823,12.229,-0.0029
5.462,6.36,18.302,-14.657,18.823,12.229,-0.0026
6.098,6.36,18.302,-14.657,18.823,12.229,-0.0016
8.494,6.36,18.302,-14.657,18.823,12.229,0.0016
8.584,6.36,18.302,-14.657,18.823,12.229,0.0017
11.981,6.36,18.302,-14.657,18.823,12.229,0.0051
13.035,6.36,18.302,-14.657,18.823,12.229,0.0045
-11.505,-0.21,-3.418,8.142,-9.263,17.126,0.004
-10.092,-0.21,-3.418,8.142,-9.263,17.126,0.0087
-6.904,-0.21,-3.418,8.142,-9.263,17.126,0.0079
-4.395,-0.21,-3.418,8.142,-9.263,17.126,0.0046
-2.651,-0.21,-3.418,8.142,-9.263,17.126,0.0033
-2.531,-0.21,-3.418,8.142,-9.263,17.126,0.0034
-2.111,-0.21,-3.418,8.142,-9.263,17.126,0.0047
0.092,-0.21,-3.418,8.142,-9.263,17.126,-0.0002
0.213,-0.21,-3.418,8.142,-9.263,17.126,-0.0005
0.677,-0.21,-3.418,8.142,-9.263,17.126,-0.0003
2.308,-0.21,-3.418,8.142,-9.263,17.126,0.0034
6.752,-0.21,-3.418,8.142,-9.263,17.126,0.0071
9.645,-0.21,-3.418,8.142,-9.263,17.126,0.0087
11.844,-0.21,-3.418,8.142,-9.263,17.126,0.0039
-13.96,9.12,-3.64,-3.615,-4.2,-11.271,-0.0062
-13.339,9.12,-3.64,-3.615,-4.2,-11.271,-0.0064
-7.965,9.12,-3.64,-3.615,-4.2,-11.271,-0.0058
-6.5,9.12,-3.64,-3.615,-4.2,-11.271,-0.0012
-2.069,9.12,-3.64,-3.615,-4.2,-11.271,0.0102
-1.116,9.12,-3.64,-3.615,-4.2,-11.271,0.0112
-0.443,9.12,-3.64,-3.615,-4.2,-11.271,0.0116
-0.294,9.12,-3.64,-3.615,-4.2,-11.271,0.0116
2.277,9.12,-3.64,-3.615,-4.2,-11.271,0.0102
5.542,9.12,-3.64,-3.615,-4.2,-11.271,0.0037
7.057,9.12,-3.64,-3.615,-4.2,-11.271,0.0002
10.049,9.12,-3.64,-3.615,-4.2,-11.271,-0.007
10.081,9.12,-3.64,-3.615,-4.2,-11.271,-0.0071
11.35,9.12,-3.64,-3.615,-4.2,-11.271,-0.0085
-14.943,11.95,-10.509,-17.069,-1.926,-3.665,-0.0048
-14.111,11.95,-10.509,-17.069,-1.926,-3.665,-0.0047
-11.584,11.95,-10.509,-17.069,-1.926,-3.665,-0.0049
-9.523,11.95,-10.509,-17.069,-1.926,-3.665,-0.0058
-3.169,11.95,-10.509,-17.069,-1.926,-3.665,-0.0123
-2.854,11.95,-10.509,-17.069,-1.926,-3.665,-0.0119
0.714,11.95,-10.509,-17.069,-1.926,-3.665,-0.0095
2.019,11.95,-10.509,-17.069,-1.926,-3.665,-0.0104
3.251,11.95,-10.509,-17.069,-1.926,-3.665,-0.0122
6.314,11.95,-10.509,-17.069,-1.926,-3.665,-0.0154
11.108,11.95,-10.509,-17.069,-1.926,-3.665,-0.0067
11.335,11.95,-10.509,-17.069,-1.926,-3.665,-0.0065
11.623,11.95,-10.509,-17.069,-1.926,-3.665,-0.0062
14.637,11.95,-10.509,-17.069,-1.926,-3.665,-0.003
-14.611,-2.53,-6.818,-9.133,-19.762,13.628,-0.0021
-9.522,-2.53,-6.818,-9.133,-19.762,13.628,0.0031
-8.298,-2.53,-6.818,-9.133,-19.762,13.628,0.0079
-4.674,-2.53,-6.818,-9.133,-19.762,13.628,0.0101
-2.885,-2.53,-6.818,-9.133,-19.762,13.628,0.0099
-2.1,-2.53,-6.818,-9.133,-19.762,13.628,0.0083
1.413,-2.53,-6.818,-9.133,-19.762,13.628,0.0075
1.911,-2.53,-6.818,-9.133,-19.762,13.628,0.0085
2.356,-2.53,-6.818,-9.133,-19.762,13.628,0.0095
6.14,-2.53,-6.818,-9.133,-19.762,13.628,0.0095
6.989,-2.53,-6.818,-9.133,-19.762,13.628,0.0096
10.893,-2.53,-6.818,-9.133,-19.762,13.628,-0.0005
11.402,-2.53,-6.818,-9.133,-19.762,13.628,-0.0019
13.13,-2.53,-6.818,-9.133,-19.762,13.628,-0.0057
-13.26,-11.09,12.007,13.662,-9.251,14.753,0.0031
-13.118,-11.09,12.007,13.662,-9.251,14.753,0.0031
-12.359,-11.09,12.007,13.662,-9.251,14.753,0.003
-7.1,-11.09,12.007,13.662,-9.251,14.753,0.0035
-4.887,-11.09,12.007,13.662,-9.251,14.753,0.003
-0.489,-11.09,12.007,13.662,-9.251,14.753,0.0024
1.359,-11.09,12.007,13.662,-9.251,14.753,0.0026
4.861,-11.09,12.007,13.662,-9.251,14.753,0.0038
5.358,-11.09,12.007,13.662,-9.251,14.753,0.004
7.175,-11.09,12.007,13.662,-9.251,14.753,0.0043
9.191,-11.09,12.007,13.662,-9.251,14.753,0.0044
9.973,-11.09,12.007,13.662,-9.251,14.753,0.0044
12.45,-11.09,12.007,13.662,-9.251,14.753,0.0027
12.727,-11.09,12.007,13.662,-9.251,14.753,0.0025
-14.472,0.74,18.767,-17.453,-1.75,13.68,-0.0006
-12.05,0.74,18.767,-17.453,-1.75,13.68,0.0008
-11.162,0.74,18.767,-17.453,-1.75,13.68,0.0015
-9.077,0.74,18.767,-17.453,-1.75,13.68,0.0043
-5.096,0.74,18.767,-17.453,-1.75,13.68,0.003
-0.229,0.74,18.767,-17.453,-1.75,13.68,-0.0027
0.842,0.74,18.767,-17.453,-1.75,13.68,-0.0002
4.791,0.74,18.767,-17.453,-1.75,13.68,0.0044
5.953,0.74,18.767,-17.453,-1.75,13.68,0.004
6.566,0.74,18.767,-17.453,-1.75,13.68,0.0038
8.405,0.74,18.767,-17.453,-1.75,13.68,0.0033
9.966,0.74,18.767,-17.453,-1.75,13.68,0.0031
13.919,0.74,18.767,-17.453,-1.75,13.68,0.0018
14.423,0.74,18.767,-17.453,-1.75,13.68,0.0015
-11.42,9.93,0.345,19.086,19.192,1.05,0.0055
-6.914,9.93,0.345,19.086,19.192,1.05,0.0037
-6.608,9.93,0.345,19.086,19.192,1.05,0.0036
-5.465,9.93,0.345,19.086,19.192,1.05,0.0034
-4.77,9.93,0.345,19.086,19.192,1.05,0.0033
-3.978,9.93,0.345,19.086,19.192,1.05,0.0031
-1.791,9.93,0.345,19.086,19.192,1.05,0.0022
-1.571,9.93,0.345,19.086,19.192,1.05,0.002
-0.172,9.93,0.345,19.086,19.192,1.05,0.0015
1.756,9.93,0.345,19.086,19.192,1.05,0.0014
2.742,9.93,0.345,19.086,19.192,1.05,0.0013
9.293,9.93,0.345,19.086,19.192,1.05,0.0036
10.209,9.93,0.345,19.086,19.192,1.05,0.0037
13.571,9.93,0.345,19.086,19.192,1.05,0.0037
-12.118,-5.53,12.18,11.667,-0.189,-8.697,0.0029
-10.481,-5.53,12.18,11.667,-0.189,-8.697,0.0008
-4.609,-5.53,12.18,11.667,-0.189,-8.697,-0.0049
-3.877,-5.53,12.18,11.667,-0.189,-8.697,-0.0047
-2.57,-5.53,12.18,11.667,-0.189,-8.697,-0.0051
-0.898,-5.53,12.18,11.667,-0.189,-8.697,-0.0047
0.49,-5.53,12.18,11.667,-0.189,-8.697,-0.0044
0.59,-5.53,12.18,11.667,-0.189,-8.697,-0.0044
2.56,-5.53,12.18,11.667,-0.189,-8.697,-0.0047
4.643,-5.53,12.18,11.667,-0.189,-8.697,-0.0046
4.981,-5.53,12.18,11.667,-0.189,-8.697,-0.0047
7.594,-5.53,12.18,11.667,-0.189,-8.697,-0.0058
7.778,-5.53,12.18,11.667,-0.189,-8.697,-0.0059
8.116,-5.53,12.18,11.667,-0.189,-8.697,-0.006
-10.235,-7.9,14.229,-3.23,-15.665,-6.755,0.002
-9.276,-7.9,14.229,-3.23,-15.665,-6.755,0.0031
-8.085,-7.9,14.229,-3.23,-15.665,-6.755,0.0034
-8.007,-7.9,14.229,-3.23,-15.665,-6.755,0.0033
-4.255,-7.9,14.229,-3.23,-15.665,-6.755,0.0023
-2.744,-7.9,14.229,-3.23,-15.665,-6.755,0.0023
-1.726,-7.9,14.229,-3.23,-15.665,-6.755,0.0025
1.235,-7.9,14.229,-3.23,-15.665,-6.755,0.0031
2.022,-7.9,14.229,-3.23,-15.665,-6.755,0.0032
5.749,-7.9,14.229,-3.23,-15.665,-6.755,0.002
9.869,-7.9,14.229,-3.23,-15.665,-6.755,-0.0014
9.904,-7.9,14.229,-3.23,-15.665,-6.755,-0.0014
11.577,-7.9,14.229,-3.23,-15.665,-6.755,-0.0028
13.236,-7.9,14.229,-3.23,-15.665,-6.755,-0.0032
-13.045,-14.53,14.359,18.634,5.697,13.656,0.005
-11.317,-14.53,14.359,18.634,5.697,13.656,0.0051
-8.914,-14.53,14.359,18.634,5.697,13.656,0.0054
-8.5,-14.53,14.359,18.634,5.697,13.656,0.0055
-7.36,-14.53,14.359,18.634,5.697,13.656,0.0057
-7.092,-14.53,14.359,18.634,5.697,13.656,0.0058
-5.647,-14.53,14.359,18.634,5.697,13.656,0.0062
-3.272,-14.53,14.359,18.634,5.697,13.656,0.0075
0.452,-14.53,14.359,18.634,5.697,13.656,0.0106
0.464,-14.53,14.359,18.634,5.697,13.656,0.0106
1.848,-14.53,14.359,18.634,5.697,13.656,0.0115
5.743,-14.53,14.359,18.634,5.697,13.656,0.0118
6.229,-14.53,14.359,18.634,5.697,13.656,0.0117
9.657,-14.53,14.359,18.634,5.697,13.656,0.0098
-13.373,4.45,12.415,-2.357,2.334,-1.21,-0.0014
-11.747,4.45,12.415,-2.357,2.334,-1.21,0.0002
-9.033,4.45,12.415,-2.357,2.334,-1.21,0.0036
-5.648,4.45,12.415,-2.357,2.334,-1.21,0.0052
-2.433,4.45,12.415,-2.357,2.334,-1.21,0.007
-0.818,4.45,12.415,-2.357,2.334,-1.21,0.0078
-0.71,4.45,12.415,-2.357,2.334,-1.21,0.0078
0.714,4.45,12.415,-2.357,2.334,-1.21,0.0079
1.913,4.45,12.415,-2.357,2.334,-1.21,0.0076
4.7,4.45,12.415,-2.357,2.334,-1.21,0.0064
8.131,4.45,12.415,-2.357,2.334,-1.21,0.0049
8.132,4.45,12.415,-2.357,2.334,-1.21,0.0049
8.943,4.45,12.415,-2.357,2.334,-1.21,0.0047
10.483,4.45,12.415,-2.357,2.334,-1.21,0.005
-9.738,5.07,-6.722,6.037,-2.467,-16.187,0.0007
-8.941,5.07,-6.722,6.037,-2.467,-16.187,0.003
-6.431,5.07,-6.722,6.037,-2.467,-16.187,0.0072
-6.057,5.07,-6.722,6.037,-2.467,-16.187,0.007
-4.809,5.07,-6.722,6.037,-2.467,-16.187,0.0066
-3.943,5.07,-6.722,6.037,-2.467,-16.187,0.0069
-2.647,5.07,-6.722,6.037,-2.467,-16.187,0.0081
-1.185,5.07,-6.722,6.037,-2.467,-16.187,0.008
-0.718,5.07,-6.722,6.037,-2.467,-16.187,0.0079
2.428,5.07,-6.722,6.037,-2.467,-16.187,0.0079
6.573,5.07,-6.722,6.037,-2.467,-16.187,0.0067
8.305,5.07,-6.722,6.037,-2.467,-16.187,0.0071
8.374,5.07,-6.722,6.037,-2.467,-16.187,0.0071
10.838,5.07,-6.722,6.037,-2.467,-16.187,0.0034
-14.867,7.85,-13.796,16.884,17.904,16.165,0.0019
-14.612,7.85,-13.796,16.884,17.904,16.165,0.0017
-14.531,7.85,-13.796,16.884,17.904,16.165,0.0016
-14.249,7.85,-13.796,16.884,17.904,16.165,0.0012
-9.263,7.85,-13.796,16.884,17.904,16.165,0.0014
-8.468,7.85,-13.796,16.884,17.904,16.165,0.0014
-4.821,7.85,-13.796,16.884,17.904,16.165,0.0003
2.122,7.85,-13.796,16.884,17.904,16.165,-0.0025
2.468,7.85,-13.796,16.884,17.904,16.165,-0.0023
3.813,7.85,-13.796,16.884,17.904,16.165,-0.001
7.021,7.85,-13.796,16.884,17.904,16.165,0.0016
8.576,7.85,-13.796,16.884,17.904,16.165,0.0026
8.626,7.85,-13.796,16.884,17.904,16.165,0.0026
10.935,7.85,-13.796,16.884,17.904,16.165,0.0042
-13.688,12.08,4.837,10.316,-7.006,12.039,-0.0026
-11.665,12.08,4.837,10.316,-7.006,12.039,-0.0022
-11.601,12.08,4.837,10.316,-7.006,12.039,-0.0022
-8.208,12.08,4.837,10.316,-7.006,12.039,-0.0017
-7.989,12.08,4.837,10.316,-7.006,12.039,-0.0015
-7.728,12.08,4.837,10.316,-7.006,12.039,-0.0012
-6.645,12.08,4.837,10.316,-7.006,12.039,0.0004
-5.76,12.08,4.837,10.316,-7.006,12.039,0.002
-2.796,12.08,4.837,10.316,-7.006,12.039,0.0064
-1.595,12.08,4.837,10.316,-7.006,12.039,0.0069
1.62,12.08,4.837,10.316,-7.006,12.039,0.0066
5.643,12.08,4.837,10.316,-7.006,12.039,0.0022
6.057,12.08,4.837,10.316,-7.006,12.039,0.0016
10.386,12.08,4.837,10.316,-7.006,12.039,-0.0027
-12.557,5.05,-2.935,-7.016,-8.478,-7.483,-0.0105
-10.511,5.05,-2.935,-7.016,-8.478,-7.483,-0.0042
-8.326,5.05,-2.935,-7.016,-8.478,-7.483,0.0032
-8.205,5.05,-2.935,-7.016,-8.478,-7.483,0.0038
-7.529,5.05,-2.935,-7.016,-8.478,-7.483,0.007
-6.767,5.05,-2.935,-7.016,-8.478,-7.483,0.0108
-5.763,5.05,-2.935,-7.016,-8.478,-7.483,0.0133
-5.198,5.05,-2.935,-7.016,-8.478,-7.483,0.013
1.439,5.05,-2.935,-7.016,-8.478,-7.483,0.0134
2.736,5.05,-2.935,-7.016,-8.478,-7.483,0.0125
4.371,5.05,-2.935,-7.016,-8.478,-7.483,0.0117
5.892,5.05,-2.935,-7.016,-8.478,-7.483,0.012
10.179,5.05,-2.935,-7.016,-8.478,-7.483,0.0018
11.453,5.05,-2.935,-7.016,-8.478,-7.483,-0.0011
-14.672,7.95,-14.972,4.633,13.112,-7.594,-0.0007
-7.341,7.95,-14.972,4.633,13.112,-7.594,-0.003
-3.798,7.95,-14.972,4.633,13.112,-7.594,-0.0023
-2.172,7.95,-14.972,4.633,13.112,-7.594,-0.0018
-0.937,7.95,-14.972,4.633,13.112,-7.594,-0.002
0.719,7.95,-14.972,4.633,13.112,-7.594,-0.002
0.914,7.95,-14.972,4.633,13.112,-7.594,-0.002
4.72,7.95,-14.972,4.633,13.112,-7.594,-0.0024
5.78,7.95,-14.972,4.633,13.112,-7.594,-0.0025
6.352,7.95,-14.972,4.633,13.112,-7.594,-0.0026
7.909,7.95,-14.972,4.633,13.112,-7.594,-0.002
10.317,7.95,-14.972,4.633,13.112,-7.594,-0.0001
10.37,7.95,-14.972,4.633,13.112,-7.594,0.0
13.372,7.95,-14.972,4.633,13.112,-7.594,0.0022
-13.75,-7.74,-14.792,-2.905,-1.697,3.317,-0.0049
-12.384,-7.74,-14.792,-2.905,-1.697,3.317,0.0002
-12.359,-7.74,-14.792,-2.905,-1.697,3.317,0.0002
-12.166,-7.74,-14.792,-2.905,-1.697,3.317,0.0001
-10.916,-7.74,-14.792,-2.905,-1.697,3.317,-0.0009
-7.79,-7.74,-14.792,-2.905,-1.697,3.317,-0.0067
-2.599,-7.74,-14.792,-2.905,-1.697,3.317,-0.0114
-0.367,-7.74,-14.792,-2.905,-1.697,3.317,-0.0106
2.614,-7.74,-14.792,-2.905,-1.697,3.317,-0.0104
4.052,-7.74,-14.792,-2.905,-1.697,3.317,-0.0106
5.264,-7.74,-14.792,-2.905,-1.697,3.317,-0.0108
7.599,-7.74,-14.792,-2.905,-1.697,3.317,-0.0099
9.696,-7.74,-14.792,-2.905,-1.697,3.317,-0.0065
10.824,-7.74,-14.792,-2.905,-1.697,3.317,-0.0047
-12.627,-9.11,17.799,-13.141,5.62,-9.041,0.006
-8.538,-9.11,17.799,-13.141,5.62,-9.041,0.0039
-6.727,-9.11,17.799,-13.141,5.62,-9.041,-0.0027
-6.328,-9.11,17.799,-13.141,5.62,-9.041,-0.0039
-2.27,-9.11,17.799,-13.141,5.62,-9.041,-0.0139
-0.221,-9.11,17.799,-13.141,5.62,-9.041,-0.0147
5.582,-9.11,17.799,-13.141,5.62,-9.041,-0.0084
6.357,-9.11,17.799,-13.141,5.62,-9.041,-0.0065
7.503,-9.11,17.799,-13.141,5.62,-9.041,-0.0036
7.69,-9.11,17.799,-13.141,5.62,-9.041,-0.0031
7.782,-9.11,17.799,-13.141,5.62,-9.041,-0.0029
8.276,-9.11,17.799,-13.141,5.62,-9.041,-0.0016
11.117,-9.11,17.799,-13.141,5.62,-9.041,0.0053
14.371,-9.11,17.799,-13.141,5.62,-9.041,0.0012
-13.942,-4.8,-15.407,-9.629,17.884,4.581,0.0078
-13.888,-4.8,-15.407,-9.629,17.884,4.581,0.0078
-12.279,-4.8,-15.407,-9.629,17.884,4.581,0.0069
-12.122,-4.8,-15.407,-9.629,17.884,4.581,0.0063
-12.007,-4.8,-15.407,-9.629,17.884,4.581,0.0059
-11.392,-4.8,-15.407,-9.629,17.884,4.581,0.0031
-8.197,-4.8,-15.407,-9.629,17.884,4.581,-0.0121
-6.917,-4.8,-15.407,-9.629,17.884,4.581,-0.0167
-6.257,-4.8,-15.407,-9.629,17.884,4.581,-0.0177
2.64,-4.8,-15.407,-9.629,17.884,4.581,-0.0188
4.675,-4.8,-15.407,-9.629,17.884,4.581,-0.0169
5.391,-4.8,-15.407,-9.629,17.884,4.581,-0.0166
8.234,-4.8,-15.407,-9.629,17.884,4.581,-0.0131
11.365,-4.8,-15.407,-9.629,17.884,4.581,-0.0034
-10.394,14.8,15.537,11.863,6.012,3.811,0.0013
-9.786,14.8,15.537,11.863,6.012,3.811,0.0012
-8.582,14.8,15.537,11.863,6.012,3.811,0.0009
-8.156,14.8,15.537,11.863,6.012,3.811,0.0008
-6.52,14.8,15.537,11.863,6.012,3.811,0.0002
-1.909,14.8,15.537,11.863,6.012,3.811,-0.0022
-1.896,14.8,15.537,11.863,6.012,3.811,-0.0022
0.393,14.8,15.537,11.863,6.012,3.811,-0.0027
1.181,14.8,15.537,11.863,6.012,3.811,-0.0027
3.116,14.8,15.537,11.863,6.012,3.811,-0.0033
8.155,14.8,15.537,11.863,6.012,3.811,-0.0045
8.318,14.8,15.537,11.863,6.012,3.811,-0.0045
11.057,14.8,15.537,11.863,6.012,3.811,-0.0034
12.393,14.8,15.537,11.863,6.012,3.811,-0.0025
-12.435,1.23,-0.314,12.131,-2.357,-9.19,0.0022
-11.1,1.23,-0.314,12.131,-2.357,-9.19,0.0029
-9.533,1.23,-0.314,12.131,-2.357,-9.19,0.003
-8.891,1.23,-0.314,12.131,-2.357,-9.19,0.003
-7.183,1.23,-0.314,12.131,-2.357,-9.19,0.0032
-4.285,1.23,-0.314,12.131,-2.357,-9.19,0.0029
-3.725,1.23,-0.314,12.131,-2.357,-9.19,0.0032
-0.363,1.23,-0.314,12.131,-2.357,-9.19,0.0001
0.78,1.23,-0.314,12.131,-2.357,-9.19,0.0003
1.209,1.23,-0.314,12.131,-2.357,-9.19,0.0009
4.071,1.23,-0.314,12.131,-2.357,-9.19,0.0033
4.646,1.23,-0.314,12.131,-2.357,-9.19,0.0031
6.855,1.23,-0.314,12.131,-2.357,-9.19,0.0033
10.43,1.23,-0.314,12.131,-2.357,-9.19,0.0036
-13.952,-14.41,3.189,-11.314,17.954,-10.594,0.0019
-13.9,-14.41,3.189,-11.314,17.954,-10.594,0.0019
-11.509,-14.41,3.189,-11.314,17.954,-10.594,0.0012
-1.696,-14.41,3.189,-11.314,17.954,-10.594,0.0038
-0.712,-14.41,3.189,-11.314,17.954,-10.594,0.004
-0.207,-14.41,3.189,-11.314,17.954,-10.594,0.004
-0.084,-14.41,3.189,-11.314,17.954,-10.594,0.0041
2.007,-14.41,3.189,-11.314,17.954,-10.594,0.0046
2.048,-14.41,3.189,-11.314,17.954,-10.594,0.0046
5.655,-14.41,3.189,-11.314,17.954,-10.594,0.0059
8.974,-14.41,3.189,-11.314,17.954,-10.594,0.0051
10.34,-14.41,3.189,-11.314,17.954,-10.594,0.0044
10.365,-14.41,3.189,-11.314,17.954,-10.594,0.0044
10.911,-14.41,3.189,-11.314,17.954,-10.594,0.0041
-9.016,-8.16,18.826,-17.218,7.563,-1.712,0.0088
-6.964,-8.16,18.826,-17.218,7.563,-1.712,-0.0011
-4.928,-8.16,18.826,-17.218,7.563,-1.712,-0.0088
-2.105,-8.16,18.826,-17.218,7.563,-1.712,-0.0156
-1.244,-8.16,18.826,-17.218,7.563,-1.712,-0.0158
-1.125,-8.16,18.826,-17.218,7.563,-1.712,-0.0158
0.176,-8.16,18.826,-17.218,7.563,-1.712,-0.0157
1.069,-8.16,18.826,-17.218,7.563,-1.712,-0.0155
1.708,-8.16,18.826,-17.218,7.563,-1.712,-0.0153
1.903,-8.16,18.826,-17.218,7.563,-1.712,-0.0152
4.025,-8.16,18.826,-17.218,7.563,-1.712,-0.0134
6.355,-8.16,18.826,-17.218,7.563,-1.712,-0.008
8.009,-8.16,18.826,-17.218,7.563,-1.712,-0.0034
11.372,-8.16,18.826,-17.218,7.563,-1.712,0.005
-13.419,-7.01,-0.379,9.191,-2.997,-2.13,0.0032
-12.456,-7.01,-0.379,9.191,-2.997,-2.13,0.0027
-12.025,-7.01,-0.379,9.191,-2.997,-2.13,0.0024
-8.521,-7.01,-0.379,9.191,-2.997,-2.13,-0.0024
-6.472,-7.01,-0.379,9.191,-2.997,-2.13,-0.0063
-3.336,-7.01,-0.379,9.191,-2.997,-2.13,-0.0065
0.494,-7.01,-0.379,9.191,-2.997,-2.13,-0.0065
1.341,-7.01,-0.379,9.191,-2.997,-2.13,-0.0064
3.268,-7.01,-0.379,9.191,-2.997,-2.13,-0.0062
3.821,-7.01,-0.379,9.191,-2.997,-2.13,-0.0062
7.463,-7.01,-0.379,9.191,-2.997,-2.13,-0.0063
8.368,-7.01,-0.379,9.191,-2.997,-2.13,-0.0061
10.673,-7.01,-0.379,9.191,-2.997,-2.13,-0.0036
12.107,-7.01,-0.379,9.191,-2.997,-2.13,-0.0023
-13.716,11.0,13.555,-3.232,16.205,19.253,0.0026
-12.004,11.0,13.555,-3.232,16.205,19.253,0.0033
-11.318,11.0,13.555,-3.232,16.205,19.253,0.0036
-10.462,11.0,13.555,-3.232,16.205,19.253,0.0039
-10.29,11.0,13.555,-3.232,16.205,19.253,0.0039
-6.572,11.0,13.555,-3.232,16.205,19.253,0.0055
-1.867,11.0,13.555,-3.232,16.205,19.253,0.0052
-0.743,11.0,13.555,-3.232,16.205,19.253,0.0047
-0.399,11.0,13.555,-3.232,16.205,19.253,0.0045
0.838,11.0,13.555,-3.232,16.205,19.253,0.0041
1.329,11.0,13.555,-3.232,16.205,19.253,0.0039
1.957,11.0,13.555,-3.232,16.205,19.253,0.0036
4.53,11.0,13.555,-3.232,16.205,19.253,0.0025
8.505,11.0,13.555,-3.232,16.205,19.253,0.0021
-11.92,11.75,-16.918,-18.231,4.816,-15.326,-0.0047
-11.28,11.75,-16.918,-18.231,4.816,-15.326,-0.0047
-9.976,11.75,-16.918,-18.231,4.816,-15.326,-0.0049
-7.849,11.75,-16.918,-18.231,4.816,-15.326,-0.0057
-7.675,11.75,-16.918,-18.231,4.816,-15.326,-0.0057
-7.207,11.75,-16.918,-18.231,4.816,-15.326,-0.006
-4.554,11.75,-16.918,-18.231,4.816,-15.326,-0.0065
-4.032,11.75,-16.918,-18.231,4.816,-15.326,-0.0062
-1.244,11.75,-16.918,-18.231,4.816,-15.326,-0.0055
0.589,11.75,-16.918,-18.231,4.816,-15.326,-0.0056
8.277,11.75,-16.918,-18.231,4.816,-15.326,-0.0089
9.559,11.75,-16.918,-18.231,4.816,-15.326,-0.0075
11.818,11.75,-16.918,-18.231,4.816,-15.326,-0.0052
13.192,11.75,-16.918,-18.231,4.816,-15.326,-0.0039
-9.407,-11.56,-16.426,9.283,-5.905,-0.42,0.0028
-7.526,-11.56,-16.426,9.283,-5.905,-0.42,0.0029
-7.01,-11.56,-16.426,9.283,-5.905,-0.42,0.0023
-6.767,-11.56,-16.426,9.283,-5.905,-0.42,0.0019
-5.819,-11.56,-16.426,9.283,-5.905,-0.42,0.0005
-4.568,-11.56,-16.426,9.283,-5.905,-0.42,-0.0011
-4.511,-11.56,-16.426,9.283,-5.905,-0.42,-0.0011
0.22,-11.56,-16.426,9.283,-5.905,-0.42,-0.0033
2.426,-11.56,-16.426,9.283,-5.905,-0.42,-0.0025
3.621,-11.56,-16.426,9.283,-5.905,-0.42,-0.0015
5.857,-11.56,-16.426,9.283,-5.905,-0.42,0.0
9.026,-11.56,-16.426,9.283,-5.905,-0.42,0.0021
9.594,-11.56,-16.426,9.283,-5.905,-0.42,0.0025
10.071,-11.56,-16.426,9.283,-5.905,-0.42,0.0027
-14.197,4.04,14.975,19.105,14.43,3.445,0.001
-11.614,4.04,14.975,19.105,14.43,3.445,0.0014
-11.512,4.04,14.975,19.105,14.43,3.445,0.0014
-11.056,4.04,14.975,19.105,14.43,3.445,0.0011
-9.181,4.04,14.975,19.105,14.43,3.445,0.0001
-8.075,4.04,14.975,19.105,14.43,3.445,-0.001
-5.34,4.04,14.975,19.105,14.43,3.445,-0.002
-5.312,4.04,14.975,19.105,14.43,3.445,-0.002
-4.613,4.04,14.975,19.105,14.43,3.445,-0.0017
-2.569,4.04,14.975,19.105,14.43,3.445,-0.0016
1.122,4.04,14.975,19.105,14.43,3.445,-0.0037
2.258,4.04,14.975,19.105,14.43,3.445,-0.0032
4.846,4.04,14.975,19.105,14.43,3.445,-0.0018
5.429,4.04,14.975,19.105,14.43,3.445,-0.0018
-13.307,12.86,0.553,1.164,8.135,5.483,-0.0001
-12.773,12.86,0.553,1.164,8.135,5.483,0.0
-10.54,12.86,0.553,1.164,8.135,5.483,0.0001
-6.26,12.86,0.553,1.164,8.135,5.483,-0.0004
-5.445,12.86,0.553,1.164,8.135,5.483,0.0001
1.28,12.86,0.553,1.164,8.135,5.483,0.0029
2.872,12.86,0.553,1.164,8.135,5.483,0.0033
4.077,12.86,0.553,1.164,8.135,5.483,0.0058
5.249,12.86,0.553,1.164,8.135,5.483,0.0109
5.912,12.86,0.553,1.164,8.135,5.483,0.0051
8.821,12.86,0.553,1.164,8.135,5.483,-0.0029
10.454,12.86,0.553,1.164,8.135,5.483,-0.0065
11.087,12.86,0.553,1.164,8.135,5.483,-0.0049
13.426,12.86,0.553,1.164,8.135,5.483,-0.0011
-13.564,-6.47,-2.456,2.617,7.747,-17.756,0.0043
-9.974,-6.47,-2.456,2.617,7.747,-17.756,-0.0052
-8.256,-6.47,-2.456,2.617,7.747,-17.756,-0.0119
-8.198,-6.47,-2.456,2.617,7.747,-17.756,-0.0121
-6.649,-6.47,-2.456,2.617,7.747,-17.756,-0.0162
-0.578,-6.47,-2.456,2.617,7.747,-17.756,-0.0154
1.243,-6.47,-2.456,2.617,7.747,-17.756,-0.0146
2.214,-6.47,-2.456,2.617,7.747,-17.756,-0.0142
2.434,-6.47,-2.456,2.617,7.747,-17.756,-0.0142
2.712,-6.47,-2.456,2.617,7.747,-17.756,-0.0142
5.736,-6.47,-2.456,2.617,7.747,-17.756,-0.0147
7.443,-6.47,-2.456,2.617,7.747,-17.756,-0.0133
10.029,-6.47,-2.456,2.617,7.747,-17.756,-0.0052
10.966,-6.47,-2.456,2.617,7.747,-17.756,-0.0025
-12.915,-11.82,15.946,8.69,4.061,-15.987,0.0046
-9.367,-11.82,15.946,8.69,4.061,-15.987,0.0069
-7.401,-11.82,15.946,8.69,4.061,-15.987,0.0092
-5.242,-11.82,15.946,8.69,4.061,-15.987,0.0047
-3.924,-11.82,15.946,8.69,4.061,-15.987,0.0016
2.208,-11.82,15.946,8.69,4.061,-15.987,-0.0005
2.321,-11.82,15.946,8.69,4.061,-15.987,-0.0003
2.349,-11.82,15.946,8.69,4.061,-15.987,-0.0003
5.141,-11.82,15.946,8.69,4.061,-15.987,0.0048
9.125,-11.82,15.946,8.69,4.061,-15.987,0.0105
11.041,-11.82,15.946,8.69,4.061,-15.987,0.0071
13.8,-11.82,15.946,8.69,4.061,-15.987,0.0036
14.101,-11.82,15.946,8.69,4.061,-15.987,0.0032
14.356,-11.82,15.946,8.69,4.061,-15.987,0.0029
-13.27,5.2,2.351,15.799,5.387,-17.092,-0.002
-11.937,5.2,2.351,15.799,5.387,-17.092,-0.0014
-11.745,5.2,2.351,15.799,5.387,-17.092,-0.0012
-8.325,5.2,2.351,15.799,5.387,-17.092,0.0016
-6.655,5.2,2.351,15.799,5.387,-17.092,0.0025
-5.282,5.2,2.351,15.799,5.387,-17.092,0.0032
-4.031,5.2,2.351,15.799,5.387,-17.092,0.0038
-3.28,5.2,2.351,15.799,5.387,-17.092,0.0041
7.216,5.2,2.351,15.799,5.387,-17.092,0.0027
8.794,5.2,2.351,15.799,5.387,-17.092,0.0028
8.826,5.2,2.351,15.799,5.387,-17.092,0.0028
11.588,5.2,2.351,15.799,5.387,-17.092,0.0028
11.865,5.2,2.351,15.799,5.387,-17.092,0.0028
13.841,5.2,2.351,15.799,5.387,-17.092,0.0025
-13.22,-12.79,12.205,-6.973,10.775,6.562,0.0049
-12.283,-12.79,12.205,-6.973,10.775,6.562,0.0048
-11.226,-12.79,12.205,-6.973,10.775,6.562,0.0047
-10.83,-12.79,12.205,-6.973,10.775,6.562,0.0048
-9.028,-12.79,12.205,-6.973,10.775,6.562,0.0052
-3.784,-12.79,12.205,-6.973,10.775,6.562,0.0104
0.212,-12.79,12.205,-6.973,10.775,6.562,0.0106
0.837,-12.79,12.205,-6.973,10.775,6.562,0.0107
1.925,-12.79,12.205,-6.973,10.775,6.562,0.0113
2.006,-12.79,12.205,-6.973,10.775,6.562,0.0114
4.627,-12.79,12.205,-6.973,10.775,6.562,0.0128
5.291,-12.79,12.205,-6.973,10.775,6.562,0.0125
7.582,-12.79,12.205,-6.973,10.775,6.562,0.01
14.159,-12.79,12.205,-6.973,10.775,6.562,0.0028
-12.619,-0.2,-7.668,-17.24,9.354,13.941,-0.0012
-11.624,-0.2,-7.668,-17.24,9.354,13.941,-0.0028
-10.719,-0.2,-7.668,-17.24,9.354,13.941,-0.0046
-9.739,-0.2,-7.668,-17.24,9.354,13.941,-0.0071
-4.868,-0.2,-7.668,-17.24,9.354,13.941,-0.0076
2.086,-0.2,-7.668,-17.24,9.354,13.941,-0.0078
3.239,-0.2,-7.668,-17.24,9.354,13.941,-0.0072
5.369,-0.2,-7.668,-17.24,9.354,13.941,-0.0086
5.483,-0.2,-7.668,-17.24,9.354,13.941,-0.0085
6.132,-0.2,-7.668,-17.24,9.354,13.941,-0.0079
7.933,-0.2,-7.668,-17.24,9.354,13.941,-0.0081
8.354,-0.2,-7.668,-17.24,9.354,13.941,-0.0082
9.321,-0.2,-7.668,-17.24,9.354,13.941,-0.0075
9.809,-0.2,-7.668,-17.24,9.354,13.941,-0.0063
-10.902,-3.8,-9.859,-14.294,-11.163,2.301,0.0001
-10.146,-3.8,-9.859,-14.294,-11.163,2.301,0.0004
-6.975,-3.8,-9.859,-14.294,-11.163,2.301,0.0017
-6.033,-3.8,-9.859,-14.294,-11.163,2.301,0.0013
-3.857,-3.8,-9.859,-14.294,-11.163,2.301,0.0014
-3.76,-3.8,-9.859,-14.294,-11.163,2.301,0.0014
-1.026,-3.8,-9.859,-14.294,-11.163,2.301,0.0017
0.553,-3.8,-9.859,-14.294,-11.163,2.301,0.0014
1.266,-3.8,-9.859,-14.294,-11.163,2.301,0.0014
1.6,-3.8,-9.859,-14.294,-11.163,2.301,0.0014
4.667,-3.8,-9.859,-14.294,-11.163,2.301,0.0009
5.297,-3.8,-9.859,-14.294,-11.163,2.301,0.001
7.736,-3.8,-9.859,-14.294,-11.163,2.301,0.0012
8.179,-3.8,-9.859,-14.294,-11.163,2.301,0.0008
-14.711,-7.5,-10.709,8.655,14.991,3.973,0.0076
-12.694,-7.5,-10.709,8.655,14.991,3.973,0.0098
-5.793,-7.5,-10.709,8.655,14.991,3.973,-0.0107
-2.018,-7.5,-10.709,8.655,14.991,3.973,-0.0189
-1.911,-7.5,-10.709,8.655,14.991,3.973,-0.0189
2.42,-7.5,-10.709,8.655,14.991,3.973,-0.0177
2.658,-7.5,-10.709,8.655,14.991,3.973,-0.0177
4.293,-7.5,-10.709,8.655,14.991,3.973,-0.0166
6.776,-7.5,-10.709,8.655,14.991,3.973,-0.0097
7.729,-7.5,-10.709,8.655,14.991,3.973,-0.0061
7.79,-7.5,-10.709,8.655,14.991,3.973,-0.0059
11.081,-7.5,-10.709,8.655,14.991,3.973,0.0049
11.686,-7.5,-10.709,8.655,14.991,3.973,0.0062
14.688,-7.5,-10.709,8.655,14.991,3.973,0.002
-14.31,3.79,13.168,16.259,-18.921,1.257,0.0015
-11.407,3.79,13.168,16.259,-18.921,1.257,0.0069
-10.561,3.79,13.168,16.259,-18.921,1.257,0.0102
-8.904,3.79,13.168,16.259,-18.921,1.257,0.0165
-8.162,3.79,13.168,16.259,-18.921,1.257,0.0176
-7.926,3.79,13.168,16.259,-18.921,1.257,0.0177
-4.186,3.79,13.168,16.259,-18.921,1.257,0.0185
-4.088,3.79,13.168,16.259,-18.921,1.257,0.0182
-1.977,3.79,13.168,16.259,-18.921,1.257,0.0177
-0.542,3.79,13.168,16.259,-18.921,1.257,0.0179
-0.145,3.79,13.168,16.259,-18.921,1.257,0.0177
4.794,3.79,13.168,16.259,-18.921,1.257,0.0188
6.965,3.79,13.168,16.259,-18.921,1.257,0.0161
8.432,3.79,13.168,16.259,-18.921,1.257,0.0147
-12.794,-13.84,-3.458,2.823,-15.848,-3.676,-0.0016
-9.102,-13.84,-3.458,2.823,-15.848,-3.676,-0.0023
-8.711,-13.84,-3.458,2.823,-15.848,-3.676,-0.0024
-4.756,-13.84,-3.458,2.823,-15.848,-3.676,-0.0027
-4.751,-13.84,-3.458,2.823,-15.848,-3.676,-0.0027
-4.423,-13.84,-3.458,2.823,-15.848,-3.676,-0.0029
-2.249,-13.84,-3.458,2.823,-15.848,-3.676,-0.0025
-0.987,-13.84,-3.458,2.823,-15.848,-3.676,-0.001
0.829,-13.84,-3.458,2.823,-15.848,-3.676,0.0003
5.113,-13.84,-3.458,2.823,-15.848,-3.676,0.0028
8.501,-13.84,-3.458,2.823,-15.848,-3.676,0.0013
10.961,-13.84,-3.458,2.823,-15.848,-3.676,0.0004
11.842,-13.84,-3.458,2.823,-15.848,-3.676,0.0
12.762,-13.84,-3.458,2.823,-15.848,-3.676,-0.0003
-14.795,-3.22,5.189,1.734,6.709,-2.614,0.0052
-13.84,-3.22,5.189,1.734,6.709,-2.614,0.005
-9.976,-3.22,5.189,1.734,6.709,-2.614,-0.0037
-7.19,-3.22,5.189,1.734,6.709,-2.614,-0.0091
-1.867,-3.22,5.189,1.734,6.709,-2.614,-0.0075
0.306,-3.22,5.189,1.734,6.709,-2.614,-0.0078
1.403,-3.22,5.189,1.734,6.709,-2.614,-0.0076
2.064,-3.22,5.189,1.734,6.709,-2.614,-0.0075
3.021,-3.22,5.189,1.734,6.709,-2.614,-0.0075
3.387,-3.22,5.189,1.734,6.709,-2.614,-0.0077
8.4,-3.22,5.189,1.734,6.709,-2.614,-0.0088
8.729,-3.22,5.189,1.734,6.709,-2.614,-0.0087
10.156,-3.22,5.189,1.734,6.709,-2.614,-0.0064
10.422,-3.22,5.189,1.734,6.709,-2.614,-0.0058
-14.795,0.93,14.097,5.256,-16.15,-19.161,-0.0065
-13.712,0.93,14.097,5.256,-16.15,-19.161,-0.0059
-13.13,0.93,14.097,5.256,-16.15,-19.161,-0.0034
-10.046,0.93,14.097,5.256,-16.15,-19.161,0.008
-10.003,0.93,14.097,5.256,-16.15,-19.161,0.0082
-6.755,0.93,14.097,5.256,-16.15,-19.161,0.0133
-2.545,0.93,14.097,5.256,-16.15,-19.161,0.0191
4.902,0.93,14.097,5.256,-16.15,-19.161,0.0182
5.04,0.93,14.097,5.256,-16.15,-19.161,0.0183
7.981,0.93,14.097,5.256,-16.15,-19.161,0.0124
8.463,0.93,14.097,5.256,-16.15,-19.161,0.0119
11.627,0.93,14.097,5.256,-16.15,-19.161,0.0041
11.689,0.93,14.097,5.256,-16.15,-19.161,0.0039
11.696,0.93,14.097,5.256,-16.15,-19.161,0.0039
-14.675,8.95,-16.046,-3.594,1.724,-10.052,-0.005
-14.149,8.95,-16.046,-3.594,1.724,-10.052,-0.005
-12.278,8.95,-16.046,-3.594,1.724,-10.052,-0.0054
-8.647,8.95,-16.046,-3.594,1.724,-10.052,-0.0054
-8.6,8.95,-16.046,-3.594,1.724,-10.052,-0.0053
-8.199,8.95,-16.046,-3.594,1.724,-10.052,-0.0046
-4.494,8.95,-16.046,-3.594,1.724,-10.052,0.0021
-3.606,8.95,-16.046,-3.594,1.724,-10.052,0.0039
1.855,8.95,-16.046,-3.594,1.724,-10.052,0.0071
2.988,8.95,-16.046,-3.594,1.724,-10.052,0.0059
3.365,8.95,-16.046,-3.594,1.724,-10.052,0.0055
12.47,8.95,-16.046,-3.594,1.724,-10.052,-0.0044
13.159,8.95,-16.046,-3.594,1.724,-10.052,-0.0029
14.169,8.95,-16.046,-3.594,1.724,-10.052,-0.0014
-14.158,-9.69,-1.058,14.963,-16.509,-5.422,-0.0007
-11.306,-9.69,-1.058,14.963,-16.509,-5.422,-0.0016
-8.909,-9.69,-1.058,14.963,-16.509,-5.422,0.0005
-7.472,-9.69,-1.058,14.963,-16.509,-5.422,0.0019
-7.068,-9.69,-1.058,14.963,-16.509,-5.422,0.0023
-5.082,-9.69,-1.058,14.963,-16.509,-5.422,0.0027
-4.984,-9.69,-1.058,14.963,-16.509,-5.422,0.0026
-3.665,-9.69,-1.058,14.963,-16.509,-5.422,0.0019
-3.057,-9.69,-1.058,14.963,-16.509,-5.422,0.0019
3.402,-9.69,-1.058,14.963,-16.509,-5.422,0.0027
8.001,-9.69,-1.058,14.963,-16.509,-5.422,-0.0002
10.254,-9.69,-1.058,14.963,-16.509,-5.422,-0.0023
10.976,-9.69,-1.058,14.963,-16.509,-5.422,-0.0027
11.218,-9.69,-1.058,14.963,-16.509,-5.422,-0.0027
-14.471,-12.03,-9.936,-0.263,-19.076,-19.41,-0.0034
-14.416,-12.03,-9.936,-0.263,-19.076,-19.41,-0.0034
-10.743,-12.03,-9.936,-0.263,-19.076,-19.41,-0.0054
-9.279,-12.03,-9.936,-0.263,-19.076,-19.41,-0.0055
-7.371,-12.03,-9.936,-0.263,-19.076,-19.41,-0.0055
-7.064,-12.03,-9.936,-0.263,-19.076,-19.41,-0.0055
-6.001,-12.03,-9.936,-0.263,-19.076,-19.41,-0.0055
-4.395,-12.03,-9.936,-0.263,-19.076,-19.41,-0.0053
-1.862,-12.03,-9.936,-0.263,-19.076,-19.41,-0.0042
-0.685,-12.03,-9.936,-0.263,-19.076,-19.41,-0.0035
-0.092,-12.03,-9.936,-0.263,-19.076,-19.41,-0.0033
2.194,-12.03,-9.936,-0.263,-19.076,-19.41,-0.0025
5.497,-12.03,-9.936,-0.263,-19.076,-19.41,-0.002
8.691,-12.03,-9.936,-0.263,-19.076,-19.41,-0.0023
-14.471,9.03,5.567,11.407,-12.823,-13.897,-0.0071
-11.557,9.03,5.567,11.407,-12.823,-13.897,-0.0101
-11.002,9.03,5.567,11.407,-12.823,-13.897,-0.0105
-10.037,9.03,5.567,11.407,-12.823,-13.897,-0.0087
-9.312,9.03,5.567,11.407,-12.823,-13.897,-0.0055
-9.035,9.03,5.567,11.407,-12.823,-13.897,-0.0043
-7.943,9.03,5.567,11.407,-12.823,-13.897,0.0005
-6.958,9.03,5.567,11.407,-12.823,-13.897,0.0041
-4.954,9.03,5.567,11.407,-12.823,-13.897,0.0116
-4.097,9.03,5.567,11.407,-12.823,-13.897,0.0142
0.899,9.03,5.567,11.407,-12.823,-13.897,0.0168
2.683,9.03,5.567,11.407,-12.823,-13.897,0.0156
3.787,9.03,5.567,11.407,-12.823,-13.897,0.0145
5.26,9.03,5.567,11.407,-12.823,-13.897,0.0117
-10.796,-9.16,-3.447,-19.534,-5.428,19.674,0.0002
-9.862,-9.16,-3.447,-19.534,-5.428,19.674,-0.0007
-7.397,-9.16,-3.447,-19.534,-5.428,19.674,-0.004
-6.318,-9.16,-3.447,-19.534,-5.428,19.674,-0.0056
-6.124,-9.16,-3.447,-19.534,-5.428,19.674,-0.0059
-5.891,-9.16,-3.447,-19.534,-5.428,19.674,-0.0062
-5.019,-9.16,-3.447,-19.534,-5.428,19.674,-0.0074
-4.362,-9.16,-3.447,-19.534,-5.428,19.674,-0.0082
-3.029,-9.16,-3.447,-19.534,-5.428,19.674,-0.0095
0.912,-9.16,-3.447,-19.534,-5.428,19.674,-0.0096
4.416,-9.16,-3.447,-19.534,-5.428,19.674,-0.0086
6.807,-9.16,-3.447,-19.534,-5.428,19.674,-0.0075
7.164,-9.16,-3.447,-19.534,-5.428,19.674,-0.0073
12.352,-9.16,-3.447,-19.534,-5.428,19.674,-0.0054
-14.987,-5.4,-4.546,-1.514,19.303,-10.731,0.0078
-14.28,-5.4,-4.546,-1.514,19.303,-10.731,0.0082
-11.491,-5.4,-4.546,-1.514,19.303,-10.731,0.0012
-7.505,-5.4,-4.546,-1.514,19.303,-10.731,-0.0161
-7.243,-5.4,-4.546,-1.514,19.303,-10.731,-0.0168
-5.274,-5.4,-4.546,-1.514,19.303,-10.731,-0.0173
-2.245,-5.4,-4.546,-1.514,19.303,-10.731,-0.0184
-2.1,-5.4,-4.546,-1.514,19.303,-10.731,-0.0186
-0.934,-5.4,-4.546,-1.514,19.303,-10.731,-0.0184
-0.033,-5.4,-4.546,-1.514,19.303,-10.731,-0.0176
1.396,-5.4,-4.546,-1.514,19.303,-10.731,-0.0174
6.906,-5.4,-4.546,-1.514,19.303,-10.731,-0.0154
8.363,-5.4,-4.546,-1.514,19.303,-10.731,-0.0128
11.482,-5.4,-4.546,-1.514,19.303,-10.731,-0.0019
-13.819,-6.64,7.205,-15.769,-19.67,12.269,-0.003
-11.955,-6.64,7.205,-15.769,-19.67,12.269,0.001
-10.25,-6.64,7.205,-15.769,-19.67,12.269,0.0047
-5.893,-6.64,7.205,-15.769,-19.67,12.269,0.0113
-3.631,-6.64,7.205,-15.769,-19.67,12.269,0.0104
-2.829,-6.64,7.205,-15.769,-19.67,12.269,0.0099
0.814,-6.64,7.205,-15.769,-19.67,12.269,0.0092
0.818,-6.64,7.205,-15.769,-19.67,12.269,0.0092
1.021,-6.64,7.205,-15.769,-19.67,12.269,0.0092
2.243,-6.64,7.205,-15.769,-19.67,12.269,0.0092
3.145,-6.64,7.205,-15.769,-19.67,12.269,0.0084
3.235,-6.64,7.205,-15.769,-19.67,12.269,0.0083
3.399,-6.64,7.205,-15.769,-19.67,12.269,0.0081
9.981,-6.64,7.205,-15.769,-19.67,12.269,-0.003
-14.527,6.01,17.789,-18.153,2.009,-3.784,-0.0022
-10.973,6.01,17.789,-18.153,2.009,-3.784,0.0008
-9.161,6.01,17.789,-18.153,2.009,-3.784,0.0028
-6.111,6.01,17.789,-18.153,2.009,-3.784,0.0055
-5.557,6.01,17.789,-18.153,2.009,-3.784,0.0057
-3.91,6.01,17.789,-18.153,2.009,-3.784,0.0063
-1.654,6.01,17.789,-18.153,2.009,-3.784,0.0076
6.499,6.01,17.789,-18.153,2.009,-3.784,0.0057
6.79,6.01,17.789,-18.153,2.009,-3.784,0.0056
7.87,6.01,17.789,-18.153,2.009,-3.784,0.0052
9.169,6.01,17.789,-18.153,2.009,-3.784,0.0036
10.782,6.01,17.789,-18.153,2.009,-3.784,0.002
12.184,6.01,17.789,-18.153,2.009,-3.784,0.0014
14.096,6.01,17.789,-18.153,2.009,-3.784,0.0007
-14.601,-8.87,9.72,-6.236,-2.832,17.693,0.0035
-13.934,-8.87,9.72,-6.236,-2.832,17.693,0.0034
-13.199,-8.87,9.72,-6.236,-2.832,17.693,0.0033
-12.011,-8.87,9.72,-6.236,-2.832,17.693,0.0036
-11.494,-8.87,9.72,-6.236,-2.832,17.693,0.0038
-11.164,-8.87,9.72,-6.236,-2.832,17.693,0.004
-11.115,-8.87,9.72,-6.236,-2.832,17.693,0.004
-8.077,-8.87,9.72,-6.236,-2.832,17.693,0.0018
-5.076,-8.87,9.72,-6.236,-2.832,17.693,-0.0013
2.839,-8.87,9.72,-6.236,-2.832,17.693,-0.0047
4.232,-8.87,9.72,-6.236,-2.832,17.693,-0.0033
7.87,-8.87,9.72,-6.236,-2.832,17.693,0.0009
10.768,-8.87,9.72,-6.236,-2.832,17.693,0.0044
12.332,-8.87,9.72,-6.236,-2.832,17.693,0.0032
-14.645,-1.0,18.186,13.396,3.85,12.544,0.0024
-9.554,-1.0,18.186,13.396,3.85,12.544,0.0027
-7.903,-1.0,18.186,13.396,3.85,12.544,0.0014
-7.668,-1.0,18.186,13.396,3.85,12.544,0.0011
-6.269,-1.0,18.186,13.396,3.85,12.544,0.0005
-5.008,-1.0,18.186,13.396,3.85,12.544,-0.0005
-3.223,-1.0,18.186,13.396,3.85,12.544,-0.0007
3.46,-1.0,18.186,13.396,3.85,12.544,-0.0007
3.994,-1.0,18.186,13.396,3.85,12.544,-0.0006
6.387,-1.0,18.186,13.396,3.85,12.544,-0.0003
6.895,-1.0,18.186,13.396,3.85,12.544,-0.0002
9.065,-1.0,18.186,13.396,3.85,12.544,0.0003
11.019,-1.0,18.186,13.396,3.85,12.544,0.0012
12.304,-1.0,18.186,13.396,3.85,12.544,0.0013
-14.556,-5.27,-0.954,-10.02,12.321,-15.346,0.0065
-13.403,-5.27,-0.954,-10.02,12.321,-15.346,0.0054
-12.536,-5.27,-0.954,-10.02,12.321,-15.346,0.003
-11.691,-5.27,-0.954,-10.02,12.321,-15.346,-0.0001
-11.269,-5.27,-0.954,-10.02,12.321,-15.346,-0.0018
-10.535,-5.27,-0.954,-10.02,12.321,-15.346,-0.0048
-9.201,-5.27,-0.954,-10.02,12.321,-15.346,-0.0106
-7.32,-5.27,-0.954,-10.02,12.321,-15.346,-0.0168
0.213,-5.27,-0.954,-10.02,12.321,-15.346,-0.0132
1.038,-5.27,-0.954,-10.02,12.321,-15.346,-0.0133
6.628,-5.27,-0.954,-10.02,12.321,-15.346,-0.0152
11.204,-5.27,-0.954,-10.02,12.321,-15.346,-0.0041
12.429,-5.27,-0.954,-10.02,12.321,-15.346,-0.0004
12.668,-5.27,-0.954,-10.02,12.321,-15.346,0.0002
-12.978,12.47,-17.349,10.637,-18.48,-16.156,-0.0067
-12.837,12.47,-17.349,10.637,-18.48,-16.156,-0.0067
-7.652,12.47,-17.349,10.637,-18.48,-16.156,-0.0107
-6.594,12.47,-17.349,10.637,-18.48,-16.156,-0.0131
-6.027,12.47,-17.349,10.637,-18.48,-16.156,-0.0145
-0.785,12.47,-17.349,10.637,-18.48,-16.156,-0.0072
1.187,12.47,-17.349,10.637,-18.48,-16.156,-0.007
2.327,12.47,-17.349,10.637,-18.48,-16.156,-0.0081
3.825,12.47,-17.349,10.637,-18.48,-16.156,-0.0105
7.362,12.47,-17.349,10.637,-18.48,-16.156,-0.0153
7.689,12.47,-17.349,10.637,-18.48,-16.156,-0.0148
8.442,12.47,-17.349,10.637,-18.48,-16.156,-0.0133
8.825,12.47,-17.349,10.637,-18.48,-16.156,-0.0126
12.666,12.47,-17.349,10.637,-18.48,-16.156,-0.0066
-14.555,-11.7,10.446,16.175,16.391,11.037,0.0085
-14.173,-11.7,10.446,16.175,16.391,11.037,0.0085
-13.437,-11.7,10.446,16.175,16.391,11.037,0.0086
-10.396,-11.7,10.446,16.175,16.391,11.037,0.0095
-10.297,-11.7,10.446,16.175,16.391,11.037,0.0095
-9.966,-11.7,10.446,16.175,16.391,11.037,0.0097
-6.895,-11.7,10.446,16.175,16.391,11.037,0.0135
-4.033,-11.7,10.446,16.175,16.391,11.037,0.017
-3.116,-11.7,10.446,16.175,16.391,11.037,0.0143
-2.207,-11.7,10.446,16.175,16.391,11.037,0.0125
0.858,-11.7,10.446,16.175,16.391,11.037,0.0104
3.65,-11.7,10.446,16.175,16.391,11.037,0.0145
7.901,-11.7,10.446,16.175,16.391,11.037,0.0172
13.361,-11.7,10.446,16.175,16.391,11.037,0.0062
-12.714,6.72,3.599,-6.465,-9.965,-14.702,-0.0101
-12.465,6.72,3.599,-6.465,-9.965,-14.702,-0.0108
-10.609,6.72,3.599,-6.465,-9.965,-14.702,-0.0104
-10.091,6.72,3.599,-6.465,-9.965,-14.702,-0.0078
-9.736,6.72,3.599,-6.465,-9.965,-14.702,-0.0062
-3.659,6.72,3.599,-6.465,-9.965,-14.702,0.0167
0.251,6.72,3.599,-6.465,-9.965,-14.702,0.0155
2.284,6.72,3.599,-6.465,-9.965,-14.702,0.0153
6.479,6.72,3.599,-6.465,-9.965,-14.702,0.0114
6.915,6.72,3.599,-6.465,-9.965,-14.702,0.0098
9.184,6.72,3.599,-6.465,-9.965,-14.702,0.0019
9.252,6.72,3.599,-6.465,-9.965,-14.702,0.0017
11.18,6.72,3.599,-6.465,-9.965,-14.702,-0.0036
13.298,6.72,3.599,-6.465,-9.965,-14.702,-0.0049
