ALPHA,BETA,DEFL_1_1,DEFL_1_2,DEFL_1_3,DEFL_1_4,CLN
-14.974,-3.35,15.921,-3.662,7.202,-1.704,-0.0547
-10.485,-3.35,15.921,-3.662,7.202,-1.704,-0.0497
-8.861,-3.35,15.921,-3.662,7.202,-1.704,-0.0322
-5.75,-3.35,15.921,-3.662,7.202,-1.704,-0.0435
-2.185,-3.35,15.921,-3.662,7.202,-1.704,-0.078
1.03,-3.35,15.921,-3.662,7.202,-1.704,-0.0894
1.527,-3.35,15.921,-3.662,7.202,-1.704,-0.0864
2.278,-3.35,15.921,-3.662,7.202,-1.704,-0.0796
3.259,-3.35,15.921,-3.662,7.202,-1.704,-0.0716
4.902,-3.35,15.921,-3.662,7.202,-1.704,-0.0593
6.409,-3.35,15.921,-3.662,7.202,-1.704,-0.0448
7.044,-3.35,15.921,-3.662,7.202,-1.704,-0.0374
10.638,-3.35,15.921,-3.662,7.202,-1.704,-0.0411
13.398,-3.35,15.921,-3.662,7.202,-1.704,-0.0645
-14.974,-3.35,15.921,-3.662,7.202,-1.704,-0.0547
-10.485,-3.35,15.921,-3.662,7.202,-1.704,-0.0497
-8.861,-3.35,15.921,-3.662,7.202,-1.704,-0.0322
-5.75,-3.35,15.921,-3.662,7.202,-1.704,-0.0435
-2.185,-3.35,15.921,-3.662,7.202,-1.704,-0.078
1.03,-3.35,15.921,-3.662,7.202,-1.704,-0.0894
1.527,-3.35,15.921,-3.662,7.202,-1.704,-0.0864
2.278,-3.35,15.921,-3.662,7.202,-1.704,-0.0796
3.259,-3.35,15.921,-3.662,7.202,-1.704,-0.0716
4.902,-3.35,15.921,-3.662,7.202,-1.704,-0.0593
6.409,-3.35,15.921,-3.662,7.202,-1.704,-0.0448
7.044,-3.35,15.921,-3.662,7.202,-1.704,-0.0374
10.638,-3.35,15.921,-3.662,7.202,-1.704,-0.0411
13.398,-3.35,15.921,-3.662,7.202,-1.704,-0.0645
-14.015,-2.73,-6.255,-2.897,-14.703,1.506,0.0149
-12.125,-2.73,-6.255,-2.897,-14.703,1.506,0.0041
-10.768,-2.73,-6.255,-2.897,-14.703,1.506,-0.0109
-8.771,-2.73,-6.255,-2.897,-14.703,1.506,-0.0436
-7.487,-2.73,-6.255,-2.897,-14.703,1.506,-0.0533
-6.581,-2.73,-6.255,-2.897,-14.703,1.506,-0.0401
-6.537,-2.73,-6.255,-2.897,-14.703,1.506,-0.0395
-6.319,-2.73,-6.255,-2.897,-14.703,1.506,-0.0371
-1.936,-2.73,-6.255,-2.897,-14.703,1.506,-0.0166
-1.933,-2.73,-6.255,-2.897,-14.703,1.506,-0.0166
5.286,-2.73,-6.255,-2.897,-14.703,1.506,-0.0279
6.288,-2.73,-6.255,-2.897,-14.703,1.506,-0.0325
10.475,-2.73,-6.255,-2.897,-14.703,1.506,-0.0209
11.189,-2.73,-6.255,-2.897,-14.703,1.506,-0.0156
-14.35,0.63,3.286,-10.896,7.617,-14.52,0.012
-12.337,0.63,3.286,-10.896,7.617,-14.52,0.0412
-11.654,0.63,3.286,-10.896,7.617,-14.52,0.0488
-10.186,0.63,3.286,-10.896,7.617,-14.52,0.0378
-6.93,0.63,3.286,-10.896,7.617,-14.52,0.0312
-4.059,0.63,3.286,-10.896,7.617,-14.52,0.0089
-2.114,0.63,3.286,-10.896,7.617,-14.52,-0.0184
-1.953,0.63,3.286,-10.896,7.617,-14.52,-0.0176
-1.597,0.63,3.286,-10.896,7.617,-14.52,-0.0119
1.81,0.63,3.286,-10.896,7.617,-14.52,-0.01
4.651,0.63,3.286,-10.896,7.617,-14.52,0.0055
7.409,0.63,3.286,-10.896,7.617,-14.52,0.0219
8.518,0.63,3.286,-10.896,7.617,-14.52,0.0288
13.281,0.63,3.286,-10.896,7.617,-14.52,0.0096
-14.832,-14.19,-18.112,-6.04,-8.528,14.188,-0.124
-11.57,-14.19,-18.112,-6.04,-8.528,14.188,-0.1483
-11.241,-14.19,-18.112,-6.04,-8.528,14.188,-0.1508
-8.857,-14.19,-18.112,-6.04,-8.528,14.188,-0.1694
-8.745,-14.19,-18.112,-6.04,-8.528,14.188,-0.1703
-6.99,-14.19,-18.112,-6.04,-8.528,14.188,-0.1842
-6.18,-14.19,-18.112,-6.04,-8.528,14.188,-0.1903
-5.419,-14.19,-18.112,-6.04,-8.528,14.188,-0.1959
-5.027,-14.19,-18.112,-6.04,-8.528,14.188,-0.1987
-4.531,-14.19,-18.112,-6.04,-8.528,14.188,-0.2019
-2.798,-14.19,-18.112,-6.04,-8.528,14.188,-0.2102
-1.436,-14.19,-18.112,-6.04,-8.528,14.188,-0.2142
8.581,-14.19,-18.112,-6.04,-8.528,14.188,-0.1838
10.717,-14.19,-18.112,-6.04,-8.528,14.188,-0.1687
-12.979,10.66,5.675,9.35,-18.812,6.279,0.0456
-9.904,10.66,5.675,9.35,-18.812,6.279,0.0736
-4.618,10.66,5.675,9.35,-18.812,6.279,0.0422
-2.99,10.66,5.675,9.35,-18.812,6.279,0.0317
-1.828,10.66,5.675,9.35,-18.812,6.279,0.026
-0.617,10.66,5.675,9.35,-18.812,6.279,0.0227
-0.262,10.66,5.675,9.35,-18.812,6.279,0.0223
2.444,10.66,5.675,9.35,-18.812,6.279,0.026
3.855,10.66,5.675,9.35,-18.812,6.279,0.0321
6.82,10.66,5.675,9.35,-18.812,6.279,0.0509
8.402,10.66,5.675,9.35,-18.812,6.279,0.0636
10.474,10.66,5.675,9.35,-18.812,6.279,0.0743
11.211,10.66,5.675,9.35,-18.812,6.279,0.0718
12.704,10.66,5.675,9.35,-18.812,6.279,0.0601
-14.913,8.17,7.106,4.909,13.016,-9.838,0.0227
-13.593,8.17,7.106,4.909,13.016,-9.838,0.0347
-13.179,8.17,7.106,4.909,13.016,-9.838,0.0389
-10.271,8.17,7.106,4.909,13.016,-9.838,0.0627
-9.099,8.17,7.106,4.909,13.016,-9.838,0.0707
-3.683,8.17,7.106,4.909,13.016,-9.838,0.0789
-3.079,8.17,7.106,4.909,13.016,-9.838,0.079
0.843,8.17,7.106,4.909,13.016,-9.838,0.0792
2.576,8.17,7.106,4.909,13.016,-9.838,0.08
3.018,8.17,7.106,4.909,13.016,-9.838,0.0803
6.506,8.17,7.106,4.909,13.016,-9.838,0.0762
7.105,8.17,7.106,4.909,13.016,-9.838,0.0737
7.631,8.17,7.106,4.909,13.016,-9.838,0.0713
11.813,8.17,7.106,4.909,13.016,-9.838,0.0488
-14.464,-9.04,11.02,-6.519,-7.344,10.893,-0.1056
-11.56,-9.04,11.02,-6.519,-7.344,10.893,-0.126
-10.346,-9.04,11.02,-6.519,-7.344,10.893,-0.1359
-8.434,-9.04,11.02,-6.519,-7.344,10.893,-0.1452
-7.746,-9.04,11.02,-6.519,-7.344,10.893,-0.1477
-4.661,-9.04,11.02,-6.519,-7.344,10.893,-0.1499
-1.476,-9.04,11.02,-6.519,-7.344,10.893,-0.1431
-0.476,-9.04,11.02,-6.519,-7.344,10.893,-0.1429
-0.315,-9.04,11.02,-6.519,-7.344,10.893,-0.1429
0.416,-9.04,11.02,-6.519,-7.344,10.893,-0.1429
2.106,-9.04,11.02,-6.519,-7.344,10.893,-0.1416
5.051,-9.04,11.02,-6.519,-7.344,10.893,-0.1354
8.262,-9.04,11.02,-6.519,-7.344,10.893,-0.134
8.557,-9.04,11.02,-6.519,-7.344,10.893,-0.1337
-10.457,0.22,18.768,-0.143,-0.124,16.002,-0.087
-9.347,0.22,18.768,-0.143,-0.124,16.002,-0.0977
-7.976,0.22,18.768,-0.143,-0.124,16.002,-0.1006
-4.655,0.22,18.768,-0.143,-0.124,16.002,-0.0994
0.194,0.22,18.768,-0.143,-0.124,16.002,-0.0678
0.458,0.22,18.768,-0.143,-0.124,16.002,-0.0717
1.222,0.22,18.768,-0.143,-0.124,16.002,-0.0784
3.651,0.22,18.768,-0.143,-0.124,16.002,-0.0988
4.569,0.22,18.768,-0.143,-0.124,16.002,-0.0976
4.803,0.22,18.768,-0.143,-0.124,16.002,-0.0969
5.488,0.22,18.768,-0.143,-0.124,16.002,-0.0949
5.695,0.22,18.768,-0.143,-0.124,16.002,-0.0944
9.909,0.22,18.768,-0.143,-0.124,16.002,-0.0945
9.969,0.22,18.768,-0.143,-0.124,16.002,-0.0939
-14.92,1.11,-5.672,-0.201,-16.505,-14.913,0.0104
-11.99,1.11,-5.672,-0.201,-16.505,-14.913,0.017
-10.69,1.11,-5.672,-0.201,-16.505,-14.913,-0.0026
-10.19,1.11,-5.672,-0.201,-16.505,-14.913,-0.0098
-9.44,1.11,-5.672,-0.201,-16.505,-14.913,-0.0236
-4.08,1.11,-5.672,-0.201,-16.505,-14.913,-0.0248
-3.61,1.11,-5.672,-0.201,-16.505,-14.913,-0.0228
-2.87,1.11,-5.672,-0.201,-16.505,-14.913,-0.0183
-2.81,1.11,-5.672,-0.201,-16.505,-14.913,-0.0179
6.67,1.11,-5.672,-0.201,-16.505,-14.913,-0.0342
9.99,1.11,-5.672,-0.201,-16.505,-14.913,-0.0308
11.43,1.11,-5.672,-0.201,-16.505,-14.913,-0.0146
12.69,1.11,-5.672,-0.201,-16.505,-14.913,-0.0001
12.7,1.11,-5.672,-0.201,-16.505,-14.913,0.0001
-5.731,-5.73,4.443,-11.809,-2.109,-8.451,-0.0324
-5.362,-5.73,4.443,-11.809,-2.109,-8.451,-0.034
-5.216,-5.73,4.443,-11.809,-2.109,-8.451,-0.0347
-5.142,-5.73,4.443,-11.809,-2.109,-8.451,-0.035
-4.776,-5.73,4.443,-11.809,-2.109,-8.451,-0.0365
-3.67,-5.73,4.443,-11.809,-2.109,-8.451,-0.041
-2.939,-5.73,4.443,-11.809,-2.109,-8.451,-0.0439
-2.316,-5.73,4.443,-11.809,-2.109,-8.451,-0.0463
-1.145,-5.73,4.443,-11.809,-2.109,-8.451,-0.0501
2.27,-5.73,4.443,-11.809,-2.109,-8.451,-0.0515
4.278,-5.73,4.443,-11.809,-2.109,-8.451,-0.0472
6.814,-5.73,4.443,-11.809,-2.109,-8.451,-0.0408
7.173,-5.73,4.443,-11.809,-2.109,-8.451,-0.0398
8.888,-5.73,4.443,-11.809,-2.109,-8.451,-0.0343
-11.229,13.37,-10.582,-9.232,7.026,-12.613,0.2122
-11.134,13.37,-10.582,-9.232,7.026,-12.613,0.213
-8.777,13.37,-10.582,-9.232,7.026,-12.613,0.2313
-8.113,13.37,-10.582,-9.232,7.026,-12.613,0.2363
-6.783,13.37,-10.582,-9.232,7.026,-12.613,0.2465
-5.662,13.37,-10.582,-9.232,7.026,-12.613,0.2554
-2.638,13.37,-10.582,-9.232,7.026,-12.613,0.279
-1.666,13.37,-10.582,-9.232,7.026,-12.613,0.2807
0.644,13.37,-10.582,-9.232,7.026,-12.613,0.2739
3.581,13.37,-10.582,-9.232,7.026,-12.613,0.2706
4.786,13.37,-10.582,-9.232,7.026,-12.613,0.2702
6.331,13.37,-10.582,-9.232,7.026,-12.613,0.2608
9.37,13.37,-10.582,-9.232,7.026,-12.613,0.2315
10.762,13.37,-10.582,-9.232,7.026,-12.613,0.2191
-13.462,-6.25,16.286,-17.615,5.102,0.859,-0.0916
-13.037,-6.25,16.286,-17.615,5.102,0.859,-0.0975
-12.795,-6.25,16.286,-17.615,5.102,0.859,-0.1014
-11.357,-6.25,16.286,-17.615,5.102,0.859,-0.1292
-3.168,-6.25,16.286,-17.615,5.102,0.859,-0.0585
-3.058,-6.25,16.286,-17.615,5.102,0.859,-0.0596
-2.02,-6.25,16.286,-17.615,5.102,0.859,-0.0679
-0.226,-6.25,16.286,-17.615,5.102,0.859,-0.075
0.667,-6.25,16.286,-17.615,5.102,0.859,-0.0752
1.356,-6.25,16.286,-17.615,5.102,0.859,-0.074
1.707,-6.25,16.286,-17.615,5.102,0.859,-0.073
8.679,-6.25,16.286,-17.615,5.102,0.859,-0.0626
9.135,-6.25,16.286,-17.615,5.102,0.859,-0.0668
14.3,-6.25,16.286,-17.615,5.102,0.859,-0.0792
-14.487,-10.24,-15.409,15.444,-14.52,4.696,-0.0732
-12.529,-10.24,-15.409,15.444,-14.52,4.696,-0.0849
-5.501,-10.24,-15.409,15.444,-14.52,4.696,-0.1341
-5.083,-10.24,-15.409,15.444,-14.52,4.696,-0.136
-3.096,-10.24,-15.409,15.444,-14.52,4.696,-0.1423
-0.012,-10.24,-15.409,15.444,-14.52,4.696,-0.1397
1.246,-10.24,-15.409,15.444,-14.52,4.696,-0.1369
3.207,-10.24,-15.409,15.444,-14.52,4.696,-0.1357
3.382,-10.24,-15.409,15.444,-14.52,4.696,-0.1352
5.86,-10.24,-15.409,15.444,-14.52,4.696,-0.123
5.882,-10.24,-15.409,15.444,-14.52,4.696,-0.1229
9.272,-10.24,-15.409,15.444,-14.52,4.696,-0.0975
12.106,-10.24,-15.409,15.444,-14.52,4.696,-0.0773
12.86,-10.24,-15.409,15.444,-14.52,4.696,-0.0727
-14.537,-12.1,-14.239,19.053,-4.9,-2.874,-0.1024
-12.498,-12.1,-14.239,19.053,-4.9,-2.874,-0.1196
-10.567,-12.1,-14.239,19.053,-4.9,-2.874,-0.1378
-7.977,-12.1,-14.239,19.053,-4.9,-2.874,-0.1685
-6.45,-12.1,-14.239,19.053,-4.9,-2.874,-0.1776
-6.086,-12.1,-14.239,19.053,-4.9,-2.874,-0.1763
-4.755,-12.1,-14.239,19.053,-4.9,-2.874,-0.17
-1.9,-12.1,-14.239,19.053,-4.9,-2.874,-0.1589
-0.396,-12.1,-14.239,19.053,-4.9,-2.874,-0.1552
5.296,-12.1,-14.239,19.053,-4.9,-2.874,-0.1409
6.763,-12.1,-14.239,19.053,-4.9,-2.874,-0.1381
9.376,-12.1,-14.239,19.053,-4.9,-2.874,-0.1319
11.717,-12.1,-14.239,19.053,-4.9,-2.874,-0.1177
14.237,-12.1,-14.239,19.053,-4.9,-2.874,-0.0928
-14.945,-10.52,-8.995,-12.327,-7.338,8.024,-0.0456
-14.677,-10.52,-8.995,-12.327,-7.338,8.024,-0.0474
-12.385,-10.52,-8.995,-12.327,-7.338,8.024,-0.0632
-11.308,-10.52,-8.995,-12.327,-7.338,8.024,-0.0695
-7.024,-10.52,-8.995,-12.327,-7.338,8.024,-0.0767
-3.421,-10.52,-8.995,-12.327,-7.338,8.024,-0.0663
-1.772,-10.52,-8.995,-12.327,-7.338,8.024,-0.0592
-1.491,-10.52,-8.995,-12.327,-7.338,8.024,-0.0585
0.483,-10.52,-8.995,-12.327,-7.338,8.024,-0.0595
4.657,-10.52,-8.995,-12.327,-7.338,8.024,-0.0419
7.594,-10.52,-8.995,-12.327,-7.338,8.024,-0.0714
10.666,-10.52,-8.995,-12.327,-7.338,8.024,-0.0878
11.75,-10.52,-8.995,-12.327,-7.338,8.024,-0.0936
12.737,-10.52,-8.995,-12.327,-7.338,8.024,-0.0779
-11.029,-2.17,-8.576,8.673,11.365,-1.332,0.0624
-10.619,-2.17,-8.576,8.673,11.365,-1.332,0.0672
-8.709,-2.17,-8.576,8.673,11.365,-1.332,0.0929
-7.835,-2.17,-8.576,8.673,11.365,-1.332,0.0914
-4.45,-2.17,-8.576,8.673,11.365,-1.332,0.0778
0.015,-2.17,-8.576,8.673,11.365,-1.332,0.061
0.918,-2.17,-8.576,8.673,11.365,-1.332,0.0634
1.004,-2.17,-8.576,8.673,11.365,-1.332,0.0638
3.056,-2.17,-8.576,8.673,11.365,-1.332,0.0845
5.009,-2.17,-8.576,8.673,11.365,-1.332,0.0804
5.127,-2.17,-8.576,8.673,11.365,-1.332,0.08
5.593,-2.17,-8.576,8.673,11.365,-1.332,0.0785
6.515,-2.17,-8.576,8.673,11.365,-1.332,0.0773
7.473,-2.17,-8.576,8.673,11.365,-1.332,0.0791
-8.499,5.3,18.951,8.73,-0.482,6.793,-0.082
-6.76,5.3,18.951,8.73,-0.482,6.793,-0.0661
-6.189,5.3,18.951,8.73,-0.482,6.793,-0.065
-5.82,5.3,18.951,8.73,-0.482,6.793,-0.0644
2.022,5.3,18.951,8.73,-0.482,6.793,-0.0539
4.345,5.3,18.951,8.73,-0.482,6.793,-0.0532
4.658,5.3,18.951,8.73,-0.482,6.793,-0.0529
4.712,5.3,18.951,8.73,-0.482,6.793,-0.0529
4.822,5.3,18.951,8.73,-0.482,6.793,-0.0528
9.33,5.3,18.951,8.73,-0.482,6.793,-0.0633
9.354,5.3,18.951,8.73,-0.482,6.793,-0.0635
9.663,5.3,18.951,8.73,-0.482,6.793,-0.0666
13.235,5.3,18.951,8.73,-0.482,6.793,-0.0727
14.016,5.3,18.951,8.73,-0.482,6.793,-0.0654
-9.083,-13.09,1.303,11.661,-17.266,18.126,-0.187
-8.141,-13.09,1.303,11.661,-17.266,18.126,-0.1918
-6.05,-13.09,1.303,11.661,-17.266,18.126,-0.2011
-1.517,-13.09,1.303,11.661,-17.266,18.126,-0.2227
0.928,-13.09,1.303,11.661,-17.266,18.126,-0.2263
2.684,-13.09,1.303,11.661,-17.266,18.126,-0.2307
6.064,-13.09,1.303,11.661,-17.266,18.126,-0.2087
7.371,-13.09,1.303,11.661,-17.266,18.126,-0.202
7.794,-13.09,1.303,11.661,-17.266,18.126,-0.2001
8.499,-13.09,1.303,11.661,-17.266,18.126,-0.1971
9.573,-13.09,1.303,11.661,-17.266,18.126,-0.1923
10.905,-13.09,1.303,11.661,-17.266,18.126,-0.1853
12.225,-13.09,1.303,11.661,-17.266,18.126,-0.1776
12.744,-13.09,1.303,11.661,-17.266,18.126,-0.1745
-13.933,-11.11,-11.626,19.77,-7.98,9.523,-0.0972
-12.458,-11.11,-11.626,19.77,-7.98,9.523,-0.1104
-11.162,-11.11,-11.626,19.77,-7.98,9.523,-0.1225
-10.119,-11.11,-11.626,19.77,-7.98,9.523,-0.1329
-3.708,-11.11,-11.626,19.77,-7.98,9.523,-0.1617
-2.962,-11.11,-11.626,19.77,-7.98,9.523,-0.1608
-2.503,-11.11,-11.626,19.77,-7.98,9.523,-0.16
-1.47,-11.11,-11.626,19.77,-7.98,9.523,-0.1577
-1.396,-11.11,-11.626,19.77,-7.98,9.523,-0.1575
-0.219,-11.11,-11.626,19.77,-7.98,9.523,-0.1544
1.106,-11.11,-11.626,19.77,-7.98,9.523,-0.1502
5.655,-11.11,-11.626,19.77,-7.98,9.523,-0.1329
6.275,-11.11,-11.626,19.77,-7.98,9.523,-0.1298
6.955,-11.11,-11.626,19.77,-7.98,9.523,-0.1266
-12.439,-10.1,-5.712,6.248,1.05,18.233,-0.0726
-11.714,-10.1,-5.712,6.248,1.05,18.233,-0.0813
-11.386,-10.1,-5.712,6.248,1.05,18.233,-0.0856
-10.968,-10.1,-5.712,6.248,1.05,18.233,-0.0914
-6.353,-10.1,-5.712,6.248,1.05,18.233,-0.118
-4.166,-10.1,-5.712,6.248,1.05,18.233,-0.1129
-2.698,-10.1,-5.712,6.248,1.05,18.233,-0.1095
0.54,-10.1,-5.712,6.248,1.05,18.233,-0.1021
3.248,-10.1,-5.712,6.248,1.05,18.233,-0.105
3.527,-10.1,-5.712,6.248,1.05,18.233,-0.1056
5.645,-10.1,-5.712,6.248,1.05,18.233,-0.1112
6.372,-10.1,-5.712,6.248,1.05,18.233,-0.1132
9.373,-10.1,-5.712,6.248,1.05,18.233,-0.1316
9.517,-10.1,-5.712,6.248,1.05,18.233,-0.1319
-5.957,-7.79,14.613,0.003,-19.644,9.977,-0.2282
-4.687,-7.79,14.613,0.003,-19.644,9.977,-0.2121
-1.102,-7.79,14.613,0.003,-19.644,9.977,-0.2236
0.027,-7.79,14.613,0.003,-19.644,9.977,-0.2245
3.282,-7.79,14.613,0.003,-19.644,9.977,-0.2192
4.903,-7.79,14.613,0.003,-19.644,9.977,-0.2077
4.932,-7.79,14.613,0.003,-19.644,9.977,-0.2074
5.68,-7.79,14.613,0.003,-19.644,9.977,-0.1998
6.518,-7.79,14.613,0.003,-19.644,9.977,-0.1905
9.403,-7.79,14.613,0.003,-19.644,9.977,-0.1595
10.515,-7.79,14.613,0.003,-19.644,9.977,-0.1478
12.397,-7.79,14.613,0.003,-19.644,9.977,-0.138
12.741,-7.79,14.613,0.003,-19.644,9.977,-0.1373
13.895,-7.79,14.613,0.003,-19.644,9.977,-0.1356
-14.477,-8.94,-9.676,-8.605,-11.772,-14.028,-0.0125
-9.807,-8.94,-9.676,-8.605,-11.772,-14.028,-0.0307
-8.545,-8.94,-9.676,-8.605,-11.772,-14.028,-0.0332
-6.264,-8.94,-9.676,-8.605,-11.772,-14.028,-0.0349
-1.741,-8.94,-9.676,-8.605,-11.772,-14.028,-0.0312
-0.277,-8.94,-9.676,-8.605,-11.772,-14.028,-0.0324
0.708,-8.94,-9.676,-8.605,-11.772,-14.028,-0.0339
1.132,-8.94,-9.676,-8.605,-11.772,-14.028,-0.0348
4.195,-8.94,-9.676,-8.605,-11.772,-14.028,-0.0439
5.826,-8.94,-9.676,-8.605,-11.772,-14.028,-0.0474
6.539,-8.94,-9.676,-8.605,-11.772,-14.028,-0.0483
8.16,-8.94,-9.676,-8.605,-11.772,-14.028,-0.0491
11.512,-8.94,-9.676,-8.605,-11.772,-14.028,-0.0526
13.993,-8.94,-9.676,-8.605,-11.772,-14.028,-0.0427
-11.173,-5.78,1.149,-4.525,13.196,9.883,-0.0569
-7.914,-5.78,1.149,-4.525,13.196,9.883,-0.0071
-7.453,-5.78,1.149,-4.525,13.196,9.883,0.0007
-7.251,-5.78,1.149,-4.525,13.196,9.883,0.0044
-4.244,-5.78,1.149,-4.525,13.196,9.883,0.037
-1.008,-5.78,1.149,-4.525,13.196,9.883,0.0093
-0.483,-5.78,1.149,-4.525,13.196,9.883,0.0079
1.079,-5.78,1.149,-4.525,13.196,9.883,0.0075
2.358,-5.78,1.149,-4.525,13.196,9.883,0.0108
5.102,-5.78,1.149,-4.525,13.196,9.883,0.027
10.05,-5.78,1.149,-4.525,13.196,9.883,-0.024
10.193,-5.78,1.149,-4.525,13.196,9.883,-0.0261
10.582,-5.78,1.149,-4.525,13.196,9.883,-0.0317
10.67,-5.78,1.149,-4.525,13.196,9.883,-0.033
-12.508,-13.33,-12.68,-19.217,-7.746,12.712,-0.1162
-11.943,-13.33,-12.68,-19.217,-7.746,12.712,-0.1198
-9.368,-13.33,-12.68,-19.217,-7.746,12.712,-0.1367
-6.46,-13.33,-12.68,-19.217,-7.746,12.712,-0.1548
-5.318,-13.33,-12.68,-19.217,-7.746,12.712,-0.1613
-3.722,-13.33,-12.68,-19.217,-7.746,12.712,-0.1661
3.95,-13.33,-12.68,-19.217,-7.746,12.712,-0.1448
5.823,-13.33,-12.68,-19.217,-7.746,12.712,-0.1322
6.11,-13.33,-12.68,-19.217,-7.746,12.712,-0.1285
7.194,-13.33,-12.68,-19.217,-7.746,12.712,-0.0943
7.214,-13.33,-12.68,-19.217,-7.746,12.712,-0.0967
8.835,-13.33,-12.68,-19.217,-7.746,12.712,-0.1463
10.871,-13.33,-12.68,-19.217,-7.746,12.712,-0.1528
13.058,-13.33,-12.68,-19.217,-7.746,12.712,-0.1183
-14.235,6.42,1.32,19.379,16.791,-19.211,0.0131
-12.573,6.42,1.32,19.379,16.791,-19.211,0.04
-11.414,6.42,1.32,19.379,16.791,-19.211,0.0585
-10.169,6.42,1.32,19.379,16.791,-19.211,0.0805
-8.181,6.42,1.32,19.379,16.791,-19.211,0.1114
-0.251,6.42,1.32,19.379,16.791,-19.211,0.0848
0.422,6.42,1.32,19.379,16.791,-19.211,0.0849
2.108,6.42,1.32,19.379,16.791,-19.211,0.0864
3.692,6.42,1.32,19.379,16.791,-19.211,0.0893
4.355,6.42,1.32,19.379,16.791,-19.211,0.0909
5.654,6.42,1.32,19.379,16.791,-19.211,0.0943
5.715,6.42,1.32,19.379,16.791,-19.211,0.0944
8.88,6.42,1.32,19.379,16.791,-19.211,0.0763
11.146,6.42,1.32,19.379,16.791,-19.211,0.0587
-14.498,7.61,-8.06,14.805,-12.908,6.365,0.045
-12.664,7.61,-8.06,14.805,-12.908,6.365,0.0693
-11.721,7.61,-8.06,14.805,-12.908,6.365,0.078
-9.325,7.61,-8.06,14.805,-12.908,6.365,0.0514
-8.516,7.61,-8.06,14.805,-12.908,6.365,0.0419
-8.003,7.61,-8.06,14.805,-12.908,6.365,0.0352
-7.536,7.61,-8.06,14.805,-12.908,6.365,0.0288
-5.886,7.61,-8.06,14.805,-12.908,6.365,0.0085
-4.021,7.61,-8.06,14.805,-12.908,6.365,0.0062
1.486,7.61,-8.06,14.805,-12.908,6.365,0.0306
3.487,7.61,-8.06,14.805,-12.908,6.365,0.0251
4.871,7.61,-8.06,14.805,-12.908,6.365,0.0212
4.967,7.61,-8.06,14.805,-12.908,6.365,0.0211
9.956,7.61,-8.06,14.805,-12.908,6.365,0.0676
-14.834,7.28,11.33,-7.08,1.519,15.741,-0.0016
-11.361,7.28,11.33,-7.08,1.519,15.741,-0.0098
-9.854,7.28,11.33,-7.08,1.519,15.741,-0.011
-9.482,7.28,11.33,-7.08,1.519,15.741,-0.012
-3.892,7.28,11.33,-7.08,1.519,15.741,-0.0258
-2.609,7.28,11.33,-7.08,1.519,15.741,-0.0215
3.5,7.28,11.33,-7.08,1.519,15.741,-0.0112
4.539,7.28,11.33,-7.08,1.519,15.741,-0.0112
5.373,7.28,11.33,-7.08,1.519,15.741,-0.0123
10.278,7.28,11.33,-7.08,1.519,15.741,-0.0234
11.86,7.28,11.33,-7.08,1.519,15.741,-0.0158
12.079,7.28,11.33,-7.08,1.519,15.741,-0.0147
12.096,7.28,11.33,-7.08,1.519,15.741,-0.0146
13.305,7.28,11.33,-7.08,1.519,15.741,-0.0103
-14.753,7.25,0.336,-8.796,-12.918,-8.191,0.0181
-12.133,7.25,0.336,-8.796,-12.918,-8.191,0.0626
-11.065,7.25,0.336,-8.796,-12.918,-8.191,0.0977
-7.169,7.25,0.336,-8.796,-12.918,-8.191,0.0467
-3.856,7.25,0.336,-8.796,-12.918,-8.191,-0.0134
-3.055,7.25,0.336,-8.796,-12.918,-8.191,-0.0198
-2.852,7.25,0.336,-8.796,-12.918,-8.191,-0.0203
-2.14,7.25,0.336,-8.796,-12.918,-8.191,-0.0193
-0.597,7.25,0.336,-8.796,-12.918,-8.191,-0.0138
-0.203,7.25,0.336,-8.796,-12.918,-8.191,-0.0128
0.029,7.25,0.336,-8.796,-12.918,-8.191,-0.0124
1.457,7.25,0.336,-8.796,-12.918,-8.191,-0.0118
5.9,7.25,0.336,-8.796,-12.918,-8.191,0.0074
6.095,7.25,0.336,-8.796,-12.918,-8.191,0.0104
-14.475,-12.13,11.347,15.802,-14.101,12.127,-0.1803
-14.019,-12.13,11.347,15.802,-14.101,12.127,-0.1836
-6.24,-12.13,11.347,15.802,-14.101,12.127,-0.2332
-4.335,-12.13,11.347,15.802,-14.101,12.127,-0.2433
-4.077,-12.13,11.347,15.802,-14.101,12.127,-0.2443
-2.294,-12.13,11.347,15.802,-14.101,12.127,-0.2491
-1.612,-12.13,11.347,15.802,-14.101,12.127,-0.2499
-0.669,-12.13,11.347,15.802,-14.101,12.127,-0.2502
0.477,-12.13,11.347,15.802,-14.101,12.127,-0.2493
5.771,-12.13,11.347,15.802,-14.101,12.127,-0.2335
6.978,-12.13,11.347,15.802,-14.101,12.127,-0.2295
9.467,-12.13,11.347,15.802,-14.101,12.127,-0.2134
9.915,-12.13,11.347,15.802,-14.101,12.127,-0.2102
13.072,-12.13,11.347,15.802,-14.101,12.127,-0.1891
-14.726,8.37,-12.996,19.792,19.435,-15.437,0.0999
-14.17,8.37,-12.996,19.792,19.435,-15.437,0.1012
-11.174,8.37,-12.996,19.792,19.435,-15.437,0.146
-4.918,8.37,-12.996,19.792,19.435,-15.437,0.1919
-2.264,8.37,-12.996,19.792,19.435,-15.437,0.1947
-2.22,8.37,-12.996,19.792,19.435,-15.437,0.1947
0.517,8.37,-12.996,19.792,19.435,-15.437,0.1954
4.522,8.37,-12.996,19.792,19.435,-15.437,0.1919
5.359,8.37,-12.996,19.792,19.435,-15.437,0.1865
7.426,8.37,-12.996,19.792,19.435,-15.437,0.1677
9.462,8.37,-12.996,19.792,19.435,-15.437,0.1491
11.432,8.37,-12.996,19.792,19.435,-15.437,0.134
11.978,8.37,-12.996,19.792,19.435,-15.437,0.1316
12.096,8.37,-12.996,19.792,19.435,-15.437,0.1313
-11.855,6.64,0.826,-19.082,2.839,-4.227,0.0371
-11.245,6.64,0.826,-19.082,2.839,-4.227,0.04
-10.199,6.64,0.826,-19.082,2.839,-4.227,0.0456
-9.343,6.64,0.826,-19.082,2.839,-4.227,0.049
-9.034,6.64,0.826,-19.082,2.839,-4.227,0.0498
-4.933,6.64,0.826,-19.082,2.839,-4.227,0.0548
-4.559,6.64,0.826,-19.082,2.839,-4.227,0.0564
-2.637,6.64,0.826,-19.082,2.839,-4.227,0.0628
-0.333,6.64,0.826,-19.082,2.839,-4.227,0.0645
2.698,6.64,0.826,-19.082,2.839,-4.227,0.0637
7.978,6.64,0.826,-19.082,2.839,-4.227,0.0575
9.31,6.64,0.826,-19.082,2.839,-4.227,0.06
12.211,6.64,0.826,-19.082,2.839,-4.227,0.0575
12.54,6.64,0.826,-19.082,2.839,-4.227,0.0578
-14.456,-8.26,14.237,-19.006,-17.726,7.581,-0.1137
-12.17,-8.26,14.237,-19.006,-17.726,7.581,-0.1167
-11.567,-8.26,14.237,-19.006,-17.726,7.581,-0.1223
-9.387,-8.26,14.237,-19.006,-17.726,7.581,-0.1488
-7.948,-8.26,14.237,-19.006,-17.726,7.581,-0.1646
-3.904,-8.26,14.237,-19.006,-17.726,7.581,-0.179
-0.89,-8.26,14.237,-19.006,-17.726,7.581,-0.1875
1.021,-8.26,14.237,-19.006,-17.726,7.581,-0.1839
1.317,-8.26,14.237,-19.006,-17.726,7.581,-0.1827
6.014,-8.26,14.237,-19.006,-17.726,7.581,-0.1586
6.151,-8.26,14.237,-19.006,-17.726,7.581,-0.1579
7.058,-8.26,14.237,-19.006,-17.726,7.581,-0.1529
7.235,-8.26,14.237,-19.006,-17.726,7.581,-0.152
10.279,-8.26,14.237,-19.006,-17.726,7.581,-0.1316
-12.942,11.45,-4.195,-3.264,0.745,-19.01,0.1344
-11.773,11.45,-4.195,-3.264,0.745,-19.01,0.1457
-7.48,11.45,-4.195,-3.264,0.745,-19.01,0.209
-5.858,11.45,-4.195,-3.264,0.745,-19.01,0.2031
-0.497,11.45,-4.195,-3.264,0.745,-19.01,0.1762
3.024,11.45,-4.195,-3.264,0.745,-19.01,0.1733
3.257,11.45,-4.195,-3.264,0.745,-19.01,0.1732
6.824,11.45,-4.195,-3.264,0.745,-19.01,0.1771
6.911,11.45,-4.195,-3.264,0.745,-19.01,0.1774
6.972,11.45,-4.195,-3.264,0.745,-19.01,0.1776
8.528,11.45,-4.195,-3.264,0.745,-19.01,0.1832
10.071,11.45,-4.195,-3.264,0.745,-19.01,0.1677
10.896,11.45,-4.195,-3.264,0.745,-19.01,0.1543
11.818,11.45,-4.195,-3.264,0.745,-19.01,0.1413
-14.267,-11.13,-13.168,-16.532,11.671,0.206,-0.034
-13.879,-11.13,-13.168,-16.532,11.671,0.206,-0.0377
-12.419,-11.13,-13.168,-16.532,11.671,0.206,-0.0519
-10.415,-11.13,-13.168,-16.532,11.671,0.206,-0.072
-8.536,-11.13,-13.168,-16.532,11.671,0.206,-0.0858
-3.541,-11.13,-13.168,-16.532,11.671,0.206,-0.0484
-1.473,-11.13,-13.168,-16.532,11.671,0.206,-0.0374
-1.301,-11.13,-13.168,-16.532,11.671,0.206,-0.0368
3.365,-11.13,-13.168,-16.532,11.671,0.206,-0.0421
5.964,-11.13,-13.168,-16.532,11.671,0.206,-0.0533
6.243,-11.13,-13.168,-16.532,11.671,0.206,-0.0547
11.719,-11.13,-13.168,-16.532,11.671,0.206,-0.0516
11.758,-11.13,-13.168,-16.532,11.671,0.206,-0.0512
13.765,-11.13,-13.168,-16.532,11.671,0.206,-0.0319
-14.994,1.05,-3.508,7.015,5.92,2.724,0.0114
-13.758,1.05,-3.508,7.015,5.92,2.724,0.016
-11.252,1.05,-3.508,7.015,5.92,2.724,0.0243
-7.216,1.05,-3.508,7.015,5.92,2.724,0.0275
-6.462,1.05,-3.508,7.015,5.92,2.724,0.0286
-5.28,1.05,-3.508,7.015,5.92,2.724,0.0319
-4.88,1.05,-3.508,7.015,5.92,2.724,0.0331
0.058,1.05,-3.508,7.015,5.92,2.724,0.0369
1.094,1.05,-3.508,7.015,5.92,2.724,0.0367
3.656,1.05,-3.508,7.015,5.92,2.724,0.0402
6.932,1.05,-3.508,7.015,5.92,2.724,0.0315
7.815,1.05,-3.508,7.015,5.92,2.724,0.0306
8.124,1.05,-3.508,7.015,5.92,2.724,0.0306
8.317,1.05,-3.508,7.015,5.92,2.724,0.0307
-11.009,-8.23,12.541,7.384,8.988,14.415,-0.1447
-5.842,-8.23,12.541,7.384,8.988,14.415,-0.1468
-2.857,-8.23,12.541,7.384,8.988,14.415,-0.1121
0.018,-8.23,12.541,7.384,8.988,14.415,-0.0872
0.293,-8.23,12.541,7.384,8.988,14.415,-0.0866
1.544,-8.23,12.541,7.384,8.988,14.415,-0.0878
2.003,-8.23,12.541,7.384,8.988,14.415,-0.0898
2.716,-8.23,12.541,7.384,8.988,14.415,-0.0943
3.475,-8.23,12.541,7.384,8.988,14.415,-0.1007
4.855,-8.23,12.541,7.384,8.988,14.415,-0.1151
6.264,-8.23,12.541,7.384,8.988,14.415,-0.129
6.909,-8.23,12.541,7.384,8.988,14.415,-0.1345
9.007,-8.23,12.541,7.384,8.988,14.415,-0.157
9.809,-8.23,12.541,7.384,8.988,14.415,-0.1719
-13.592,-0.61,-13.668,-0.32,-5.7,-6.849,0.0517
-13.072,-0.61,-13.668,-0.32,-5.7,-6.849,0.0497
-12.123,-0.61,-13.668,-0.32,-5.7,-6.849,0.0471
-4.678,-0.61,-13.668,-0.32,-5.7,-6.849,0.0516
-3.839,-0.61,-13.668,-0.32,-5.7,-6.849,0.058
-3.57,-0.61,-13.668,-0.32,-5.7,-6.849,0.0616
-3.395,-0.61,-13.668,-0.32,-5.7,-6.849,0.0642
-3.312,-0.61,-13.668,-0.32,-5.7,-6.849,0.0655
-2.989,-0.61,-13.668,-0.32,-5.7,-6.849,0.0696
-1.341,-0.61,-13.668,-0.32,-5.7,-6.849,0.0479
0.289,-0.61,-13.668,-0.32,-5.7,-6.849,0.0301
2.932,-0.61,-13.668,-0.32,-5.7,-6.849,0.0546
3.099,-0.61,-13.668,-0.32,-5.7,-6.849,0.0555
10.41,-0.61,-13.668,-0.32,-5.7,-6.849,0.0354
-10.472,-14.68,-1.77,-19.988,-8.921,15.345,-0.1684
-8.607,-14.68,-1.77,-19.988,-8.921,15.345,-0.179
-5.464,-14.68,-1.77,-19.988,-8.921,15.345,-0.1954
-4.872,-14.68,-1.77,-19.988,-8.921,15.345,-0.1984
-0.476,-14.68,-1.77,-19.988,-8.921,15.345,-0.2097
0.723,-14.68,-1.77,-19.988,-8.921,15.345,-0.2095
0.745,-14.68,-1.77,-19.988,-8.921,15.345,-0.2095
1.732,-14.68,-1.77,-19.988,-8.921,15.345,-0.2083
3.048,-14.68,-1.77,-19.988,-8.921,15.345,-0.2057
6.123,-14.68,-1.77,-19.988,-8.921,15.345,-0.1848
7.409,-14.68,-1.77,-19.988,-8.921,15.345,-0.1933
8.952,-14.68,-1.77,-19.988,-8.921,15.345,-0.2118
11.067,-14.68,-1.77,-19.988,-8.921,15.345,-0.1789
11.657,-14.68,-1.77,-19.988,-8.921,15.345,-0.1736
-14.602,-13.25,-1.204,-0.307,0.154,-10.419,-0.1
-12.109,-13.25,-1.204,-0.307,0.154,-10.419,-0.1208
-11.745,-13.25,-1.204,-0.307,0.154,-10.419,-0.124
-9.802,-13.25,-1.204,-0.307,0.154,-10.419,-0.1424
-4.314,-13.25,-1.204,-0.307,0.154,-10.419,-0.1795
-3.593,-13.25,-1.204,-0.307,0.154,-10.419,-0.1768
-2.475,-13.25,-1.204,-0.307,0.154,-10.419,-0.1714
-1.319,-13.25,-1.204,-0.307,0.154,-10.419,-0.1658
1.085,-13.25,-1.204,-0.307,0.154,-10.419,-0.1579
3.403,-13.25,-1.204,-0.307,0.154,-10.419,-0.1566
5.605,-13.25,-1.204,-0.307,0.154,-10.419,-0.1603
9.779,-13.25,-1.204,-0.307,0.154,-10.419,-0.1515
9.933,-13.25,-1.204,-0.307,0.154,-10.419,-0.1504
10.736,-13.25,-1.204,-0.307,0.154,-10.419,-0.1443
-13.373,-8.36,-19.922,1.309,-9.454,-4.245,-0.0168
-13.032,-8.36,-19.922,1.309,-9.454,-4.245,-0.0184
-6.553,-8.36,-19.922,1.309,-9.454,-4.245,-0.0401
-5.704,-8.36,-19.922,1.309,-9.454,-4.245,-0.0427
-5.128,-8.36,-19.922,1.309,-9.454,-4.245,-0.0433
-1.216,-8.36,-19.922,1.309,-9.454,-4.245,-0.0437
1.582,-8.36,-19.922,1.309,-9.454,-4.245,-0.0437
2.123,-8.36,-19.922,1.309,-9.454,-4.245,-0.0434
2.19,-8.36,-19.922,1.309,-9.454,-4.245,-0.0434
4.768,-8.36,-19.922,1.309,-9.454,-4.245,-0.0375
5.51,-8.36,-19.922,1.309,-9.454,-4.245,-0.0347
8.886,-8.36,-19.922,1.309,-9.454,-4.245,-0.038
11.082,-8.36,-19.922,1.309,-9.454,-4.245,-0.0328
11.29,-8.36,-19.922,1.309,-9.454,-4.245,-0.0324
-14.753,12.71,-4.153,-14.97,-16.864,0.23,0.0997
-14.453,12.71,-4.153,-14.97,-16.864,0.23,0.1027
-13.846,12.71,-4.153,-14.97,-16.864,0.23,0.109
-13.29,12.71,-4.153,-14.97,-16.864,0.23,0.1149
-9.713,12.71,-4.153,-14.97,-16.864,0.23,0.1559
-8.1,12.71,-4.153,-14.97,-16.864,0.23,0.1762
-4.753,12.71,-4.153,-14.97,-16.864,0.23,0.2224
-4.398,12.71,-4.153,-14.97,-16.864,0.23,0.2276
2.808,12.71,-4.153,-14.97,-16.864,0.23,0.2359
3.11,12.71,-4.153,-14.97,-16.864,0.23,0.2346
3.128,12.71,-4.153,-14.97,-16.864,0.23,0.2345
6.059,12.71,-4.153,-14.97,-16.864,0.23,0.2096
10.556,12.71,-4.153,-14.97,-16.864,0.23,0.1564
11.073,12.71,-4.153,-14.97,-16.864,0.23,0.1511
-14.965,12.56,6.488,-3.849,-19.262,-5.265,0.0742
-9.556,12.56,6.488,-3.849,-19.262,-5.265,0.1352
-7.56,12.56,6.488,-3.849,-19.262,-5.265,0.1623
-6.088,12.56,6.488,-3.849,-19.262,-5.265,0.1833
-2.505,12.56,6.488,-3.849,-19.262,-5.265,0.1834
0.972,12.56,6.488,-3.849,-19.262,-5.265,0.1689
1.112,12.56,6.488,-3.849,-19.262,-5.265,0.1688
2.678,12.56,6.488,-3.849,-19.262,-5.265,0.1692
3.504,12.56,6.488,-3.849,-19.262,-5.265,0.1703
5.719,12.56,6.488,-3.849,-19.262,-5.265,0.1723
6.223,12.56,6.488,-3.849,-19.262,-5.265,0.1708
6.683,12.56,6.488,-3.849,-19.262,-5.265,0.1682
9.516,12.56,6.488,-3.849,-19.262,-5.265,0.1358
9.904,12.56,6.488,-3.849,-19.262,-5.265,0.1307
-12.789,13.3,10.541,-18.151,-13.949,9.54,0.1003
-11.809,13.3,10.541,-18.151,-13.949,9.54,0.1092
-8.134,13.3,10.541,-18.151,-13.949,9.54,0.1461
-7.963,13.3,10.541,-18.151,-13.949,9.54,0.148
-5.295,13.3,10.541,-18.151,-13.949,9.54,0.1765
-2.001,13.3,10.541,-18.151,-13.949,9.54,0.2001
-1.244,13.3,10.541,-18.151,-13.949,9.54,0.2022
-0.449,13.3,10.541,-18.151,-13.949,9.54,0.2032
1.59,13.3,10.541,-18.151,-13.949,9.54,0.2006
1.706,13.3,10.541,-18.151,-13.949,9.54,0.2002
3.106,13.3,10.541,-18.151,-13.949,9.54,0.194
8.464,13.3,10.541,-18.151,-13.949,9.54,0.1476
11.428,13.3,10.541,-18.151,-13.949,9.54,0.1173
13.299,13.3,10.541,-18.151,-13.949,9.54,0.0989
-13.318,-8.96,9.896,-14.964,0.253,-11.287,-0.0934
-10.996,-8.96,9.896,-14.964,0.253,-11.287,-0.111
-8.535,-8.96,9.896,-14.964,0.253,-11.287,-0.095
-5.394,-8.96,9.896,-14.964,0.253,-11.287,-0.0672
-4.042,-8.96,9.896,-14.964,0.253,-11.287,-0.0581
-1.114,-8.96,9.896,-14.964,0.253,-11.287,-0.0579
-0.063,-8.96,9.896,-14.964,0.253,-11.287,-0.0599
1.196,-8.96,9.896,-14.964,0.253,-11.287,-0.0612
5.038,-8.96,9.896,-14.964,0.253,-11.287,-0.0619
6.485,-8.96,9.896,-14.964,0.253,-11.287,-0.0692
8.162,-8.96,9.896,-14.964,0.253,-11.287,-0.0827
10.484,-8.96,9.896,-14.964,0.253,-11.287,-0.1019
12.153,-8.96,9.896,-14.964,0.253,-11.287,-0.1103
12.688,-8.96,9.896,-14.964,0.253,-11.287,-0.1077
-10.554,11.5,13.412,2.594,0.731,8.479,0.0855
-3.246,11.5,13.412,2.594,0.731,8.479,0.0819
1.003,11.5,13.412,2.594,0.731,8.479,0.0731
2.617,11.5,13.412,2.594,0.731,8.479,0.0741
4.39,11.5,13.412,2.594,0.731,8.479,0.0762
4.59,11.5,13.412,2.594,0.731,8.479,0.0766
5.185,11.5,13.412,2.594,0.731,8.479,0.0777
5.262,11.5,13.412,2.594,0.731,8.479,0.0778
5.57,11.5,13.412,2.594,0.731,8.479,0.0782
7.711,11.5,13.412,2.594,0.731,8.479,0.0837
7.801,11.5,13.412,2.594,0.731,8.479,0.0839
8.214,11.5,13.412,2.594,0.731,8.479,0.085
10.523,11.5,13.412,2.594,0.731,8.479,0.0854
11.893,11.5,13.412,2.594,0.731,8.479,0.0762
-13.985,1.28,-0.381,-5.508,-16.949,-1.304,0.0005
-11.839,1.28,-0.381,-5.508,-16.949,-1.304,-0.0097
-11.343,1.28,-0.381,-5.508,-16.949,-1.304,-0.0189
-6.609,1.28,-0.381,-5.508,-16.949,-1.304,-0.0699
-6.226,1.28,-0.381,-5.508,-16.949,-1.304,-0.063
-3.932,1.28,-0.381,-5.508,-16.949,-1.304,-0.0494
-3.442,1.28,-0.381,-5.508,-16.949,-1.304,-0.048
-3.376,1.28,-0.381,-5.508,-16.949,-1.304,-0.0479
6.421,1.28,-0.381,-5.508,-16.949,-1.304,-0.0564
7.731,1.28,-0.381,-5.508,-16.949,-1.304,-0.0646
8.591,1.28,-0.381,-5.508,-16.949,-1.304,-0.0627
9.442,1.28,-0.381,-5.508,-16.949,-1.304,-0.0533
10.952,1.28,-0.381,-5.508,-16.949,-1.304,-0.034
11.843,1.28,-0.381,-5.508,-16.949,-1.304,-0.0229
-7.07,6.72,-7.342,4.907,10.227,-9.02,0.1141
-4.962,6.72,-7.342,4.907,10.227,-9.02,0.1158
-2.285,6.72,-7.342,4.907,10.227,-9.02,0.1182
-1.93,6.72,-7.342,4.907,10.227,-9.02,0.1184
-0.844,6.72,-7.342,4.907,10.227,-9.02,0.1187
-0.076,6.72,-7.342,4.907,10.227,-9.02,0.1187
1.421,6.72,-7.342,4.907,10.227,-9.02,0.1181
4.32,6.72,-7.342,4.907,10.227,-9.02,0.1148
5.27,6.72,-7.342,4.907,10.227,-9.02,0.1135
5.719,6.72,-7.342,4.907,10.227,-9.02,0.1127
7.662,6.72,-7.342,4.907,10.227,-9.02,0.1078
9.414,6.72,-7.342,4.907,10.227,-9.02,0.1002
10.878,6.72,-7.342,4.907,10.227,-9.02,0.0902
13.496,6.72,-7.342,4.907,10.227,-9.02,0.0779
-13.936,12.42,16.721,11.682,6.939,-18.368,0.1049
-7.583,12.42,16.721,11.682,6.939,-18.368,0.1619
-2.684,12.42,16.721,11.682,6.939,-18.368,0.152
-2.367,12.42,16.721,11.682,6.939,-18.368,0.151
0.023,12.42,16.721,11.682,6.939,-18.368,0.1427
2.13,12.42,16.721,11.682,6.939,-18.368,0.1355
5.43,12.42,16.721,11.682,6.939,-18.368,0.1259
6.834,12.42,16.721,11.682,6.939,-18.368,0.1213
6.846,12.42,16.721,11.682,6.939,-18.368,0.1213
7.007,12.42,16.721,11.682,6.939,-18.368,0.1206
9.049,12.42,16.721,11.682,6.939,-18.368,0.0939
9.566,12.42,16.721,11.682,6.939,-18.368,0.0751
9.909,12.42,16.721,11.682,6.939,-18.368,0.0957
11.591,12.42,16.721,11.682,6.939,-18.368,0.1203
-14.285,-13.81,-18.345,13.866,9.681,-4.889,-0.1065
-13.827,-13.81,-18.345,13.866,9.681,-4.889,-0.1109
-11.588,-13.81,-18.345,13.866,9.681,-4.889,-0.1328
-11.401,-13.81,-18.345,13.866,9.681,-4.889,-0.1347
-1.17,-13.81,-18.345,13.866,9.681,-4.889,-0.2215
-1.166,-13.81,-18.345,13.866,9.681,-4.889,-0.2215
-0.123,-13.81,-18.345,13.866,9.681,-4.889,-0.2188
0.821,-13.81,-18.345,13.866,9.681,-4.889,-0.2161
0.902,-13.81,-18.345,13.866,9.681,-4.889,-0.2158
1.71,-13.81,-18.345,13.866,9.681,-4.889,-0.2133
2.267,-13.81,-18.345,13.866,9.681,-4.889,-0.2114
2.334,-13.81,-18.345,13.866,9.681,-4.889,-0.2112
4.459,-13.81,-18.345,13.866,9.681,-4.889,-0.2011
6.861,-13.81,-18.345,13.866,9.681,-4.889,-0.1831
-14.221,-14.42,-18.277,17.088,-19.05,-0.193,-0.1711
-12.692,-14.42,-18.277,17.088,-19.05,-0.193,-0.1814
-8.112,-14.42,-18.277,17.088,-19.05,-0.193,-0.2071
-5.697,-14.42,-18.277,17.088,-19.05,-0.193,-0.2157
-5.254,-14.42,-18.277,17.088,-19.05,-0.193,-0.2168
-2.912,-14.42,-18.277,17.088,-19.05,-0.193,-0.2196
1.499,-14.42,-18.277,17.088,-19.05,-0.193,-0.2176
5.276,-14.42,-18.277,17.088,-19.05,-0.193,-0.2053
6.198,-14.42,-18.277,17.088,-19.05,-0.193,-0.2015
6.312,-14.42,-18.277,17.088,-19.05,-0.193,-0.201
7.375,-14.42,-18.277,17.088,-19.05,-0.193,-0.1958
9.979,-14.42,-18.277,17.088,-19.05,-0.193,-0.1808
11.163,-14.42,-18.277,17.088,-19.05,-0.193,-0.1736
12.967,-14.42,-18.277,17.088,-19.05,-0.193,-0.1622
-13.512,-12.3,15.814,-4.315,4.223,-19.302,-0.1493
-12.634,-12.3,15.814,-4.315,4.223,-19.302,-0.1575
-11.4,-12.3,15.814,-4.315,4.223,-19.302,-0.1698
-2.998,-12.3,15.814,-4.315,4.223,-19.302,-0.1939
-2.965,-12.3,15.814,-4.315,4.223,-19.302,-0.1937
-2.838,-12.3,15.814,-4.315,4.223,-19.302,-0.193
3.88,-12.3,15.814,-4.315,4.223,-19.302,-0.1974
4.313,-12.3,15.814,-4.315,4.223,-19.302,-0.2003
4.366,-12.3,15.814,-4.315,4.223,-19.302,-0.2008
10.478,-12.3,15.814,-4.315,4.223,-19.302,-0.1965
10.77,-12.3,15.814,-4.315,4.223,-19.302,-0.1935
12.054,-12.3,15.814,-4.315,4.223,-19.302,-0.181
12.126,-12.3,15.814,-4.315,4.223,-19.302,-0.1804
13.184,-12.3,15.814,-4.315,4.223,-19.302,-0.1708
-11.766,-7.88,1.195,-6.7,-3.416,9.103,-0.061
-11.186,-7.88,1.195,-6.7,-3.416,9.103,-0.063
-10.103,-7.88,1.195,-6.7,-3.416,9.103,-0.0653
-8.118,-7.88,1.195,-6.7,-3.416,9.103,-0.0677
-7.66,-7.88,1.195,-6.7,-3.416,9.103,-0.0666
-7.602,-7.88,1.195,-6.7,-3.416,9.103,-0.0664
-7.208,-7.88,1.195,-6.7,-3.416,9.103,-0.0651
-5.327,-7.88,1.195,-6.7,-3.416,9.103,-0.0563
-3.158,-7.88,1.195,-6.7,-3.416,9.103,-0.0573
1.566,-7.88,1.195,-6.7,-3.416,9.103,-0.0671
2.34,-7.88,1.195,-6.7,-3.416,9.103,-0.0663
4.773,-7.88,1.195,-6.7,-3.416,9.103,-0.0594
5.081,-7.88,1.195,-6.7,-3.416,9.103,-0.058
6.542,-7.88,1.195,-6.7,-3.416,9.103,-0.0538
-11.967,1.03,1.818,-6.028,13.546,15.341,0.0181
-7.863,1.03,1.818,-6.028,13.546,15.341,0.0641
-6.651,1.03,1.818,-6.028,13.546,15.341,0.0489
-4.327,1.03,1.818,-6.028,13.546,15.341,0.0368
-4.027,1.03,1.818,-6.028,13.546,15.341,0.037
-3.755,1.03,1.818,-6.028,13.546,15.341,0.0377
-3.349,1.03,1.818,-6.028,13.546,15.341,0.0372
-0.697,1.03,1.818,-6.028,13.546,15.341,0.0283
0.009,1.03,1.818,-6.028,13.546,15.341,0.0312
0.92,1.03,1.818,-6.028,13.546,15.341,0.0332
3.937,1.03,1.818,-6.028,13.546,15.341,0.0372
9.951,1.03,1.818,-6.028,13.546,15.341,0.0307
10.919,1.03,1.818,-6.028,13.546,15.341,0.0218
11.456,1.03,1.818,-6.028,13.546,15.341,0.0175
-14.298,-12.97,-0.352,6.238,17.83,-11.621,-0.0923
-13.508,-12.97,-0.352,6.238,17.83,-11.621,-0.1002
-9.859,-12.97,-0.352,6.238,17.83,-11.621,-0.141
-8.135,-12.97,-0.352,6.238,17.83,-11.621,-0.1621
-6.792,-12.97,-0.352,6.238,17.83,-11.621,-0.1762
-4.562,-12.97,-0.352,6.238,17.83,-11.621,-0.1796
3.175,-12.97,-0.352,6.238,17.83,-11.621,-0.1538
3.42,-12.97,-0.352,6.238,17.83,-11.621,-0.1544
5.383,-12.97,-0.352,6.238,17.83,-11.621,-0.1613
9.306,-12.97,-0.352,6.238,17.83,-11.621,-0.1549
11.446,-12.97,-0.352,6.238,17.83,-11.621,-0.1348
11.609,-12.97,-0.352,6.238,17.83,-11.621,-0.1333
12.575,-12.97,-0.352,6.238,17.83,-11.621,-0.1243
12.998,-12.97,-0.352,6.238,17.83,-11.621,-0.1204
-14.883,-1.36,10.599,-1.904,19.84,-9.062,-0.0187
-10.911,-1.36,10.599,-1.904,19.84,-9.062,0.0098
-8.993,-1.36,10.599,-1.904,19.84,-9.062,0.046
-2.132,-1.36,10.599,-1.904,19.84,-9.062,-0.0291
-1.992,-1.36,10.599,-1.904,19.84,-9.062,-0.0286
1.755,-1.36,10.599,-1.904,19.84,-9.062,-0.0138
7.559,-1.36,10.599,-1.904,19.84,-9.062,0.0285
7.703,-1.36,10.599,-1.904,19.84,-9.062,0.0298
9.344,-1.36,10.599,-1.904,19.84,-9.062,0.0277
10.195,-1.36,10.599,-1.904,19.84,-9.062,0.0167
11.632,-1.36,10.599,-1.904,19.84,-9.062,-0.0049
12.692,-1.36,10.599,-1.904,19.84,-9.062,-0.0264
13.254,-1.36,10.599,-1.904,19.84,-9.062,-0.0381
13.618,-1.36,10.599,-1.904,19.84,-9.062,-0.0409
-14.699,-3.39,4.109,5.968,19.66,-15.226,-0.0035
-12.573,-3.39,4.109,5.968,19.66,-15.226,-0.003
-11.694,-3.39,4.109,5.968,19.66,-15.226,0.0135
-11.009,-3.39,4.109,5.968,19.66,-15.226,0.0232
-9.901,-3.39,4.109,5.968,19.66,-15.226,0.0407
-4.406,-3.39,4.109,5.968,19.66,-15.226,0.0261
-1.114,-3.39,4.109,5.968,19.66,-15.226,0.0054
1.941,-3.39,4.109,5.968,19.66,-15.226,0.0084
3.032,-3.39,4.109,5.968,19.66,-15.226,0.0157
4.408,-3.39,4.109,5.968,19.66,-15.226,0.0207
6.56,-3.39,4.109,5.968,19.66,-15.226,0.0308
6.694,-3.39,4.109,5.968,19.66,-15.226,0.0318
6.914,-3.39,4.109,5.968,19.66,-15.226,0.0335
7.842,-3.39,4.109,5.968,19.66,-15.226,0.0386
-14.359,4.13,-3.305,-17.641,18.893,-4.578,0.0297
-13.195,4.13,-3.305,-17.641,18.893,-4.578,0.0244
-12.289,4.13,-3.305,-17.641,18.893,-4.578,0.044
-10.956,4.13,-3.305,-17.641,18.893,-4.578,0.0739
-4.952,4.13,-3.305,-17.641,18.893,-4.578,0.1213
-0.801,4.13,-3.305,-17.641,18.893,-4.578,0.1093
-0.588,4.13,-3.305,-17.641,18.893,-4.578,0.109
0.701,4.13,-3.305,-17.641,18.893,-4.578,0.1084
1.982,4.13,-3.305,-17.641,18.893,-4.578,0.1097
4.503,4.13,-3.305,-17.641,18.893,-4.578,0.1161
9.193,4.13,-3.305,-17.641,18.893,-4.578,0.1115
9.967,4.13,-3.305,-17.641,18.893,-4.578,0.0996
11.284,4.13,-3.305,-17.641,18.893,-4.578,0.0825
12.416,4.13,-3.305,-17.641,18.893,-4.578,0.0692
-14.274,4.12,4.432,11.067,15.475,7.179,-0.0054
-11.857,4.12,4.432,11.067,15.475,7.179,-0.0006
-10.183,4.12,4.432,11.067,15.475,7.179,0.0152
-9.615,4.12,4.432,11.067,15.475,7.179,0.0201
-6.998,4.12,4.432,11.067,15.475,7.179,0.054
-4.236,4.12,4.432,11.067,15.475,7.179,0.0402
-2.655,4.12,4.432,11.067,15.475,7.179,0.0408
-0.94,4.12,4.432,11.067,15.475,7.179,0.0413
0.776,4.12,4.432,11.067,15.475,7.179,0.0418
2.104,4.12,4.432,11.067,15.475,7.179,0.0427
5.156,4.12,4.432,11.067,15.475,7.179,0.046
8.893,4.12,4.432,11.067,15.475,7.179,0.0373
12.933,4.12,4.432,11.067,15.475,7.179,0.0107
13.344,4.12,4.432,11.067,15.475,7.179,0.0084
-14.948,-5.47,-13.94,12.044,15.783,6.762,0.0393
-13.66,-5.47,-13.94,12.044,15.783,6.762,0.018
-13.381,-5.47,-13.94,12.044,15.783,6.762,0.0118
-13.062,-5.47,-13.94,12.044,15.783,6.762,0.0037
-8.769,-5.47,-13.94,12.044,15.783,6.762,0.0336
-7.694,-5.47,-13.94,12.044,15.783,6.762,0.0549
-4.621,-5.47,-13.94,12.044,15.783,6.762,0.0859
1.923,-5.47,-13.94,12.044,15.783,6.762,0.0741
2.819,-5.47,-13.94,12.044,15.783,6.762,0.0731
4.107,-5.47,-13.94,12.044,15.783,6.762,0.074
4.719,-5.47,-13.94,12.044,15.783,6.762,0.0756
9.004,-5.47,-13.94,12.044,15.783,6.762,0.052
9.024,-5.47,-13.94,12.044,15.783,6.762,0.0517
10.358,-5.47,-13.94,12.044,15.783,6.762,0.0384
-14.839,-11.0,-10.664,-13.606,14.859,19.798,-0.0331
-10.969,-11.0,-10.664,-13.606,14.859,19.798,-0.073
-5.268,-11.0,-10.664,-13.606,14.859,19.798,-0.116
-4.93,-11.0,-10.664,-13.606,14.859,19.798,-0.1148
-2.203,-11.0,-10.664,-13.606,14.859,19.798,-0.1035
-0.529,-11.0,-10.664,-13.606,14.859,19.798,-0.0989
-0.249,-11.0,-10.664,-13.606,14.859,19.798,-0.0985
4.311,-11.0,-10.664,-13.606,14.859,19.798,-0.1082
5.012,-11.0,-10.664,-13.606,14.859,19.798,-0.1123
5.174,-11.0,-10.664,-13.606,14.859,19.798,-0.1132
7.733,-11.0,-10.664,-13.606,14.859,19.798,-0.1172
10.956,-11.0,-10.664,-13.606,14.859,19.798,-0.0778
12.511,-11.0,-10.664,-13.606,14.859,19.798,-0.0586
12.941,-11.0,-10.664,-13.606,14.859,19.798,-0.0536
-13.616,-9.26,5.724,4.623,12.867,-2.896,-0.0749
-13.414,-9.26,5.724,4.623,12.867,-2.896,-0.0775
-13.258,-9.26,5.724,4.623,12.867,-2.896,-0.0796
-13.217,-9.26,5.724,4.623,12.867,-2.896,-0.0802
-12.524,-9.26,5.724,4.623,12.867,-2.896,-0.0904
-11.617,-9.26,5.724,4.623,12.867,-2.896,-0.1064
-10.939,-9.26,5.724,4.623,12.867,-2.896,-0.1216
-3.169,-9.26,5.724,4.623,12.867,-2.896,-0.0675
-2.533,-9.26,5.724,4.623,12.867,-2.896,-0.0616
-2.445,-9.26,5.724,4.623,12.867,-2.896,-0.0609
0.495,-9.26,5.724,4.623,12.867,-2.896,-0.0506
3.007,-9.26,5.724,4.623,12.867,-2.896,-0.0581
8.386,-9.26,5.724,4.623,12.867,-2.896,-0.1069
12.74,-9.26,5.724,4.623,12.867,-2.896,-0.1
-14.269,3.53,11.707,-4.523,12.839,-0.516,-0.0344
-12.421,3.53,11.707,-4.523,12.839,-0.516,-0.0305
-6.873,3.53,11.707,-4.523,12.839,-0.516,0.0155
0.065,3.53,11.707,-4.523,12.839,-0.516,-0.016
4.083,3.53,11.707,-4.523,12.839,-0.516,-0.0029
7.232,3.53,11.707,-4.523,12.839,-0.516,0.0146
7.796,3.53,11.707,-4.523,12.839,-0.516,0.0176
10.427,3.53,11.707,-4.523,12.839,-0.516,0.0027
10.875,3.53,11.707,-4.523,12.839,-0.516,-0.0007
11.768,3.53,11.707,-4.523,12.839,-0.516,-0.0071
12.084,3.53,11.707,-4.523,12.839,-0.516,-0.0099
12.21,3.53,11.707,-4.523,12.839,-0.516,-0.011
13.108,3.53,11.707,-4.523,12.839,-0.516,-0.0179
14.189,3.53,11.707,-4.523,12.839,-0.516,-0.0219
-14.725,12.36,8.062,1.053,13.068,6.337,0.0894
-14.62,12.36,8.062,1.053,13.068,6.337,0.0901
-13.809,12.36,8.062,1.053,13.068,6.337,0.0953
-13.573,12.36,8.062,1.053,13.068,6.337,0.0968
-13.331,12.36,8.062,1.053,13.068,6.337,0.0983
-9.978,12.36,8.062,1.053,13.068,6.337,0.1199
-7.911,12.36,8.062,1.053,13.068,6.337,0.1279
-4.668,12.36,8.062,1.053,13.068,6.337,0.1212
-4.506,12.36,8.062,1.053,13.068,6.337,0.1193
1.635,12.36,8.062,1.053,13.068,6.337,0.1364
1.821,12.36,8.062,1.053,13.068,6.337,0.1365
2.228,12.36,8.062,1.053,13.068,6.337,0.1368
6.491,12.36,8.062,1.053,13.068,6.337,0.1419
6.682,12.36,8.062,1.053,13.068,6.337,0.1422
-14.916,6.36,18.302,-14.657,18.823,12.229,-0.0149
-6.535,6.36,18.302,-14.657,18.823,12.229,0.0339
-6.115,6.36,18.302,-14.657,18.823,12.229,0.0392
-3.737,6.36,18.302,-14.657,18.823,12.229,0.0704
1.095,6.36,18.302,-14.657,18.823,12.229,0.0649
3.535,6.36,18.302,-14.657,18.823,12.229,0.0679
5.038,6.36,18.302,-14.657,18.823,12.229,0.0565
5.311,6.36,18.302,-14.657,18.823,12.229,0.054
5.462,6.36,18.302,-14.657,18.823,12.229,0.0527
6.098,6.36,18.302,-14.657,18.823,12.229,0.0469
8.494,6.36,18.302,-14.657,18.823,12.229,0.0265
8.584,6.36,18.302,-14.657,18.823,12.229,0.0258
11.981,6.36,18.302,-14.657,18.823,12.229,0.0012
13.035,6.36,18.302,-14.657,18.823,12.229,0.0036
-11.505,-0.21,-3.418,8.142,-9.263,17.126,-0.0261
-10.092,-0.21,-3.418,8.142,-9.263,17.126,-0.0485
-6.904,-0.21,-3.418,8.142,-9.263,17.126,-0.0348
-4.395,-0.21,-3.418,8.142,-9.263,17.126,-0.0199
-2.651,-0.21,-3.418,8.142,-9.263,17.126,0.0123
-2.531,-0.21,-3.418,8.142,-9.263,17.126,0.0158
-2.111,-0.21,-3.418,8.142,-9.263,17.126,0.0252
0.092,-0.21,-3.418,8.142,-9.263,17.126,-0.016
0.213,-0.21,-3.418,8.142,-9.263,17.126,-0.0164
0.677,-0.21,-3.418,8.142,-9.263,17.126,-0.012
2.308,-0.21,-3.418,8.142,-9.263,17.126,0.017
6.752,-0.21,-3.418,8.142,-9.263,17.126,-0.0308
9.645,-0.21,-3.418,8.142,-9.263,17.126,-0.0497
11.844,-0.21,-3.418,8.142,-9.263,17.126,-0.0301
-13.96,9.12,-3.64,-3.615,-4.2,-11.271,0.079
-13.339,9.12,-3.64,-3.615,-4.2,-11.271,0.0857
-7.965,9.12,-3.64,-3.615,-4.2,-11.271,0.1298
-6.5,9.12,-3.64,-3.615,-4.2,-11.271,0.1147
-2.069,9.12,-3.64,-3.615,-4.2,-11.271,0.0719
-1.116,9.12,-3.64,-3.615,-4.2,-11.271,0.0667
-0.443,9.12,-3.64,-3.615,-4.2,-11.271,0.0649
-0.294,9.12,-3.64,-3.615,-4.2,-11.271,0.0647
2.277,9.12,-3.64,-3.615,-4.2,-11.271,0.0691
5.542,9.12,-3.64,-3.615,-4.2,-11.271,0.0919
7.057,9.12,-3.64,-3.615,-4.2,-11.271,0.1024
10.049,9.12,-3.64,-3.615,-4.2,-11.271,0.125
10.081,9.12,-3.64,-3.615,-4.2,-11.271,0.1253
11.35,9.12,-3.64,-3.615,-4.2,-11.271,0.1272
-14.943,11.95,-10.509,-17.069,-1.926,-3.665,0.1338
-14.111,11.95,-10.509,-17.069,-1.926,-3.665,0.1412
-11.584,11.95,-10.509,-17.069,-1.926,-3.665,0.166
-9.523,11.95,-10.509,-17.069,-1.926,-3.665,0.1897
-3.169,11.95,-10.509,-17.069,-1.926,-3.665,0.2694
-2.854,11.95,-10.509,-17.069,-1.926,-3.665,0.2667
0.714,11.95,-10.509,-17.069,-1.926,-3.665,0.248
2.019,11.95,-10.509,-17.069,-1.926,-3.665,0.2474
3.251,11.95,-10.509,-17.069,-1.926,-3.665,0.2498
6.314,11.95,-10.509,-17.069,-1.926,-3.665,0.2551
11.108,11.95,-10.509,-17.069,-1.926,-3.665,0.1832
11.335,11.95,-10.509,-17.069,-1.926,-3.665,0.1808
11.623,11.95,-10.509,-17.069,-1.926,-3.665,0.1778
14.637,11.95,-10.509,-17.069,-1.926,-3.665,0.1483
-14.611,-2.53,-6.818,-9.133,-19.762,13.628,0.0039
-9.522,-2.53,-6.818,-9.133,-19.762,13.628,-0.0208
-8.298,-2.53,-6.818,-9.133,-19.762,13.628,-0.0451
-4.674,-2.53,-6.818,-9.133,-19.762,13.628,-0.0484
-2.885,-2.53,-6.818,-9.133,-19.762,13.628,-0.0384
-2.1,-2.53,-6.818,-9.133,-19.762,13.628,-0.0342
1.413,-2.53,-6.818,-9.133,-19.762,13.628,-0.0312
1.911,-2.53,-6.818,-9.133,-19.762,13.628,-0.0332
2.356,-2.53,-6.818,-9.133,-19.762,13.628,-0.0352
6.14,-2.53,-6.818,-9.133,-19.762,13.628,-0.0572
6.989,-2.53,-6.818,-9.133,-19.762,13.628,-0.0612
10.893,-2.53,-6.818,-9.133,-19.762,13.628,-0.0209
11.402,-2.53,-6.818,-9.133,-19.762,13.628,-0.0147
13.13,-2.53,-6.818,-9.133,-19.762,13.628,0.002
-13.26,-11.09,12.007,13.662,-9.251,14.753,-0.1671
-13.118,-11.09,12.007,13.662,-9.251,14.753,-0.1682
-12.359,-11.09,12.007,13.662,-9.251,14.753,-0.1742
-7.1,-11.09,12.007,13.662,-9.251,14.753,-0.2184
-4.887,-11.09,12.007,13.662,-9.251,14.753,-0.2285
-0.489,-11.09,12.007,13.662,-9.251,14.753,-0.2315
1.359,-11.09,12.007,13.662,-9.251,14.753,-0.2287
4.861,-11.09,12.007,13.662,-9.251,14.753,-0.2187
5.358,-11.09,12.007,13.662,-9.251,14.753,-0.2169
7.175,-11.09,12.007,13.662,-9.251,14.753,-0.21
9.191,-11.09,12.007,13.662,-9.251,14.753,-0.2027
9.973,-11.09,12.007,13.662,-9.251,14.753,-0.1994
12.45,-11.09,12.007,13.662,-9.251,14.753,-0.1796
12.727,-11.09,12.007,13.662,-9.251,14.753,-0.1771
-14.472,0.74,18.767,-17.453,-1.75,13.68,-0.0709
-12.05,0.74,18.767,-17.453,-1.75,13.68,-0.078
-11.162,0.74,18.767,-17.453,-1.75,13.68,-0.0815
-9.077,0.74,18.767,-17.453,-1.75,13.68,-0.0964
-5.096,0.74,18.767,-17.453,-1.75,13.68,-0.0923
-0.229,0.74,18.767,-17.453,-1.75,13.68,-0.0771
0.842,0.74,18.767,-17.453,-1.75,13.68,-0.0781
4.791,0.74,18.767,-17.453,-1.75,13.68,-0.0871
5.953,0.74,18.767,-17.453,-1.75,13.68,-0.0828
6.566,0.74,18.767,-17.453,-1.75,13.68,-0.0809
8.405,0.74,18.767,-17.453,-1.75,13.68,-0.0767
9.966,0.74,18.767,-17.453,-1.75,13.68,-0.0767
13.919,0.74,18.767,-17.453,-1.75,13.68,-0.0728
14.423,0.74,18.767,-17.453,-1.75,13.68,-0.0715
-11.42,9.93,0.345,19.086,19.192,1.05,0.0765
-6.914,9.93,0.345,19.086,19.192,1.05,0.1112
-6.608,9.93,0.345,19.086,19.192,1.05,0.1128
-5.465,9.93,0.345,19.086,19.192,1.05,0.1175
-4.77,9.93,0.345,19.086,19.192,1.05,0.1198
-3.978,9.93,0.345,19.086,19.192,1.05,0.1221
-1.791,9.93,0.345,19.086,19.192,1.05,0.1257
-1.571,9.93,0.345,19.086,19.192,1.05,0.1259
-0.172,9.93,0.345,19.086,19.192,1.05,0.1266
1.756,9.93,0.345,19.086,19.192,1.05,0.1262
2.742,9.93,0.345,19.086,19.192,1.05,0.1251
9.293,9.93,0.345,19.086,19.192,1.05,0.1112
10.209,9.93,0.345,19.086,19.192,1.05,0.1103
13.571,9.93,0.345,19.086,19.192,1.05,0.1081
-12.118,-5.53,12.18,11.667,-0.189,-8.697,-0.0732
-10.481,-5.53,12.18,11.667,-0.189,-8.697,-0.0751
-4.609,-5.53,12.18,11.667,-0.189,-8.697,-0.0834
-3.877,-5.53,12.18,11.667,-0.189,-8.697,-0.0871
-2.57,-5.53,12.18,11.667,-0.189,-8.697,-0.0909
-0.898,-5.53,12.18,11.667,-0.189,-8.697,-0.0934
0.49,-5.53,12.18,11.667,-0.189,-8.697,-0.0938
0.59,-5.53,12.18,11.667,-0.189,-8.697,-0.0937
2.56,-5.53,12.18,11.667,-0.189,-8.697,-0.0909
4.643,-5.53,12.18,11.667,-0.189,-8.697,-0.0846
4.981,-5.53,12.18,11.667,-0.189,-8.697,-0.0831
7.594,-5.53,12.18,11.667,-0.189,-8.697,-0.0658
7.778,-5.53,12.18,11.667,-0.189,-8.697,-0.0645
8.116,-5.53,12.18,11.667,-0.189,-8.697,-0.0623
-10.235,-7.9,14.229,-3.23,-15.665,-6.755,-0.1378
-9.276,-7.9,14.229,-3.23,-15.665,-6.755,-0.1496
-8.085,-7.9,14.229,-3.23,-15.665,-6.755,-0.1563
-8.007,-7.9,14.229,-3.23,-15.665,-6.755,-0.1562
-4.255,-7.9,14.229,-3.23,-15.665,-6.755,-0.1655
-2.744,-7.9,14.229,-3.23,-15.665,-6.755,-0.1693
-1.726,-7.9,14.229,-3.23,-15.665,-6.755,-0.171
1.235,-7.9,14.229,-3.23,-15.665,-6.755,-0.173
2.022,-7.9,14.229,-3.23,-15.665,-6.755,-0.1727
5.749,-7.9,14.229,-3.23,-15.665,-6.755,-0.1614
9.869,-7.9,14.229,-3.23,-15.665,-6.755,-0.1344
9.904,-7.9,14.229,-3.23,-15.665,-6.755,-0.1341
11.577,-7.9,14.229,-3.23,-15.665,-6.755,-0.1261
13.236,-7.9,14.229,-3.23,-15.665,-6.755,-0.123
-13.045,-14.53,14.359,18.634,5.697,13.656,-0.2111
-11.317,-14.53,14.359,18.634,5.697,13.656,-0.2276
-8.914,-14.53,14.359,18.634,5.697,13.656,-0.2506
-8.5,-14.53,14.359,18.634,5.697,13.656,-0.2544
-7.36,-14.53,14.359,18.634,5.697,13.656,-0.2644
-7.092,-14.53,14.359,18.634,5.697,13.656,-0.2667
-5.647,-14.53,14.359,18.634,5.697,13.656,-0.2783
-3.272,-14.53,14.359,18.634,5.697,13.656,-0.2929
0.452,-14.53,14.359,18.634,5.697,13.656,-0.3023
0.464,-14.53,14.359,18.634,5.697,13.656,-0.3023
1.848,-14.53,14.359,18.634,5.697,13.656,-0.2999
5.743,-14.53,14.359,18.634,5.697,13.656,-0.2777
6.229,-14.53,14.359,18.634,5.697,13.656,-0.2741
9.657,-14.53,14.359,18.634,5.697,13.656,-0.2444
-13.373,4.45,12.415,-2.357,2.334,-1.21,-0.0378
-11.747,4.45,12.415,-2.357,2.334,-1.21,-0.0367
-9.033,4.45,12.415,-2.357,2.334,-1.21,-0.0294
-5.648,4.45,12.415,-2.357,2.334,-1.21,-0.0274
-2.433,4.45,12.415,-2.357,2.334,-1.21,-0.0328
-0.818,4.45,12.415,-2.357,2.334,-1.21,-0.0361
-0.71,4.45,12.415,-2.357,2.334,-1.21,-0.0362
0.714,4.45,12.415,-2.357,2.334,-1.21,-0.036
1.913,4.45,12.415,-2.357,2.334,-1.21,-0.0342
4.7,4.45,12.415,-2.357,2.334,-1.21,-0.028
8.131,4.45,12.415,-2.357,2.334,-1.21,-0.0226
8.132,4.45,12.415,-2.357,2.334,-1.21,-0.0226
8.943,4.45,12.415,-2.357,2.334,-1.21,-0.0244
10.483,4.45,12.415,-2.357,2.334,-1.21,-0.0318
-9.738,5.07,-6.722,6.037,-2.467,-16.187,0.0475
-8.941,5.07,-6.722,6.037,-2.467,-16.187,0.0416
-6.431,5.07,-6.722,6.037,-2.467,-16.187,0.037
-6.057,5.07,-6.722,6.037,-2.467,-16.187,0.0404
-4.809,5.07,-6.722,6.037,-2.467,-16.187,0.0498
-3.943,5.07,-6.722,6.037,-2.467,-16.187,0.053
-2.647,5.07,-6.722,6.037,-2.467,-16.187,0.0544
-1.185,5.07,-6.722,6.037,-2.467,-16.187,0.0542
-0.718,5.07,-6.722,6.037,-2.467,-16.187,0.0541
2.428,5.07,-6.722,6.037,-2.467,-16.187,0.052
6.573,5.07,-6.722,6.037,-2.467,-16.187,0.0397
8.305,5.07,-6.722,6.037,-2.467,-16.187,0.028
8.374,5.07,-6.722,6.037,-2.467,-16.187,0.0276
10.838,5.07,-6.722,6.037,-2.467,-16.187,0.035
-14.867,7.85,-13.796,16.884,17.904,16.165,0.0922
-14.612,7.85,-13.796,16.884,17.904,16.165,0.0946
-14.531,7.85,-13.796,16.884,17.904,16.165,0.0955
-14.249,7.85,-13.796,16.884,17.904,16.165,0.099
-9.263,7.85,-13.796,16.884,17.904,16.165,0.1249
-8.468,7.85,-13.796,16.884,17.904,16.165,0.1286
-4.821,7.85,-13.796,16.884,17.904,16.165,0.1434
2.122,7.85,-13.796,16.884,17.904,16.165,0.1561
2.468,7.85,-13.796,16.884,17.904,16.165,0.1551
3.813,7.85,-13.796,16.884,17.904,16.165,0.1502
7.021,7.85,-13.796,16.884,17.904,16.165,0.1367
8.576,7.85,-13.796,16.884,17.904,16.165,0.1312
8.626,7.85,-13.796,16.884,17.904,16.165,0.131
10.935,7.85,-13.796,16.884,17.904,16.165,0.1212
-13.688,12.08,4.837,10.316,-7.006,12.039,0.0623
-11.665,12.08,4.837,10.316,-7.006,12.039,0.0798
-11.601,12.08,4.837,10.316,-7.006,12.039,0.0804
-8.208,12.08,4.837,10.316,-7.006,12.039,0.105
-7.989,12.08,4.837,10.316,-7.006,12.039,0.1055
-7.728,12.08,4.837,10.316,-7.006,12.039,0.1057
-6.645,12.08,4.837,10.316,-7.006,12.039,0.103
-5.76,12.08,4.837,10.316,-7.006,12.039,0.0983
-2.796,12.08,4.837,10.316,-7.006,12.039,0.0814
-1.595,12.08,4.837,10.316,-7.006,12.039,0.0767
1.62,12.08,4.837,10.316,-7.006,12.039,0.073
5.643,12.08,4.837,10.316,-7.006,12.039,0.0858
6.057,12.08,4.837,10.316,-7.006,12.039,0.0884
10.386,12.08,4.837,10.316,-7.006,12.039,0.0986
-12.557,5.05,-2.935,-7.016,-8.478,-7.483,0.0595
-10.511,5.05,-2.935,-7.016,-8.478,-7.483,0.0425
-8.326,5.05,-2.935,-7.016,-8.478,-7.483,0.022
-8.205,5.05,-2.935,-7.016,-8.478,-7.483,0.0202
-7.529,5.05,-2.935,-7.016,-8.478,-7.483,0.0083
-6.767,5.05,-2.935,-7.016,-8.478,-7.483,-0.0069
-5.763,5.05,-2.935,-7.016,-8.478,-7.483,-0.0138
-5.198,5.05,-2.935,-7.016,-8.478,-7.483,-0.0075
1.439,5.05,-2.935,-7.016,-8.478,-7.483,0.014
2.736,5.05,-2.935,-7.016,-8.478,-7.483,0.0135
4.371,5.05,-2.935,-7.016,-8.478,-7.483,0.0087
5.892,5.05,-2.935,-7.016,-8.478,-7.483,-0.0021
10.179,5.05,-2.935,-7.016,-8.478,-7.483,0.0261
11.453,5.05,-2.935,-7.016,-8.478,-7.483,0.0353
-14.672,7.95,-14.972,4.633,13.112,-7.594,0.1099
-7.341,7.95,-14.972,4.633,13.112,-7.594,0.1679
-3.798,7.95,-14.972,4.633,13.112,-7.594,0.1755
-2.172,7.95,-14.972,4.633,13.112,-7.594,0.1755
-0.937,7.95,-14.972,4.633,13.112,-7.594,0.1759
0.719,7.95,-14.972,4.633,13.112,-7.594,0.1756
0.914,7.95,-14.972,4.633,13.112,-7.594,0.1755
4.72,7.95,-14.972,4.633,13.112,-7.594,0.1706
5.78,7.95,-14.972,4.633,13.112,-7.594,0.1683
6.352,7.95,-14.972,4.633,13.112,-7.594,0.1668
7.909,7.95,-14.972,4.633,13.112,-7.594,0.159
10.317,7.95,-14.972,4.633,13.112,-7.594,0.1414
10.37,7.95,-14.972,4.633,13.112,-7.594,0.1411
13.372,7.95,-14.972,4.633,13.112,-7.594,0.125
-13.75,-7.74,-14.792,-2.905,-1.697,3.317,0.0281
-12.384,-7.74,-14.792,-2.905,-1.697,3.317,-0.0007
-12.359,-7.74,-14.792,-2.905,-1.697,3.317,-0.0008
-12.166,-7.74,-14.792,-2.905,-1.697,3.317,-0.0018
-10.916,-7.74,-14.792,-2.905,-1.697,3.317,-0.005
-7.79,-7.74,-14.792,-2.905,-1.697,3.317,0.0007
-2.599,-7.74,-14.792,-2.905,-1.697,3.317,0.0007
-0.367,-7.74,-14.792,-2.905,-1.697,3.317,-0.0043
2.614,-7.74,-14.792,-2.905,-1.697,3.317,-0.0049
4.052,-7.74,-14.792,-2.905,-1.697,3.317,-0.0028
5.264,-7.74,-14.792,-2.905,-1.697,3.317,0.0013
7.599,-7.74,-14.792,-2.905,-1.697,3.317,0.0088
9.696,-7.74,-14.792,-2.905,-1.697,3.317,0.0031
10.824,-7.74,-14.792,-2.905,-1.697,3.317,0.0003
-12.627,-9.11,17.799,-13.141,5.62,-9.041,-0.1284
-8.538,-9.11,17.799,-13.141,5.62,-9.041,-0.1511
-6.727,-9.11,17.799,-13.141,5.62,-9.041,-0.1273
-6.328,-9.11,17.799,-13.141,5.62,-9.041,-0.1229
-2.27,-9.11,17.799,-13.141,5.62,-9.041,-0.0845
-0.221,-9.11,17.799,-13.141,5.62,-9.041,-0.0802
5.582,-9.11,17.799,-13.141,5.62,-9.041,-0.1021
6.357,-9.11,17.799,-13.141,5.62,-9.041,-0.109
7.503,-9.11,17.799,-13.141,5.62,-9.041,-0.1192
7.69,-9.11,17.799,-13.141,5.62,-9.041,-0.1207
7.782,-9.11,17.799,-13.141,5.62,-9.041,-0.1215
8.276,-9.11,17.799,-13.141,5.62,-9.041,-0.1256
11.117,-9.11,17.799,-13.141,5.62,-9.041,-0.1522
14.371,-9.11,17.799,-13.141,5.62,-9.041,-0.1164
-13.942,-4.8,-15.407,-9.629,17.884,4.581,0.0548
-13.888,-4.8,-15.407,-9.629,17.884,4.581,0.0542
-12.279,-4.8,-15.407,-9.629,17.884,4.581,0.0462
-12.122,-4.8,-15.407,-9.629,17.884,4.581,0.0479
-12.007,-4.8,-15.407,-9.629,17.884,4.581,0.0495
-11.392,-4.8,-15.407,-9.629,17.884,4.581,0.0586
-8.197,-4.8,-15.407,-9.629,17.884,4.581,0.1083
-6.917,-4.8,-15.407,-9.629,17.884,4.581,0.1222
-6.257,-4.8,-15.407,-9.629,17.884,4.581,0.1223
2.64,-4.8,-15.407,-9.629,17.884,4.581,0.0929
4.675,-4.8,-15.407,-9.629,17.884,4.581,0.0942
5.391,-4.8,-15.407,-9.629,17.884,4.581,0.0971
8.234,-4.8,-15.407,-9.629,17.884,4.581,0.0991
11.365,-4.8,-15.407,-9.629,17.884,4.581,0.0704
-10.394,14.8,15.537,11.863,6.012,3.811,0.1527
-9.786,14.8,15.537,11.863,6.012,3.811,0.1572
-8.582,14.8,15.537,11.863,6.012,3.811,0.1662
-8.156,14.8,15.537,11.863,6.012,3.811,0.1693
-6.52,14.8,15.537,11.863,6.012,3.811,0.1809
-1.909,14.8,15.537,11.863,6.012,3.811,0.1954
-1.896,14.8,15.537,11.863,6.012,3.811,0.1954
0.393,14.8,15.537,11.863,6.012,3.811,0.1904
1.181,14.8,15.537,11.863,6.012,3.811,0.188
3.116,14.8,15.537,11.863,6.012,3.811,0.1824
8.155,14.8,15.537,11.863,6.012,3.811,0.1741
8.318,14.8,15.537,11.863,6.012,3.811,0.1737
11.057,14.8,15.537,11.863,6.012,3.811,0.1574
12.393,14.8,15.537,11.863,6.012,3.811,0.1464
-12.435,1.23,-0.314,12.131,-2.357,-9.19,-0.0152
-11.1,1.23,-0.314,12.131,-2.357,-9.19,-0.0153
-9.533,1.23,-0.314,12.131,-2.357,-9.19,-0.0108
-8.891,1.23,-0.314,12.131,-2.357,-9.19,-0.009
-7.183,1.23,-0.314,12.131,-2.357,-9.19,-0.0064
-4.285,1.23,-0.314,12.131,-2.357,-9.19,-0.0013
-3.725,1.23,-0.314,12.131,-2.357,-9.19,0.0016
-0.363,1.23,-0.314,12.131,-2.357,-9.19,0.0012
0.78,1.23,-0.314,12.131,-2.357,-9.19,0.0016
1.209,1.23,-0.314,12.131,-2.357,-9.19,0.0029
4.071,1.23,-0.314,12.131,-2.357,-9.19,0.0016
4.646,1.23,-0.314,12.131,-2.357,-9.19,-0.0005
6.855,1.23,-0.314,12.131,-2.357,-9.19,-0.0044
10.43,1.23,-0.314,12.131,-2.357,-9.19,-0.0114
-13.952,-14.41,3.189,-11.314,17.954,-10.594,-0.1267
-13.9,-14.41,3.189,-11.314,17.954,-10.594,-0.1271
-11.509,-14.41,3.189,-11.314,17.954,-10.594,-0.1448
-1.696,-14.41,3.189,-11.314,17.954,-10.594,-0.1941
-0.712,-14.41,3.189,-11.314,17.954,-10.594,-0.1922
-0.207,-14.41,3.189,-11.314,17.954,-10.594,-0.1912
-0.084,-14.41,3.189,-11.314,17.954,-10.594,-0.191
2.007,-14.41,3.189,-11.314,17.954,-10.594,-0.1871
2.048,-14.41,3.189,-11.314,17.954,-10.594,-0.1871
5.655,-14.41,3.189,-11.314,17.954,-10.594,-0.181
8.974,-14.41,3.189,-11.314,17.954,-10.594,-0.1687
10.34,-14.41,3.189,-11.314,17.954,-10.594,-0.1608
10.365,-14.41,3.189,-11.314,17.954,-10.594,-0.1607
10.911,-14.41,3.189,-11.314,17.954,-10.594,-0.1573
-9.016,-8.16,18.826,-17.218,7.563,-1.712,-0.1664
-6.964,-8.16,18.826,-17.218,7.563,-1.712,-0.1263
-4.928,-8.16,18.826,-17.218,7.563,-1.712,-0.0952
-2.105,-8.16,18.826,-17.218,7.563,-1.712,-0.0664
-1.244,-8.16,18.826,-17.218,7.563,-1.712,-0.0651
-1.125,-8.16,18.826,-17.218,7.563,-1.712,-0.0651
0.176,-8.16,18.826,-17.218,7.563,-1.712,-0.0663
1.069,-8.16,18.826,-17.218,7.563,-1.712,-0.067
1.708,-8.16,18.826,-17.218,7.563,-1.712,-0.0674
1.903,-8.16,18.826,-17.218,7.563,-1.712,-0.0675
4.025,-8.16,18.826,-17.218,7.563,-1.712,-0.0726
6.355,-8.16,18.826,-17.218,7.563,-1.712,-0.0909
8.009,-8.16,18.826,-17.218,7.563,-1.712,-0.1067
11.372,-8.16,18.826,-17.218,7.563,-1.712,-0.1365
-13.419,-7.01,-0.379,9.191,-2.997,-2.13,-0.043
-12.456,-7.01,-0.379,9.191,-2.997,-2.13,-0.0472
-12.025,-7.01,-0.379,9.191,-2.997,-2.13,-0.0485
-8.521,-7.01,-0.379,9.191,-2.997,-2.13,-0.0496
-6.472,-7.01,-0.379,9.191,-2.997,-2.13,-0.0423
-3.336,-7.01,-0.379,9.191,-2.997,-2.13,-0.0543
0.494,-7.01,-0.379,9.191,-2.997,-2.13,-0.0576
1.341,-7.01,-0.379,9.191,-2.997,-2.13,-0.0576
3.268,-7.01,-0.379,9.191,-2.997,-2.13,-0.0568
3.821,-7.01,-0.379,9.191,-2.997,-2.13,-0.0562
7.463,-7.01,-0.379,9.191,-2.997,-2.13,-0.0424
8.368,-7.01,-0.379,9.191,-2.997,-2.13,-0.0389
10.673,-7.01,-0.379,9.191,-2.997,-2.13,-0.0421
12.107,-7.01,-0.379,9.191,-2.997,-2.13,-0.0448
-13.716,11.0,13.555,-3.232,16.205,19.253,0.0622
-12.004,11.0,13.555,-3.232,16.205,19.253,0.0708
-11.318,11.0,13.555,-3.232,16.205,19.253,0.074
-10.462,11.0,13.555,-3.232,16.205,19.253,0.0778
-10.29,11.0,13.555,-3.232,16.205,19.253,0.0785
-6.572,11.0,13.555,-3.232,16.205,19.253,0.0862
-1.867,11.0,13.555,-3.232,16.205,19.253,0.0905
-0.743,11.0,13.555,-3.232,16.205,19.253,0.0908
-0.399,11.0,13.555,-3.232,16.205,19.253,0.091
0.838,11.0,13.555,-3.232,16.205,19.253,0.0917
1.329,11.0,13.555,-3.232,16.205,19.253,0.092
1.957,11.0,13.555,-3.232,16.205,19.253,0.0924
4.53,11.0,13.555,-3.232,16.205,19.253,0.0932
8.505,11.0,13.555,-3.232,16.205,19.253,0.087
-11.92,11.75,-16.918,-18.231,4.816,-15.326,0.2066
-11.28,11.75,-16.918,-18.231,4.816,-15.326,0.2122
-9.976,11.75,-16.918,-18.231,4.816,-15.326,0.2245
-7.849,11.75,-16.918,-18.231,4.816,-15.326,0.2461
-7.675,11.75,-16.918,-18.231,4.816,-15.326,0.2479
-7.207,11.75,-16.918,-18.231,4.816,-15.326,0.2528
-4.554,11.75,-16.918,-18.231,4.816,-15.326,0.2727
-4.032,11.75,-16.918,-18.231,4.816,-15.326,0.2738
-1.244,11.75,-16.918,-18.231,4.816,-15.326,0.2727
0.589,11.75,-16.918,-18.231,4.816,-15.326,0.2701
8.277,11.75,-16.918,-18.231,4.816,-15.326,0.2492
9.559,11.75,-16.918,-18.231,4.816,-15.326,0.2342
11.818,11.75,-16.918,-18.231,4.816,-15.326,0.2097
13.192,11.75,-16.918,-18.231,4.816,-15.326,0.1959
-9.407,-11.56,-16.426,9.283,-5.905,-0.42,-0.1301
-7.526,-11.56,-16.426,9.283,-5.905,-0.42,-0.1433
-7.01,-11.56,-16.426,9.283,-5.905,-0.42,-0.1428
-6.767,-11.56,-16.426,9.283,-5.905,-0.42,-0.1421
-5.819,-11.56,-16.426,9.283,-5.905,-0.42,-0.1389
-4.568,-11.56,-16.426,9.283,-5.905,-0.42,-0.135
-4.511,-11.56,-16.426,9.283,-5.905,-0.42,-0.1348
0.22,-11.56,-16.426,9.283,-5.905,-0.42,-0.1227
2.426,-11.56,-16.426,9.283,-5.905,-0.42,-0.1211
3.621,-11.56,-16.426,9.283,-5.905,-0.42,-0.1206
5.857,-11.56,-16.426,9.283,-5.905,-0.42,-0.1201
9.026,-11.56,-16.426,9.283,-5.905,-0.42,-0.1182
9.594,-11.56,-16.426,9.283,-5.905,-0.42,-0.1173
10.071,-11.56,-16.426,9.283,-5.905,-0.42,-0.1163
-14.197,4.04,14.975,19.105,14.43,3.445,-0.0477
-11.614,4.04,14.975,19.105,14.43,3.445,-0.0412
-11.512,4.04,14.975,19.105,14.43,3.445,-0.0404
-11.056,4.04,14.975,19.105,14.43,3.445,-0.0369
-9.181,4.04,14.975,19.105,14.43,3.445,-0.0253
-8.075,4.04,14.975,19.105,14.43,3.445,-0.017
-5.34,4.04,14.975,19.105,14.43,3.445,-0.013
-5.312,4.04,14.975,19.105,14.43,3.445,-0.0131
-4.613,4.04,14.975,19.105,14.43,3.445,-0.0155
-2.569,4.04,14.975,19.105,14.43,3.445,-0.0199
1.122,4.04,14.975,19.105,14.43,3.445,-0.0134
2.258,4.04,14.975,19.105,14.43,3.445,-0.0133
4.846,4.04,14.975,19.105,14.43,3.445,-0.0082
5.429,4.04,14.975,19.105,14.43,3.445,-0.006
-13.307,12.86,0.553,1.164,8.135,5.483,0.1231
-12.773,12.86,0.553,1.164,8.135,5.483,0.1268
-10.54,12.86,0.553,1.164,8.135,5.483,0.1431
-6.26,12.86,0.553,1.164,8.135,5.483,0.1707
-5.445,12.86,0.553,1.164,8.135,5.483,0.1707
1.28,12.86,0.553,1.164,8.135,5.483,0.1506
2.872,12.86,0.553,1.164,8.135,5.483,0.1436
4.077,12.86,0.553,1.164,8.135,5.483,0.1283
5.249,12.86,0.553,1.164,8.135,5.483,0.1026
5.912,12.86,0.553,1.164,8.135,5.483,0.1295
8.821,12.86,0.553,1.164,8.135,5.483,0.1624
10.454,12.86,0.553,1.164,8.135,5.483,0.1783
11.087,12.86,0.553,1.164,8.135,5.483,0.1671
13.426,12.86,0.553,1.164,8.135,5.483,0.1378
-13.564,-6.47,-2.456,2.617,7.747,-17.756,-0.0034
-9.974,-6.47,-2.456,2.617,7.747,-17.756,0.0161
-8.256,-6.47,-2.456,2.617,7.747,-17.756,0.0344
-8.198,-6.47,-2.456,2.617,7.747,-17.756,0.035
-6.649,-6.47,-2.456,2.617,7.747,-17.756,0.0421
-0.578,-6.47,-2.456,2.617,7.747,-17.756,0.0087
1.243,-6.47,-2.456,2.617,7.747,-17.756,0.0071
2.214,-6.47,-2.456,2.617,7.747,-17.756,0.007
2.434,-6.47,-2.456,2.617,7.747,-17.756,0.0071
2.712,-6.47,-2.456,2.617,7.747,-17.756,0.0072
5.736,-6.47,-2.456,2.617,7.747,-17.756,0.0179
7.443,-6.47,-2.456,2.617,7.747,-17.756,0.0209
10.029,-6.47,-2.456,2.617,7.747,-17.756,-0.0066
10.966,-6.47,-2.456,2.617,7.747,-17.756,-0.0156
-12.915,-11.82,15.946,8.69,4.061,-15.987,-0.1623
-9.367,-11.82,15.946,8.69,4.061,-15.987,-0.208
-7.401,-11.82,15.946,8.69,4.061,-15.987,-0.2374
-5.242,-11.82,15.946,8.69,4.061,-15.987,-0.2234
-3.924,-11.82,15.946,8.69,4.061,-15.987,-0.211
2.208,-11.82,15.946,8.69,4.061,-15.987,-0.1922
2.321,-11.82,15.946,8.69,4.061,-15.987,-0.1925
2.349,-11.82,15.946,8.69,4.061,-15.987,-0.1925
5.141,-11.82,15.946,8.69,4.061,-15.987,-0.2102
9.125,-11.82,15.946,8.69,4.061,-15.987,-0.2272
11.041,-11.82,15.946,8.69,4.061,-15.987,-0.1981
13.8,-11.82,15.946,8.69,4.061,-15.987,-0.1656
14.101,-11.82,15.946,8.69,4.061,-15.987,-0.1624
14.356,-11.82,15.946,8.69,4.061,-15.987,-0.1598
-13.27,5.2,2.351,15.799,5.387,-17.092,0.0132
-11.937,5.2,2.351,15.799,5.387,-17.092,0.0169
-11.745,5.2,2.351,15.799,5.387,-17.092,0.0174
-8.325,5.2,2.351,15.799,5.387,-17.092,0.0287
-6.655,5.2,2.351,15.799,5.387,-17.092,0.0321
-5.282,5.2,2.351,15.799,5.387,-17.092,0.0321
-4.031,5.2,2.351,15.799,5.387,-17.092,0.0311
-3.28,5.2,2.351,15.799,5.387,-17.092,0.0303
7.216,5.2,2.351,15.799,5.387,-17.092,0.0304
8.794,5.2,2.351,15.799,5.387,-17.092,0.0259
8.826,5.2,2.351,15.799,5.387,-17.092,0.0258
11.588,5.2,2.351,15.799,5.387,-17.092,0.02
11.865,5.2,2.351,15.799,5.387,-17.092,0.02
13.841,5.2,2.351,15.799,5.387,-17.092,0.0203
-13.22,-12.79,12.205,-6.973,10.775,6.562,-0.154
-12.283,-12.79,12.205,-6.973,10.775,6.562,-0.1623
-11.226,-12.79,12.205,-6.973,10.775,6.562,-0.1721
-10.83,-12.79,12.205,-6.973,10.775,6.562,-0.1759
-9.028,-12.79,12.205,-6.973,10.775,6.562,-0.1946
-3.784,-12.79,12.205,-6.973,10.775,6.562,-0.2572
0.212,-12.79,12.205,-6.973,10.775,6.562,-0.253
0.837,-12.79,12.205,-6.973,10.775,6.562,-0.2519
1.925,-12.79,12.205,-6.973,10.775,6.562,-0.2512
2.006,-12.79,12.205,-6.973,10.775,6.562,-0.2512
4.627,-12.79,12.205,-6.973,10.775,6.562,-0.2467
5.291,-12.79,12.205,-6.973,10.775,6.562,-0.2428
7.582,-12.79,12.205,-6.973,10.775,6.562,-0.2185
14.159,-12.79,12.205,-6.973,10.775,6.562,-0.1495
-12.619,-0.2,-7.668,-17.24,9.354,13.941,0.0524
-11.624,-0.2,-7.668,-17.24,9.354,13.941,0.0586
-10.719,-0.2,-7.668,-17.24,9.354,13.941,0.0662
-9.739,-0.2,-7.668,-17.24,9.354,13.941,0.0776
-4.868,-0.2,-7.668,-17.24,9.354,13.941,0.0684
2.086,-0.2,-7.668,-17.24,9.354,13.941,0.065
3.239,-0.2,-7.668,-17.24,9.354,13.941,0.0696
5.369,-0.2,-7.668,-17.24,9.354,13.941,0.0707
5.483,-0.2,-7.668,-17.24,9.354,13.941,0.0707
6.132,-0.2,-7.668,-17.24,9.354,13.941,0.0708
7.933,-0.2,-7.668,-17.24,9.354,13.941,0.0777
8.354,-0.2,-7.668,-17.24,9.354,13.941,0.0797
9.321,-0.2,-7.668,-17.24,9.354,13.941,0.0786
9.809,-0.2,-7.668,-17.24,9.354,13.941,0.0741
-10.902,-3.8,-9.859,-14.294,-11.163,2.301,0.0159
-10.146,-3.8,-9.859,-14.294,-11.163,2.301,0.0122
-6.975,-3.8,-9.859,-14.294,-11.163,2.301,0.0011
-6.033,-3.8,-9.859,-14.294,-11.163,2.301,0.0048
-3.857,-3.8,-9.859,-14.294,-11.163,2.301,0.0061
-3.76,-3.8,-9.859,-14.294,-11.163,2.301,0.006
-1.026,-3.8,-9.859,-14.294,-11.163,2.301,0.0069
0.553,-3.8,-9.859,-14.294,-11.163,2.301,0.007
1.266,-3.8,-9.859,-14.294,-11.163,2.301,0.0066
1.6,-3.8,-9.859,-14.294,-11.163,2.301,0.0062
4.667,-3.8,-9.859,-14.294,-11.163,2.301,0.0016
5.297,-3.8,-9.859,-14.294,-11.163,2.301,0.0004
7.736,-3.8,-9.859,-14.294,-11.163,2.301,-0.0044
8.179,-3.8,-9.859,-14.294,-11.163,2.301,-0.0026
-14.711,-7.5,-10.709,8.655,14.991,3.973,0.0131
-12.694,-7.5,-10.709,8.655,14.991,3.973,-0.0191
-5.793,-7.5,-10.709,8.655,14.991,3.973,0.0236
-2.018,-7.5,-10.709,8.655,14.991,3.973,0.0491
-1.911,-7.5,-10.709,8.655,14.991,3.973,0.0488
2.42,-7.5,-10.709,8.655,14.991,3.973,0.0431
2.658,-7.5,-10.709,8.655,14.991,3.973,0.0433
4.293,-7.5,-10.709,8.655,14.991,3.973,0.0421
6.776,-7.5,-10.709,8.655,14.991,3.973,0.0206
7.729,-7.5,-10.709,8.655,14.991,3.973,0.009
7.79,-7.5,-10.709,8.655,14.991,3.973,0.0083
11.081,-7.5,-10.709,8.655,14.991,3.973,-0.0253
11.686,-7.5,-10.709,8.655,14.991,3.973,-0.0292
14.688,-7.5,-10.709,8.655,14.991,3.973,0.0131
-14.31,3.79,13.168,16.259,-18.921,1.257,-0.1061
-11.407,3.79,13.168,16.259,-18.921,1.257,-0.1139
-10.561,3.79,13.168,16.259,-18.921,1.257,-0.1218
-8.904,3.79,13.168,16.259,-18.921,1.257,-0.1354
-8.162,3.79,13.168,16.259,-18.921,1.257,-0.133
-7.926,3.79,13.168,16.259,-18.921,1.257,-0.1309
-4.186,3.79,13.168,16.259,-18.921,1.257,-0.103
-4.088,3.79,13.168,16.259,-18.921,1.257,-0.1029
-1.977,3.79,13.168,16.259,-18.921,1.257,-0.0931
-0.542,3.79,13.168,16.259,-18.921,1.257,-0.0769
-0.145,3.79,13.168,16.259,-18.921,1.257,-0.074
4.794,3.79,13.168,16.259,-18.921,1.257,-0.0962
6.965,3.79,13.168,16.259,-18.921,1.257,-0.0987
8.432,3.79,13.168,16.259,-18.921,1.257,-0.1038
-12.794,-13.84,-3.458,2.823,-15.848,-3.676,-0.1521
-9.102,-13.84,-3.458,2.823,-15.848,-3.676,-0.1737
-8.711,-13.84,-3.458,2.823,-15.848,-3.676,-0.1757
-4.756,-13.84,-3.458,2.823,-15.848,-3.676,-0.1887
-4.751,-13.84,-3.458,2.823,-15.848,-3.676,-0.1887
-4.423,-13.84,-3.458,2.823,-15.848,-3.676,-0.1884
-2.249,-13.84,-3.458,2.823,-15.848,-3.676,-0.1869
-0.987,-13.84,-3.458,2.823,-15.848,-3.676,-0.1908
0.829,-13.84,-3.458,2.823,-15.848,-3.676,-0.1934
5.113,-13.84,-3.458,2.823,-15.848,-3.676,-0.1909
8.501,-13.84,-3.458,2.823,-15.848,-3.676,-0.1758
10.961,-13.84,-3.458,2.823,-15.848,-3.676,-0.1647
11.842,-13.84,-3.458,2.823,-15.848,-3.676,-0.1604
12.762,-13.84,-3.458,2.823,-15.848,-3.676,-0.1558
-14.795,-3.22,5.189,1.734,6.709,-2.614,-0.0187
-13.84,-3.22,5.189,1.734,6.709,-2.614,-0.0213
-9.976,-3.22,5.189,1.734,6.709,-2.614,0.0036
-7.19,-3.22,5.189,1.734,6.709,-2.614,0.0122
-1.867,-3.22,5.189,1.734,6.709,-2.614,-0.0222
0.306,-3.22,5.189,1.734,6.709,-2.614,-0.0281
1.403,-3.22,5.189,1.734,6.709,-2.614,-0.0251
2.064,-3.22,5.189,1.734,6.709,-2.614,-0.0221
3.021,-3.22,5.189,1.734,6.709,-2.614,-0.0162
3.387,-3.22,5.189,1.734,6.709,-2.614,-0.0147
8.4,-3.22,5.189,1.734,6.709,-2.614,0.0096
8.729,-3.22,5.189,1.734,6.709,-2.614,0.0108
10.156,-3.22,5.189,1.734,6.709,-2.614,0.0052
10.422,-3.22,5.189,1.734,6.709,-2.614,0.0032
-14.795,0.93,14.097,5.256,-16.15,-19.161,-0.0526
-13.712,0.93,14.097,5.256,-16.15,-19.161,-0.0524
-13.13,0.93,14.097,5.256,-16.15,-19.161,-0.0642
-10.046,0.93,14.097,5.256,-16.15,-19.161,-0.111
-10.003,0.93,14.097,5.256,-16.15,-19.161,-0.1119
-6.755,0.93,14.097,5.256,-16.15,-19.161,-0.1172
-2.545,0.93,14.097,5.256,-16.15,-19.161,-0.1202
4.902,0.93,14.097,5.256,-16.15,-19.161,-0.1361
5.04,0.93,14.097,5.256,-16.15,-19.161,-0.1349
7.981,0.93,14.097,5.256,-16.15,-19.161,-0.1214
8.463,0.93,14.097,5.256,-16.15,-19.161,-0.1222
11.627,0.93,14.097,5.256,-16.15,-19.161,-0.1004
11.689,0.93,14.097,5.256,-16.15,-19.161,-0.0997
11.696,0.93,14.097,5.256,-16.15,-19.161,-0.0997
-14.675,8.95,-16.046,-3.594,1.724,-10.052,0.1273
-14.149,8.95,-16.046,-3.594,1.724,-10.052,0.1316
-12.278,8.95,-16.046,-3.594,1.724,-10.052,0.1491
-8.647,8.95,-16.046,-3.594,1.724,-10.052,0.1791
-8.6,8.95,-16.046,-3.594,1.724,-10.052,0.179
-8.199,8.95,-16.046,-3.594,1.724,-10.052,0.1779
-4.494,8.95,-16.046,-3.594,1.724,-10.052,0.1636
-3.606,8.95,-16.046,-3.594,1.724,-10.052,0.1573
1.855,8.95,-16.046,-3.594,1.724,-10.052,0.1411
2.988,8.95,-16.046,-3.594,1.724,-10.052,0.1437
3.365,8.95,-16.046,-3.594,1.724,-10.052,0.1449
12.47,8.95,-16.046,-3.594,1.724,-10.052,0.1544
13.159,8.95,-16.046,-3.594,1.724,-10.052,0.1434
14.169,8.95,-16.046,-3.594,1.724,-10.052,0.1311
-14.158,-9.69,-1.058,14.963,-16.509,-5.422,-0.0807
-11.306,-9.69,-1.058,14.963,-16.509,-5.422,-0.0934
-8.909,-9.69,-1.058,14.963,-16.509,-5.422,-0.1192
-7.472,-9.69,-1.058,14.963,-16.509,-5.422,-0.1341
-7.068,-9.69,-1.058,14.963,-16.509,-5.422,-0.1385
-5.082,-9.69,-1.058,14.963,-16.509,-5.422,-0.1468
-4.984,-9.69,-1.058,14.963,-16.509,-5.422,-0.1465
-3.665,-9.69,-1.058,14.963,-16.509,-5.422,-0.1427
-3.057,-9.69,-1.058,14.963,-16.509,-5.422,-0.1472
3.402,-9.69,-1.058,14.963,-16.509,-5.422,-0.1456
8.001,-9.69,-1.058,14.963,-16.509,-5.422,-0.1156
10.254,-9.69,-1.058,14.963,-16.509,-5.422,-0.0993
10.976,-9.69,-1.058,14.963,-16.509,-5.422,-0.0959
11.218,-9.69,-1.058,14.963,-16.509,-5.422,-0.0953
-14.471,-12.03,-9.936,-0.263,-19.076,-19.41,-0.0743
-14.416,-12.03,-9.936,-0.263,-19.076,-19.41,-0.0746
-10.743,-12.03,-9.936,-0.263,-19.076,-19.41,-0.0934
-9.279,-12.03,-9.936,-0.263,-19.076,-19.41,-0.1026
-7.371,-12.03,-9.936,-0.263,-19.076,-19.41,-0.1123
-7.064,-12.03,-9.936,-0.263,-19.076,-19.41,-0.1135
-6.001,-12.03,-9.936,-0.263,-19.076,-19.41,-0.1169
-4.395,-12.03,-9.936,-0.263,-19.076,-19.41,-0.1205
-1.862,-12.03,-9.936,-0.263,-19.076,-19.41,-0.1233
-0.685,-12.03,-9.936,-0.263,-19.076,-19.41,-0.1239
-0.092,-12.03,-9.936,-0.263,-19.076,-19.41,-0.124
2.194,-12.03,-9.936,-0.263,-19.076,-19.41,-0.1236
5.497,-12.03,-9.936,-0.263,-19.076,-19.41,-0.1212
8.691,-12.03,-9.936,-0.263,-19.076,-19.41,-0.1179
-14.471,9.03,5.567,11.407,-12.823,-13.897,0.0205
-11.557,9.03,5.567,11.407,-12.823,-13.897,0.0684
-11.002,9.03,5.567,11.407,-12.823,-13.897,0.0773
-10.037,9.03,5.567,11.407,-12.823,-13.897,0.0767
-9.312,9.03,5.567,11.407,-12.823,-13.897,0.0662
-9.035,9.03,5.567,11.407,-12.823,-13.897,0.0618
-7.943,9.03,5.567,11.407,-12.823,-13.897,0.0466
-6.958,9.03,5.567,11.407,-12.823,-13.897,0.0357
-4.954,9.03,5.567,11.407,-12.823,-13.897,0.01
-4.097,9.03,5.567,11.407,-12.823,-13.897,0.0007
0.899,9.03,5.567,11.407,-12.823,-13.897,-0.0069
2.683,9.03,5.567,11.407,-12.823,-13.897,-0.0046
3.787,9.03,5.567,11.407,-12.823,-13.897,-0.0014
5.26,9.03,5.567,11.407,-12.823,-13.897,0.0078
-10.796,-9.16,-3.447,-19.534,-5.428,19.674,-0.0625
-9.862,-9.16,-3.447,-19.534,-5.428,19.674,-0.0634
-7.397,-9.16,-3.447,-19.534,-5.428,19.674,-0.0613
-6.318,-9.16,-3.447,-19.534,-5.428,19.674,-0.058
-6.124,-9.16,-3.447,-19.534,-5.428,19.674,-0.0573
-5.891,-9.16,-3.447,-19.534,-5.428,19.674,-0.0565
-5.019,-9.16,-3.447,-19.534,-5.428,19.674,-0.0534
-4.362,-9.16,-3.447,-19.534,-5.428,19.674,-0.051
-3.029,-9.16,-3.447,-19.534,-5.428,19.674,-0.0474
0.912,-9.16,-3.447,-19.534,-5.428,19.674,-0.0497
4.416,-9.16,-3.447,-19.534,-5.428,19.674,-0.0509
6.807,-9.16,-3.447,-19.534,-5.428,19.674,-0.0514
7.164,-9.16,-3.447,-19.534,-5.428,19.674,-0.0517
12.352,-9.16,-3.447,-19.534,-5.428,19.674,-0.0495
-14.987,-5.4,-4.546,-1.514,19.303,-10.731,0.0293
-14.28,-5.4,-4.546,-1.514,19.303,-10.731,0.0206
-11.491,-5.4,-4.546,-1.514,19.303,-10.731,0.0332
-7.505,-5.4,-4.546,-1.514,19.303,-10.731,0.0799
-7.243,-5.4,-4.546,-1.514,19.303,-10.731,0.0805
-5.274,-5.4,-4.546,-1.514,19.303,-10.731,0.0657
-2.245,-5.4,-4.546,-1.514,19.303,-10.731,0.0456
-2.1,-5.4,-4.546,-1.514,19.303,-10.731,0.0453
-0.934,-5.4,-4.546,-1.514,19.303,-10.731,0.0439
-0.033,-5.4,-4.546,-1.514,19.303,-10.731,0.0432
1.396,-5.4,-4.546,-1.514,19.303,-10.731,0.0427
6.906,-5.4,-4.546,-1.514,19.303,-10.731,0.0569
8.363,-5.4,-4.546,-1.514,19.303,-10.731,0.0545
11.482,-5.4,-4.546,-1.514,19.303,-10.731,0.0168
-13.819,-6.64,7.205,-15.769,-19.67,12.269,-0.0607
-11.955,-6.64,7.205,-15.769,-19.67,12.269,-0.0907
-10.25,-6.64,7.205,-15.769,-19.67,12.269,-0.1188
-5.893,-6.64,7.205,-15.769,-19.67,12.269,-0.1743
-3.631,-6.64,7.205,-15.769,-19.67,12.269,-0.1723
-2.829,-6.64,7.205,-15.769,-19.67,12.269,-0.1706
0.814,-6.64,7.205,-15.769,-19.67,12.269,-0.1686
0.818,-6.64,7.205,-15.769,-19.67,12.269,-0.1686
1.021,-6.64,7.205,-15.769,-19.67,12.269,-0.1685
2.243,-6.64,7.205,-15.769,-19.67,12.269,-0.1669
3.145,-6.64,7.205,-15.769,-19.67,12.269,-0.1632
3.235,-6.64,7.205,-15.769,-19.67,12.269,-0.1627
3.399,-6.64,7.205,-15.769,-19.67,12.269,-0.1616
9.981,-6.64,7.205,-15.769,-19.67,12.269,-0.097
-14.527,6.01,17.789,-18.153,2.009,-3.784,-0.0239
-10.973,6.01,17.789,-18.153,2.009,-3.784,-0.0138
-9.161,6.01,17.789,-18.153,2.009,-3.784,-0.0091
-6.111,6.01,17.789,-18.153,2.009,-3.784,-0.0029
-5.557,6.01,17.789,-18.153,2.009,-3.784,-0.0009
-3.91,6.01,17.789,-18.153,2.009,-3.784,0.0031
-1.654,6.01,17.789,-18.153,2.009,-3.784,0.0028
6.499,6.01,17.789,-18.153,2.009,-3.784,0.004
6.79,6.01,17.789,-18.153,2.009,-3.784,0.0029
7.87,6.01,17.789,-18.153,2.009,-3.784,-0.0008
9.169,6.01,17.789,-18.153,2.009,-3.784,0.0003
10.782,6.01,17.789,-18.153,2.009,-3.784,-0.0002
12.184,6.01,17.789,-18.153,2.009,-3.784,-0.0042
14.096,6.01,17.789,-18.153,2.009,-3.784,-0.0091
-14.601,-8.87,9.72,-6.236,-2.832,17.693,-0.0933
-13.934,-8.87,9.72,-6.236,-2.832,17.693,-0.0978
-13.199,-8.87,9.72,-6.236,-2.832,17.693,-0.1033
-12.011,-8.87,9.72,-6.236,-2.832,17.693,-0.1138
-11.494,-8.87,9.72,-6.236,-2.832,17.693,-0.1193
-11.164,-8.87,9.72,-6.236,-2.832,17.693,-0.1228
-11.115,-8.87,9.72,-6.236,-2.832,17.693,-0.1233
-8.077,-8.87,9.72,-6.236,-2.832,17.693,-0.135
-5.076,-8.87,9.72,-6.236,-2.832,17.693,-0.1379
2.839,-8.87,9.72,-6.236,-2.832,17.693,-0.1269
4.232,-8.87,9.72,-6.236,-2.832,17.693,-0.1303
7.87,-8.87,9.72,-6.236,-2.832,17.693,-0.1367
10.768,-8.87,9.72,-6.236,-2.832,17.693,-0.1437
12.332,-8.87,9.72,-6.236,-2.832,17.693,-0.131
-14.645,-1.0,18.186,13.396,3.85,12.544,-0.0718
-9.554,-1.0,18.186,13.396,3.85,12.544,-0.0906
-7.903,-1.0,18.186,13.396,3.85,12.544,-0.0897
-7.668,-1.0,18.186,13.396,3.85,12.544,-0.0893
-6.269,-1.0,18.186,13.396,3.85,12.544,-0.0916
-5.008,-1.0,18.186,13.396,3.85,12.544,-0.0917
-3.223,-1.0,18.186,13.396,3.85,12.544,-0.0976
3.46,-1.0,18.186,13.396,3.85,12.544,-0.0886
3.994,-1.0,18.186,13.396,3.85,12.544,-0.0873
6.387,-1.0,18.186,13.396,3.85,12.544,-0.0802
6.895,-1.0,18.186,13.396,3.85,12.544,-0.0788
9.065,-1.0,18.186,13.396,3.85,12.544,-0.0737
11.019,-1.0,18.186,13.396,3.85,12.544,-0.0731
12.304,-1.0,18.186,13.396,3.85,12.544,-0.0708
-14.556,-5.27,-0.954,-10.02,12.321,-15.346,0.0068
-13.403,-5.27,-0.954,-10.02,12.321,-15.346,0.0045
-12.536,-5.27,-0.954,-10.02,12.321,-15.346,0.0117
-11.691,-5.27,-0.954,-10.02,12.321,-15.346,0.0225
-11.269,-5.27,-0.954,-10.02,12.321,-15.346,0.0274
-10.535,-5.27,-0.954,-10.02,12.321,-15.346,0.0351
-9.201,-5.27,-0.954,-10.02,12.321,-15.346,0.053
-7.32,-5.27,-0.954,-10.02,12.321,-15.346,0.0665
0.213,-5.27,-0.954,-10.02,12.321,-15.346,0.0203
1.038,-5.27,-0.954,-10.02,12.321,-15.346,0.0199
6.628,-5.27,-0.954,-10.02,12.321,-15.346,0.0387
11.204,-5.27,-0.954,-10.02,12.321,-15.346,0.0108
12.429,-5.27,-0.954,-10.02,12.321,-15.346,-0.0044
12.668,-5.27,-0.954,-10.02,12.321,-15.346,-0.007
-12.978,12.47,-17.349,10.637,-18.48,-16.156,0.1766
-12.837,12.47,-17.349,10.637,-18.48,-16.156,0.1782
-7.652,12.47,-17.349,10.637,-18.48,-16.156,0.2519
-6.594,12.47,-17.349,10.637,-18.48,-16.156,0.2748
-6.027,12.47,-17.349,10.637,-18.48,-16.156,0.287
-0.785,12.47,-17.349,10.637,-18.48,-16.156,0.2513
1.187,12.47,-17.349,10.637,-18.48,-16.156,0.2461
2.327,12.47,-17.349,10.637,-18.48,-16.156,0.247
3.825,12.47,-17.349,10.637,-18.48,-16.156,0.2526
7.362,12.47,-17.349,10.637,-18.48,-16.156,0.2656
7.689,12.47,-17.349,10.637,-18.48,-16.156,0.2609
8.442,12.47,-17.349,10.637,-18.48,-16.156,0.2484
8.825,12.47,-17.349,10.637,-18.48,-16.156,0.2419
12.666,12.47,-17.349,10.637,-18.48,-16.156,0.1865
-14.555,-11.7,10.446,16.175,16.391,11.037,-0.1267
-14.173,-11.7,10.446,16.175,16.391,11.037,-0.1312
-13.437,-11.7,10.446,16.175,16.391,11.037,-0.1399
-10.396,-11.7,10.446,16.175,16.391,11.037,-0.1783
-10.297,-11.7,10.446,16.175,16.391,11.037,-0.1797
-9.966,-11.7,10.446,16.175,16.391,11.037,-0.1842
-6.895,-11.7,10.446,16.175,16.391,11.037,-0.2359
-4.033,-11.7,10.446,16.175,16.391,11.037,-0.2767
-3.116,-11.7,10.446,16.175,16.391,11.037,-0.2639
-2.207,-11.7,10.446,16.175,16.391,11.037,-0.2531
0.858,-11.7,10.446,16.175,16.391,11.037,-0.2369
3.65,-11.7,10.446,16.175,16.391,11.037,-0.2459
7.901,-11.7,10.446,16.175,16.391,11.037,-0.2377
13.361,-11.7,10.446,16.175,16.391,11.037,-0.1412
-12.714,6.72,3.599,-6.465,-9.965,-14.702,0.0428
-12.465,6.72,3.599,-6.465,-9.965,-14.702,0.049
-10.609,6.72,3.599,-6.465,-9.965,-14.702,0.0641
-10.091,6.72,3.599,-6.465,-9.965,-14.702,0.0548
-9.736,6.72,3.599,-6.465,-9.965,-14.702,0.0494
-3.659,6.72,3.599,-6.465,-9.965,-14.702,-0.028
0.251,6.72,3.599,-6.465,-9.965,-14.702,-0.0123
2.284,6.72,3.599,-6.465,-9.965,-14.702,-0.0146
6.479,6.72,3.599,-6.465,-9.965,-14.702,-0.0136
6.915,6.72,3.599,-6.465,-9.965,-14.702,-0.0086
9.184,6.72,3.599,-6.465,-9.965,-14.702,0.0172
9.252,6.72,3.599,-6.465,-9.965,-14.702,0.0178
11.18,6.72,3.599,-6.465,-9.965,-14.702,0.0341
13.298,6.72,3.599,-6.465,-9.965,-14.702,0.0314
