ALPHA,BETA,DEFL_1_1,DEFL_1_2,DEFL_1_3,DEFL_1_4,CM
-14.974,-3.35,15.921,-3.662,7.202,-1.704,0.1663
-10.485,-3.35,15.921,-3.662,7.202,-1.704,0.0889
-8.861,-3.35,15.921,-3.662,7.202,-1.704,0.0674
-5.75,-3.35,15.921,-3.662,7.202,-1.704,0.0307
-2.185,-3.35,15.921,-3.662,7.202,-1.704,0.0046
1.03,-3.35,15.921,-3.662,7.202,-1.704,-0.0099
1.527,-3.35,15.921,-3.662,7.202,-1.704,-0.0117
2.278,-3.35,15.921,-3.662,7.202,-1.704,-0.0136
3.259,-3.35,15.921,-3.662,7.202,-1.704,-0.0152
4.902,-3.35,15.921,-3.662,7.202,-1.704,-0.0277
6.409,-3.35,15.921,-3.662,7.202,-1.704,-0.0492
7.044,-3.35,15.921,-3.662,7.202,-1.704,-0.0571
10.638,-3.35,15.921,-3.662,7.202,-1.704,-0.1041
13.398,-3.35,15.921,-3.662,7.202,-1.704,-0.1458
-14.974,-3.35,15.921,-3.662,7.202,-1.704,0.1663
-10.485,-3.35,15.921,-3.662,7.202,-1.704,0.0889
-8.861,-3.35,15.921,-3.662,7.202,-1.704,0.0674
-5.75,-3.35,15.921,-3.662,7.202,-1.704,0.0307
-2.185,-3.35,15.921,-3.662,7.202,-1.704,0.0046
1.03,-3.35,15.921,-3.662,7.202,-1.704,-0.0099
1.527,-3.35,15.921,-3.662,7.202,-1.704,-0.0117
2.278,-3.35,15.921,-3.662,7.202,-1.704,-0.0136
3.259,-3.35,15.921,-3.662,7.202,-1.704,-0.0152
4.902,-3.35,15.921,-3.662,7.202,-1.704,-0.0277
6.409,-3.35,15.921,-3.662,7.202,-1.704,-0.0492
7.044,-3.35,15.921,-3.662,7.202,-1.704,-0.0571
10.638,-3.35,15.921,-3.662,7.202,-1.704,-0.1041
13.398,-3.35,15.921,-3.662,7.202,-1.704,-0.1458
-14.015,-2.73,-6.255,-2.897,-14.703,1.506,0.136
-12.125,-2.73,-6.255,-2.897,-14.703,1.506,0.1025
-10.768,-2.73,-6.255,-2.897,-14.703,1.506,0.0823
-8.771,-2.73,-6.255,-2.897,-14.703,1.506,0.0548
-7.487,-2.73,-6.255,-2.897,-14.703,1.506,0.0383
-6.581,-2.73,-6.255,-2.897,-14.703,1.506,0.028
-6.537,-2.73,-6.255,-2.897,-14.703,1.506,0.0275
-6.319,-2.73,-6.255,-2.897,-14.703,1.506,0.0253
-1.936,-2.73,-6.255,-2.897,-14.703,1.506,-0.006
-1.933,-2.73,-6.255,-2.897,-14.703,1.506,-0.006
5.286,-2.73,-6.255,-2.897,-14.703,1.506,-0.0495
6.288,-2.73,-6.255,-2.897,-14.703,1.506,-0.0609
10.475,-2.73,-6.255,-2.897,-14.703,1.506,-0.1104
11.189,-2.73,-6.255,-2.897,-14.703,1.506,-0.1197
-14.35,0.63,3.286,-10.896,7.617,-14.52,0.1987
-12.337,0.63,3.286,-10.896,7.617,-14.52,0.1608
-11.654,0.63,3.286,-10.896,7.617,-14.52,0.1491
-10.186,0.63,3.286,-10.896,7.617,-14.52,0.1239
-6.93,0.63,3.286,-10.896,7.617,-14.52,0.0699
-4.059,0.63,3.286,-10.896,7.617,-14.52,0.0392
-2.114,0.63,3.286,-10.896,7.617,-14.52,0.0256
-1.953,0.63,3.286,-10.896,7.617,-14.52,0.0247
-1.597,0.63,3.286,-10.896,7.617,-14.52,0.0231
1.81,0.63,3.286,-10.896,7.617,-14.52,0.0094
4.651,0.63,3.286,-10.896,7.617,-14.52,-0.0162
7.409,0.63,3.286,-10.896,7.617,-14.52,-0.0564
8.518,0.63,3.286,-10.896,7.617,-14.52,-0.078
13.281,0.63,3.286,-10.896,7.617,-14.52,-0.1634
-14.832,-14.19,-18.112,-6.04,-8.528,14.188,0.1006
-11.57,-14.19,-18.112,-6.04,-8.528,14.188,0.0386
-11.241,-14.19,-18.112,-6.04,-8.528,14.188,0.0328
-8.857,-14.19,-18.112,-6.04,-8.528,14.188,-0.0068
-8.745,-14.19,-18.112,-6.04,-8.528,14.188,-0.0085
-6.99,-14.19,-18.112,-6.04,-8.528,14.188,-0.0332
-6.18,-14.19,-18.112,-6.04,-8.528,14.188,-0.0429
-5.419,-14.19,-18.112,-6.04,-8.528,14.188,-0.051
-5.027,-14.19,-18.112,-6.04,-8.528,14.188,-0.0548
-4.531,-14.19,-18.112,-6.04,-8.528,14.188,-0.0597
-2.798,-14.19,-18.112,-6.04,-8.528,14.188,-0.0698
-1.436,-14.19,-18.112,-6.04,-8.528,14.188,-0.0704
8.581,-14.19,-18.112,-6.04,-8.528,14.188,-0.1055
10.717,-14.19,-18.112,-6.04,-8.528,14.188,-0.1317
-12.979,10.66,5.675,9.35,-18.812,6.279,0.1248
-9.904,10.66,5.675,9.35,-18.812,6.279,0.0771
-4.618,10.66,5.675,9.35,-18.812,6.279,0.0215
-2.99,10.66,5.675,9.35,-18.812,6.279,0.0124
-1.828,10.66,5.675,9.35,-18.812,6.279,0.0111
-0.617,10.66,5.675,9.35,-18.812,6.279,0.0111
-0.262,10.66,5.675,9.35,-18.812,6.279,0.0113
2.444,10.66,5.675,9.35,-18.812,6.279,0.013
3.855,10.66,5.675,9.35,-18.812,6.279,0.0071
6.82,10.66,5.675,9.35,-18.812,6.279,-0.019
8.402,10.66,5.675,9.35,-18.812,6.279,-0.0406
10.474,10.66,5.675,9.35,-18.812,6.279,-0.0758
11.211,10.66,5.675,9.35,-18.812,6.279,-0.0892
12.704,10.66,5.675,9.35,-18.812,6.279,-0.1172
-14.913,8.17,7.106,4.909,13.016,-9.838,0.2047
-13.593,8.17,7.106,4.909,13.016,-9.838,0.184
-13.179,8.17,7.106,4.909,13.016,-9.838,0.1775
-10.271,8.17,7.106,4.909,13.016,-9.838,0.1338
-9.099,8.17,7.106,4.909,13.016,-9.838,0.119
-3.683,8.17,7.106,4.909,13.016,-9.838,0.0669
-3.079,8.17,7.106,4.909,13.016,-9.838,0.0627
0.843,8.17,7.106,4.909,13.016,-9.838,0.0538
2.576,8.17,7.106,4.909,13.016,-9.838,0.0513
3.018,8.17,7.106,4.909,13.016,-9.838,0.0489
6.506,8.17,7.106,4.909,13.016,-9.838,0.0208
7.105,8.17,7.106,4.909,13.016,-9.838,0.0139
7.631,8.17,7.106,4.909,13.016,-9.838,0.0072
11.813,8.17,7.106,4.909,13.016,-9.838,-0.0625
-14.464,-9.04,11.02,-6.519,-7.344,10.893,0.1158
-11.56,-9.04,11.02,-6.519,-7.344,10.893,0.0502
-10.346,-9.04,11.02,-6.519,-7.344,10.893,0.0264
-8.434,-9.04,11.02,-6.519,-7.344,10.893,-0.0068
-7.746,-9.04,11.02,-6.519,-7.344,10.893,-0.0164
-4.661,-9.04,11.02,-6.519,-7.344,10.893,-0.0491
-1.476,-9.04,11.02,-6.519,-7.344,10.893,-0.0628
-0.476,-9.04,11.02,-6.519,-7.344,10.893,-0.0626
-0.315,-9.04,11.02,-6.519,-7.344,10.893,-0.0625
0.416,-9.04,11.02,-6.519,-7.344,10.893,-0.0622
2.106,-9.04,11.02,-6.519,-7.344,10.893,-0.0633
5.051,-9.04,11.02,-6.519,-7.344,10.893,-0.0818
8.262,-9.04,11.02,-6.519,-7.344,10.893,-0.1166
8.557,-9.04,11.02,-6.519,-7.344,10.893,-0.1201
-10.457,0.22,18.768,-0.143,-0.124,16.002,0.0638
-9.347,0.22,18.768,-0.143,-0.124,16.002,0.0442
-7.976,0.22,18.768,-0.143,-0.124,16.002,0.02
-4.655,0.22,18.768,-0.143,-0.124,16.002,-0.0274
0.194,0.22,18.768,-0.143,-0.124,16.002,-0.0516
0.458,0.22,18.768,-0.143,-0.124,16.002,-0.0545
1.222,0.22,18.768,-0.143,-0.124,16.002,-0.0597
3.651,0.22,18.768,-0.143,-0.124,16.002,-0.0787
4.569,0.22,18.768,-0.143,-0.124,16.002,-0.0867
4.803,0.22,18.768,-0.143,-0.124,16.002,-0.0891
5.488,0.22,18.768,-0.143,-0.124,16.002,-0.0967
5.695,0.22,18.768,-0.143,-0.124,16.002,-0.0988
9.909,0.22,18.768,-0.143,-0.124,16.002,-0.1479
9.969,0.22,18.768,-0.143,-0.124,16.002,-0.1486
-14.92,1.11,-5.672,-0.201,-16.505,-14.913,0.2171
-11.99,1.11,-5.672,-0.201,-16.505,-14.913,0.1734
-10.69,1.11,-5.672,-0.201,-16.505,-14.913,0.1559
-10.19,1.11,-5.672,-0.201,-16.505,-14.913,0.1493
-9.44,1.11,-5.672,-0.201,-16.505,-14.913,0.1396
-4.08,1.11,-5.672,-0.201,-16.505,-14.913,0.0942
-3.61,1.11,-5.672,-0.201,-16.505,-14.913,0.0832
-2.87,1.11,-5.672,-0.201,-16.505,-14.913,0.0727
-2.81,1.11,-5.672,-0.201,-16.505,-14.913,0.0721
6.67,1.11,-5.672,-0.201,-16.505,-14.913,0.0085
9.99,1.11,-5.672,-0.201,-16.505,-14.913,-0.0515
11.43,1.11,-5.672,-0.201,-16.505,-14.913,-0.0782
12.69,1.11,-5.672,-0.201,-16.505,-14.913,-0.1019
12.7,1.11,-5.672,-0.201,-16.505,-14.913,-0.1021
-5.731,-5.73,4.443,-11.809,-2.109,-8.451,0.0272
-5.362,-5.73,4.443,-11.809,-2.109,-8.451,0.0231
-5.216,-5.73,4.443,-11.809,-2.109,-8.451,0.0216
-5.142,-5.73,4.443,-11.809,-2.109,-8.451,0.0208
-4.776,-5.73,4.443,-11.809,-2.109,-8.451,0.0173
-3.67,-5.73,4.443,-11.809,-2.109,-8.451,0.0059
-2.939,-5.73,4.443,-11.809,-2.109,-8.451,-0.0006
-2.316,-5.73,4.443,-11.809,-2.109,-8.451,-0.0046
-1.145,-5.73,4.443,-11.809,-2.109,-8.451,-0.0092
2.27,-5.73,4.443,-11.809,-2.109,-8.451,-0.0154
4.278,-5.73,4.443,-11.809,-2.109,-8.451,-0.0283
6.814,-5.73,4.443,-11.809,-2.109,-8.451,-0.0554
7.173,-5.73,4.443,-11.809,-2.109,-8.451,-0.0599
8.888,-5.73,4.443,-11.809,-2.109,-8.451,-0.0853
-11.229,13.37,-10.582,-9.232,7.026,-12.613,0.089
-11.134,13.37,-10.582,-9.232,7.026,-12.613,0.0873
-8.777,13.37,-10.582,-9.232,7.026,-12.613,0.051
-8.113,13.37,-10.582,-9.232,7.026,-12.613,0.0428
-6.783,13.37,-10.582,-9.232,7.026,-12.613,0.0287
-5.662,13.37,-10.582,-9.232,7.026,-12.613,0.0195
-2.638,13.37,-10.582,-9.232,7.026,-12.613,0.0066
-1.666,13.37,-10.582,-9.232,7.026,-12.613,0.008
0.644,13.37,-10.582,-9.232,7.026,-12.613,0.0145
3.581,13.37,-10.582,-9.232,7.026,-12.613,0.0148
4.786,13.37,-10.582,-9.232,7.026,-12.613,0.0062
6.331,13.37,-10.582,-9.232,7.026,-12.613,-0.0061
9.37,13.37,-10.582,-9.232,7.026,-12.613,-0.041
10.762,13.37,-10.582,-9.232,7.026,-12.613,-0.0617
-13.462,-6.25,16.286,-17.615,5.102,0.859,0.1134
-13.037,-6.25,16.286,-17.615,5.102,0.859,0.1054
-12.795,-6.25,16.286,-17.615,5.102,0.859,0.1009
-11.357,-6.25,16.286,-17.615,5.102,0.859,0.0747
-3.168,-6.25,16.286,-17.615,5.102,0.859,-0.0418
-3.058,-6.25,16.286,-17.615,5.102,0.859,-0.0429
-2.02,-6.25,16.286,-17.615,5.102,0.859,-0.0522
-0.226,-6.25,16.286,-17.615,5.102,0.859,-0.0606
0.667,-6.25,16.286,-17.615,5.102,0.859,-0.0639
1.356,-6.25,16.286,-17.615,5.102,0.859,-0.0665
1.707,-6.25,16.286,-17.615,5.102,0.859,-0.0679
8.679,-6.25,16.286,-17.615,5.102,0.859,-0.1312
9.135,-6.25,16.286,-17.615,5.102,0.859,-0.1367
14.3,-6.25,16.286,-17.615,5.102,0.859,-0.2131
-14.487,-10.24,-15.409,15.444,-14.52,4.696,0.1912
-12.529,-10.24,-15.409,15.444,-14.52,4.696,0.1524
-5.501,-10.24,-15.409,15.444,-14.52,4.696,0.0575
-5.083,-10.24,-15.409,15.444,-14.52,4.696,0.0542
-3.096,-10.24,-15.409,15.444,-14.52,4.696,0.0414
-0.012,-10.24,-15.409,15.444,-14.52,4.696,0.0393
1.246,-10.24,-15.409,15.444,-14.52,4.696,0.0391
3.207,-10.24,-15.409,15.444,-14.52,4.696,0.0332
3.382,-10.24,-15.409,15.444,-14.52,4.696,0.0318
5.86,-10.24,-15.409,15.444,-14.52,4.696,0.0051
5.882,-10.24,-15.409,15.444,-14.52,4.696,0.0049
9.272,-10.24,-15.409,15.444,-14.52,4.696,-0.0446
12.106,-10.24,-15.409,15.444,-14.52,4.696,-0.0935
12.86,-10.24,-15.409,15.444,-14.52,4.696,-0.1071
-14.537,-12.1,-14.239,19.053,-4.9,-2.874,0.2054
-12.498,-12.1,-14.239,19.053,-4.9,-2.874,0.1727
-10.567,-12.1,-14.239,19.053,-4.9,-2.874,0.1455
-7.977,-12.1,-14.239,19.053,-4.9,-2.874,0.1152
-6.45,-12.1,-14.239,19.053,-4.9,-2.874,0.1002
-6.086,-12.1,-14.239,19.053,-4.9,-2.874,0.0969
-4.755,-12.1,-14.239,19.053,-4.9,-2.874,0.0863
-1.9,-12.1,-14.239,19.053,-4.9,-2.874,0.0747
-0.396,-12.1,-14.239,19.053,-4.9,-2.874,0.0739
5.296,-12.1,-14.239,19.053,-4.9,-2.874,0.0532
6.763,-12.1,-14.239,19.053,-4.9,-2.874,0.036
9.376,-12.1,-14.239,19.053,-4.9,-2.874,-0.0033
11.717,-12.1,-14.239,19.053,-4.9,-2.874,-0.0442
14.237,-12.1,-14.239,19.053,-4.9,-2.874,-0.0937
-14.945,-10.52,-8.995,-12.327,-7.338,8.024,0.1211
-14.677,-10.52,-8.995,-12.327,-7.338,8.024,0.1148
-12.385,-10.52,-8.995,-12.327,-7.338,8.024,0.0611
-11.308,-10.52,-8.995,-12.327,-7.338,8.024,0.0368
-7.024,-10.52,-8.995,-12.327,-7.338,8.024,-0.0378
-3.421,-10.52,-8.995,-12.327,-7.338,8.024,-0.068
-1.772,-10.52,-8.995,-12.327,-7.338,8.024,-0.0723
-1.491,-10.52,-8.995,-12.327,-7.338,8.024,-0.0724
0.483,-10.52,-8.995,-12.327,-7.338,8.024,-0.0709
4.657,-10.52,-8.995,-12.327,-7.338,8.024,-0.0803
7.594,-10.52,-8.995,-12.327,-7.338,8.024,-0.1075
10.666,-10.52,-8.995,-12.327,-7.338,8.024,-0.1498
11.75,-10.52,-8.995,-12.327,-7.338,8.024,-0.1657
12.737,-10.52,-8.995,-12.327,-7.338,8.024,-0.1805
-11.029,-2.17,-8.576,8.673,11.365,-1.332,0.1409
-10.619,-2.17,-8.576,8.673,11.365,-1.332,0.1357
-8.709,-2.17,-8.576,8.673,11.365,-1.332,0.1126
-7.835,-2.17,-8.576,8.673,11.365,-1.332,0.1022
-4.45,-2.17,-8.576,8.673,11.365,-1.332,0.0744
0.015,-2.17,-8.576,8.673,11.365,-1.332,0.0353
0.918,-2.17,-8.576,8.673,11.365,-1.332,0.0324
1.004,-2.17,-8.576,8.673,11.365,-1.332,0.0322
3.056,-2.17,-8.576,8.673,11.365,-1.332,0.0239
5.009,-2.17,-8.576,8.673,11.365,-1.332,0.0241
5.127,-2.17,-8.576,8.673,11.365,-1.332,0.0243
5.593,-2.17,-8.576,8.673,11.365,-1.332,0.0182
6.515,-2.17,-8.576,8.673,11.365,-1.332,-0.001
7.473,-2.17,-8.576,8.673,11.365,-1.332,-0.016
-8.499,5.3,18.951,8.73,-0.482,6.793,0.0795
-6.76,5.3,18.951,8.73,-0.482,6.793,0.0584
-6.189,5.3,18.951,8.73,-0.482,6.793,0.0509
-5.82,5.3,18.951,8.73,-0.482,6.793,0.0483
2.022,5.3,18.951,8.73,-0.482,6.793,0.0063
4.345,5.3,18.951,8.73,-0.482,6.793,-0.009
4.658,5.3,18.951,8.73,-0.482,6.793,-0.0117
4.712,5.3,18.951,8.73,-0.482,6.793,-0.0122
4.822,5.3,18.951,8.73,-0.482,6.793,-0.0132
9.33,5.3,18.951,8.73,-0.482,6.793,-0.0654
9.354,5.3,18.951,8.73,-0.482,6.793,-0.0657
9.663,5.3,18.951,8.73,-0.482,6.793,-0.0698
13.235,5.3,18.951,8.73,-0.482,6.793,-0.1279
14.016,5.3,18.951,8.73,-0.482,6.793,-0.1432
-9.083,-13.09,1.303,11.661,-17.266,18.126,0.0555
-8.141,-13.09,1.303,11.661,-17.266,18.126,0.0408
-6.05,-13.09,1.303,11.661,-17.266,18.126,0.0115
-1.517,-13.09,1.303,11.661,-17.266,18.126,-0.021
0.928,-13.09,1.303,11.661,-17.266,18.126,-0.0187
2.684,-13.09,1.303,11.661,-17.266,18.126,-0.0193
6.064,-13.09,1.303,11.661,-17.266,18.126,-0.0388
7.371,-13.09,1.303,11.661,-17.266,18.126,-0.051
7.794,-13.09,1.303,11.661,-17.266,18.126,-0.0555
8.499,-13.09,1.303,11.661,-17.266,18.126,-0.0638
9.573,-13.09,1.303,11.661,-17.266,18.126,-0.0783
10.905,-13.09,1.303,11.661,-17.266,18.126,-0.1002
12.225,-13.09,1.303,11.661,-17.266,18.126,-0.1248
12.744,-13.09,1.303,11.661,-17.266,18.126,-0.135
-13.933,-11.11,-11.626,19.77,-7.98,9.523,0.1844
-12.458,-11.11,-11.626,19.77,-7.98,9.523,0.1551
-11.162,-11.11,-11.626,19.77,-7.98,9.523,0.131
-10.119,-11.11,-11.626,19.77,-7.98,9.523,0.1128
-3.708,-11.11,-11.626,19.77,-7.98,9.523,0.0385
-2.962,-11.11,-11.626,19.77,-7.98,9.523,0.0341
-2.503,-11.11,-11.626,19.77,-7.98,9.523,0.0333
-1.47,-11.11,-11.626,19.77,-7.98,9.523,0.0322
-1.396,-11.11,-11.626,19.77,-7.98,9.523,0.0321
-0.219,-11.11,-11.626,19.77,-7.98,9.523,0.0322
1.106,-11.11,-11.626,19.77,-7.98,9.523,0.0317
5.655,-11.11,-11.626,19.77,-7.98,9.523,0.0009
6.275,-11.11,-11.626,19.77,-7.98,9.523,-0.0066
6.955,-11.11,-11.626,19.77,-7.98,9.523,-0.0164
-12.439,-10.1,-5.712,6.248,1.05,18.233,0.105
-11.714,-10.1,-5.712,6.248,1.05,18.233,0.092
-11.386,-10.1,-5.712,6.248,1.05,18.233,0.0862
-10.968,-10.1,-5.712,6.248,1.05,18.233,0.079
-6.353,-10.1,-5.712,6.248,1.05,18.233,0.0044
-4.166,-10.1,-5.712,6.248,1.05,18.233,-0.0234
-2.698,-10.1,-5.712,6.248,1.05,18.233,-0.0369
0.54,-10.1,-5.712,6.248,1.05,18.233,-0.0421
3.248,-10.1,-5.712,6.248,1.05,18.233,-0.0467
3.527,-10.1,-5.712,6.248,1.05,18.233,-0.0484
5.645,-10.1,-5.712,6.248,1.05,18.233,-0.0626
6.372,-10.1,-5.712,6.248,1.05,18.233,-0.0687
9.373,-10.1,-5.712,6.248,1.05,18.233,-0.102
9.517,-10.1,-5.712,6.248,1.05,18.233,-0.104
-5.957,-7.79,14.613,0.003,-19.644,9.977,-0.0058
-4.687,-7.79,14.613,0.003,-19.644,9.977,-0.0177
-1.102,-7.79,14.613,0.003,-19.644,9.977,-0.0355
0.027,-7.79,14.613,0.003,-19.644,9.977,-0.0368
3.282,-7.79,14.613,0.003,-19.644,9.977,-0.047
4.903,-7.79,14.613,0.003,-19.644,9.977,-0.0595
4.932,-7.79,14.613,0.003,-19.644,9.977,-0.0598
5.68,-7.79,14.613,0.003,-19.644,9.977,-0.0665
6.518,-7.79,14.613,0.003,-19.644,9.977,-0.0747
9.403,-7.79,14.613,0.003,-19.644,9.977,-0.1076
10.515,-7.79,14.613,0.003,-19.644,9.977,-0.1217
12.397,-7.79,14.613,0.003,-19.644,9.977,-0.1491
12.741,-7.79,14.613,0.003,-19.644,9.977,-0.1542
13.895,-7.79,14.613,0.003,-19.644,9.977,-0.172
-14.477,-8.94,-9.676,-8.605,-11.772,-14.028,0.1701
-9.807,-8.94,-9.676,-8.605,-11.772,-14.028,0.0963
-8.545,-8.94,-9.676,-8.605,-11.772,-14.028,0.0798
-6.264,-8.94,-9.676,-8.605,-11.772,-14.028,0.0542
-1.741,-8.94,-9.676,-8.605,-11.772,-14.028,0.0259
-0.277,-8.94,-9.676,-8.605,-11.772,-14.028,0.024
0.708,-8.94,-9.676,-8.605,-11.772,-14.028,0.0234
1.132,-8.94,-9.676,-8.605,-11.772,-14.028,0.023
4.195,-8.94,-9.676,-8.605,-11.772,-14.028,0.0105
5.826,-8.94,-9.676,-8.605,-11.772,-14.028,-0.0044
6.539,-8.94,-9.676,-8.605,-11.772,-14.028,-0.0121
8.16,-8.94,-9.676,-8.605,-11.772,-14.028,-0.0326
11.512,-8.94,-9.676,-8.605,-11.772,-14.028,-0.0895
13.993,-8.94,-9.676,-8.605,-11.772,-14.028,-0.1376
-11.173,-5.78,1.149,-4.525,13.196,9.883,0.0546
-7.914,-5.78,1.149,-4.525,13.196,9.883,0.003
-7.453,-5.78,1.149,-4.525,13.196,9.883,-0.003
-7.251,-5.78,1.149,-4.525,13.196,9.883,-0.0055
-4.244,-5.78,1.149,-4.525,13.196,9.883,-0.0373
-1.008,-5.78,1.149,-4.525,13.196,9.883,-0.0496
-0.483,-5.78,1.149,-4.525,13.196,9.883,-0.0498
1.079,-5.78,1.149,-4.525,13.196,9.883,-0.0517
2.358,-5.78,1.149,-4.525,13.196,9.883,-0.057
5.102,-5.78,1.149,-4.525,13.196,9.883,-0.0825
10.05,-5.78,1.149,-4.525,13.196,9.883,-0.1424
10.193,-5.78,1.149,-4.525,13.196,9.883,-0.1442
10.582,-5.78,1.149,-4.525,13.196,9.883,-0.1489
10.67,-5.78,1.149,-4.525,13.196,9.883,-0.15
-12.508,-13.33,-12.68,-19.217,-7.746,12.712,0.0481
-11.943,-13.33,-12.68,-19.217,-7.746,12.712,0.0354
-9.368,-13.33,-12.68,-19.217,-7.746,12.712,-0.0214
-6.46,-13.33,-12.68,-19.217,-7.746,12.712,-0.0749
-5.318,-13.33,-12.68,-19.217,-7.746,12.712,-0.0901
-3.722,-13.33,-12.68,-19.217,-7.746,12.712,-0.1062
3.95,-13.33,-12.68,-19.217,-7.746,12.712,-0.1089
5.823,-13.33,-12.68,-19.217,-7.746,12.712,-0.1212
6.11,-13.33,-12.68,-19.217,-7.746,12.712,-0.1233
7.194,-13.33,-12.68,-19.217,-7.746,12.712,-0.1311
7.214,-13.33,-12.68,-19.217,-7.746,12.712,-0.1313
8.835,-13.33,-12.68,-19.217,-7.746,12.712,-0.149
10.871,-13.33,-12.68,-19.217,-7.746,12.712,-0.176
13.058,-13.33,-12.68,-19.217,-7.746,12.712,-0.2104
-14.235,6.42,1.32,19.379,16.791,-19.211,0.2843
-12.573,6.42,1.32,19.379,16.791,-19.211,0.2581
-11.414,6.42,1.32,19.379,16.791,-19.211,0.2403
-10.169,6.42,1.32,19.379,16.791,-19.211,0.2241
-8.181,6.42,1.32,19.379,16.791,-19.211,0.2007
-0.251,6.42,1.32,19.379,16.791,-19.211,0.136
0.422,6.42,1.32,19.379,16.791,-19.211,0.1325
2.108,6.42,1.32,19.379,16.791,-19.211,0.1206
3.692,6.42,1.32,19.379,16.791,-19.211,0.0999
4.355,6.42,1.32,19.379,16.791,-19.211,0.0888
5.654,6.42,1.32,19.379,16.791,-19.211,0.0646
5.715,6.42,1.32,19.379,16.791,-19.211,0.0634
8.88,6.42,1.32,19.379,16.791,-19.211,0.0011
11.146,6.42,1.32,19.379,16.791,-19.211,-0.0436
-14.498,7.61,-8.06,14.805,-12.908,6.365,0.189
-12.664,7.61,-8.06,14.805,-12.908,6.365,0.1532
-11.721,7.61,-8.06,14.805,-12.908,6.365,0.1358
-9.325,7.61,-8.06,14.805,-12.908,6.365,0.0992
-8.516,7.61,-8.06,14.805,-12.908,6.365,0.089
-8.003,7.61,-8.06,14.805,-12.908,6.365,0.0829
-7.536,7.61,-8.06,14.805,-12.908,6.365,0.0776
-5.886,7.61,-8.06,14.805,-12.908,6.365,0.0618
-4.021,7.61,-8.06,14.805,-12.908,6.365,0.0476
1.486,7.61,-8.06,14.805,-12.908,6.365,0.0297
3.487,7.61,-8.06,14.805,-12.908,6.365,0.018
4.871,7.61,-8.06,14.805,-12.908,6.365,0.0014
4.967,7.61,-8.06,14.805,-12.908,6.365,0.0001
9.956,7.61,-8.06,14.805,-12.908,6.365,-0.0806
-14.834,7.28,11.33,-7.08,1.519,15.741,0.1328
-11.361,7.28,11.33,-7.08,1.519,15.741,0.053
-9.854,7.28,11.33,-7.08,1.519,15.741,0.0216
-9.482,7.28,11.33,-7.08,1.519,15.741,0.0146
-3.892,7.28,11.33,-7.08,1.519,15.741,-0.0633
-2.609,7.28,11.33,-7.08,1.519,15.741,-0.0726
3.5,7.28,11.33,-7.08,1.519,15.741,-0.0901
4.539,7.28,11.33,-7.08,1.519,15.741,-0.0987
5.373,7.28,11.33,-7.08,1.519,15.741,-0.1067
10.278,7.28,11.33,-7.08,1.519,15.741,-0.1648
11.86,7.28,11.33,-7.08,1.519,15.741,-0.1883
12.079,7.28,11.33,-7.08,1.519,15.741,-0.1917
12.096,7.28,11.33,-7.08,1.519,15.741,-0.192
13.305,7.28,11.33,-7.08,1.519,15.741,-0.2106
-14.753,7.25,0.336,-8.796,-12.918,-8.191,0.1618
-12.133,7.25,0.336,-8.796,-12.918,-8.191,0.1123
-11.065,7.25,0.336,-8.796,-12.918,-8.191,0.0936
-7.169,7.25,0.336,-8.796,-12.918,-8.191,0.0417
-3.856,7.25,0.336,-8.796,-12.918,-8.191,0.009
-3.055,7.25,0.336,-8.796,-12.918,-8.191,0.0032
-2.852,7.25,0.336,-8.796,-12.918,-8.191,0.002
-2.14,7.25,0.336,-8.796,-12.918,-8.191,-0.0012
-0.597,7.25,0.336,-8.796,-12.918,-8.191,-0.0031
-0.203,7.25,0.336,-8.796,-12.918,-8.191,-0.0032
0.029,7.25,0.336,-8.796,-12.918,-8.191,-0.0033
1.457,7.25,0.336,-8.796,-12.918,-8.191,-0.004
5.9,7.25,0.336,-8.796,-12.918,-8.191,-0.0353
6.095,7.25,0.336,-8.796,-12.918,-8.191,-0.0373
-14.475,-12.13,11.347,15.802,-14.101,12.127,0.1714
-14.019,-12.13,11.347,15.802,-14.101,12.127,0.162
-6.24,-12.13,11.347,15.802,-14.101,12.127,0.0317
-4.335,-12.13,11.347,15.802,-14.101,12.127,0.0162
-4.077,-12.13,11.347,15.802,-14.101,12.127,0.0143
-2.294,-12.13,11.347,15.802,-14.101,12.127,0.0096
-1.612,-12.13,11.347,15.802,-14.101,12.127,0.0101
-0.669,-12.13,11.347,15.802,-14.101,12.127,0.0116
0.477,-12.13,11.347,15.802,-14.101,12.127,0.0135
5.771,-12.13,11.347,15.802,-14.101,12.127,-0.0052
6.978,-12.13,11.347,15.802,-14.101,12.127,-0.0188
9.467,-12.13,11.347,15.802,-14.101,12.127,-0.0568
9.915,-12.13,11.347,15.802,-14.101,12.127,-0.0646
13.072,-12.13,11.347,15.802,-14.101,12.127,-0.1237
-14.726,8.37,-12.996,19.792,19.435,-15.437,0.2761
-14.17,8.37,-12.996,19.792,19.435,-15.437,0.2669
-11.174,8.37,-12.996,19.792,19.435,-15.437,0.2182
-4.918,8.37,-12.996,19.792,19.435,-15.437,0.1485
-2.264,8.37,-12.996,19.792,19.435,-15.437,0.13
-2.22,8.37,-12.996,19.792,19.435,-15.437,0.1298
0.517,8.37,-12.996,19.792,19.435,-15.437,0.122
4.522,8.37,-12.996,19.792,19.435,-15.437,0.0876
5.359,8.37,-12.996,19.792,19.435,-15.437,0.0742
7.426,8.37,-12.996,19.792,19.435,-15.437,0.0363
9.462,8.37,-12.996,19.792,19.435,-15.437,-0.0033
11.432,8.37,-12.996,19.792,19.435,-15.437,-0.0453
11.978,8.37,-12.996,19.792,19.435,-15.437,-0.0569
12.096,8.37,-12.996,19.792,19.435,-15.437,-0.0594
-11.855,6.64,0.826,-19.082,2.839,-4.227,0.0974
-11.245,6.64,0.826,-19.082,2.839,-4.227,0.0864
-10.199,6.64,0.826,-19.082,2.839,-4.227,0.0694
-9.343,6.64,0.826,-19.082,2.839,-4.227,0.056
-9.034,6.64,0.826,-19.082,2.839,-4.227,0.0511
-4.933,6.64,0.826,-19.082,2.839,-4.227,-0.0118
-4.559,6.64,0.826,-19.082,2.839,-4.227,-0.017
-2.637,6.64,0.826,-19.082,2.839,-4.227,-0.0401
-0.333,6.64,0.826,-19.082,2.839,-4.227,-0.0515
2.698,6.64,0.826,-19.082,2.839,-4.227,-0.0614
7.978,6.64,0.826,-19.082,2.839,-4.227,-0.1084
9.31,6.64,0.826,-19.082,2.839,-4.227,-0.1244
12.211,6.64,0.826,-19.082,2.839,-4.227,-0.1658
12.54,6.64,0.826,-19.082,2.839,-4.227,-0.1713
-14.456,-8.26,14.237,-19.006,-17.726,7.581,0.1168
-12.17,-8.26,14.237,-19.006,-17.726,7.581,0.0648
-11.567,-8.26,14.237,-19.006,-17.726,7.581,0.0517
-9.387,-8.26,14.237,-19.006,-17.726,7.581,0.0071
-7.948,-8.26,14.237,-19.006,-17.726,7.581,-0.0179
-3.904,-8.26,14.237,-19.006,-17.726,7.581,-0.0739
-0.89,-8.26,14.237,-19.006,-17.726,7.581,-0.0913
1.021,-8.26,14.237,-19.006,-17.726,7.581,-0.0938
1.317,-8.26,14.237,-19.006,-17.726,7.581,-0.0944
6.014,-8.26,14.237,-19.006,-17.726,7.581,-0.1271
6.151,-8.26,14.237,-19.006,-17.726,7.581,-0.1284
7.058,-8.26,14.237,-19.006,-17.726,7.581,-0.1378
7.235,-8.26,14.237,-19.006,-17.726,7.581,-0.1398
10.279,-8.26,14.237,-19.006,-17.726,7.581,-0.1757
-12.942,11.45,-4.195,-3.264,0.745,-19.01,0.1604
-11.773,11.45,-4.195,-3.264,0.745,-19.01,0.1414
-7.48,11.45,-4.195,-3.264,0.745,-19.01,0.0864
-5.858,11.45,-4.195,-3.264,0.745,-19.01,0.0713
-0.497,11.45,-4.195,-3.264,0.745,-19.01,0.0544
3.024,11.45,-4.195,-3.264,0.745,-19.01,0.0505
3.257,11.45,-4.195,-3.264,0.745,-19.01,0.0495
6.824,11.45,-4.195,-3.264,0.745,-19.01,0.0145
6.911,11.45,-4.195,-3.264,0.745,-19.01,0.0134
6.972,11.45,-4.195,-3.264,0.745,-19.01,0.0125
8.528,11.45,-4.195,-3.264,0.745,-19.01,-0.0098
10.071,11.45,-4.195,-3.264,0.745,-19.01,-0.0351
10.896,11.45,-4.195,-3.264,0.745,-19.01,-0.05
11.818,11.45,-4.195,-3.264,0.745,-19.01,-0.0668
-14.267,-11.13,-13.168,-16.532,11.671,0.206,0.1058
-13.879,-11.13,-13.168,-16.532,11.671,0.206,0.0981
-12.419,-11.13,-13.168,-16.532,11.671,0.206,0.069
-10.415,-11.13,-13.168,-16.532,11.671,0.206,0.0308
-8.536,-11.13,-13.168,-16.532,11.671,0.206,0.0001
-3.541,-11.13,-13.168,-16.532,11.671,0.206,-0.0505
-1.473,-11.13,-13.168,-16.532,11.671,0.206,-0.0565
-1.301,-11.13,-13.168,-16.532,11.671,0.206,-0.0568
3.365,-11.13,-13.168,-16.532,11.671,0.206,-0.0609
5.964,-11.13,-13.168,-16.532,11.671,0.206,-0.0779
6.243,-11.13,-13.168,-16.532,11.671,0.206,-0.08
11.719,-11.13,-13.168,-16.532,11.671,0.206,-0.1471
11.758,-11.13,-13.168,-16.532,11.671,0.206,-0.1477
13.765,-11.13,-13.168,-16.532,11.671,0.206,-0.1806
-14.994,1.05,-3.508,7.015,5.92,2.724,0.1816
-13.758,1.05,-3.508,7.015,5.92,2.724,0.1607
-11.252,1.05,-3.508,7.015,5.92,2.724,0.1239
-7.216,1.05,-3.508,7.015,5.92,2.724,0.0725
-6.462,1.05,-3.508,7.015,5.92,2.724,0.0644
-5.28,1.05,-3.508,7.015,5.92,2.724,0.0522
-4.88,1.05,-3.508,7.015,5.92,2.724,0.0482
0.058,1.05,-3.508,7.015,5.92,2.724,0.0142
1.094,1.05,-3.508,7.015,5.92,2.724,0.0104
3.656,1.05,-3.508,7.015,5.92,2.724,-0.004
6.932,1.05,-3.508,7.015,5.92,2.724,-0.0331
7.815,1.05,-3.508,7.015,5.92,2.724,-0.0444
8.124,1.05,-3.508,7.015,5.92,2.724,-0.0486
8.317,1.05,-3.508,7.015,5.92,2.724,-0.0512
-11.009,-8.23,12.541,7.384,8.988,14.415,0.0803
-5.842,-8.23,12.541,7.384,8.988,14.415,0.0053
-2.857,-8.23,12.541,7.384,8.988,14.415,-0.0209
0.018,-8.23,12.541,7.384,8.988,14.415,-0.0273
0.293,-8.23,12.541,7.384,8.988,14.415,-0.0274
1.544,-8.23,12.541,7.384,8.988,14.415,-0.0281
2.003,-8.23,12.541,7.384,8.988,14.415,-0.0289
2.716,-8.23,12.541,7.384,8.988,14.415,-0.0311
3.475,-8.23,12.541,7.384,8.988,14.415,-0.0355
4.855,-8.23,12.541,7.384,8.988,14.415,-0.0451
6.264,-8.23,12.541,7.384,8.988,14.415,-0.0578
6.909,-8.23,12.541,7.384,8.988,14.415,-0.0645
9.007,-8.23,12.541,7.384,8.988,14.415,-0.0896
9.809,-8.23,12.541,7.384,8.988,14.415,-0.0997
-13.592,-0.61,-13.668,-0.32,-5.7,-6.849,0.165
-13.072,-0.61,-13.668,-0.32,-5.7,-6.849,0.1569
-12.123,-0.61,-13.668,-0.32,-5.7,-6.849,0.1437
-4.678,-0.61,-13.668,-0.32,-5.7,-6.849,0.0591
-3.839,-0.61,-13.668,-0.32,-5.7,-6.849,0.0517
-3.57,-0.61,-13.668,-0.32,-5.7,-6.849,0.049
-3.395,-0.61,-13.668,-0.32,-5.7,-6.849,0.0473
-3.312,-0.61,-13.668,-0.32,-5.7,-6.849,0.0466
-2.989,-0.61,-13.668,-0.32,-5.7,-6.849,0.0436
-1.341,-0.61,-13.668,-0.32,-5.7,-6.849,0.0311
0.289,-0.61,-13.668,-0.32,-5.7,-6.849,0.0235
2.932,-0.61,-13.668,-0.32,-5.7,-6.849,0.0126
3.099,-0.61,-13.668,-0.32,-5.7,-6.849,0.0115
10.41,-0.61,-13.668,-0.32,-5.7,-6.849,-0.0687
-10.472,-14.68,-1.77,-19.988,-8.921,15.345,-0.0065
-8.607,-14.68,-1.77,-19.988,-8.921,15.345,-0.0451
-5.464,-14.68,-1.77,-19.988,-8.921,15.345,-0.0973
-4.872,-14.68,-1.77,-19.988,-8.921,15.345,-0.1046
-0.476,-14.68,-1.77,-19.988,-8.921,15.345,-0.1204
0.723,-14.68,-1.77,-19.988,-8.921,15.345,-0.1186
0.745,-14.68,-1.77,-19.988,-8.921,15.345,-0.1185
1.732,-14.68,-1.77,-19.988,-8.921,15.345,-0.1171
3.048,-14.68,-1.77,-19.988,-8.921,15.345,-0.1168
6.123,-14.68,-1.77,-19.988,-8.921,15.345,-0.1317
7.409,-14.68,-1.77,-19.988,-8.921,15.345,-0.1414
8.952,-14.68,-1.77,-19.988,-8.921,15.345,-0.1578
11.067,-14.68,-1.77,-19.988,-8.921,15.345,-0.1848
11.657,-14.68,-1.77,-19.988,-8.921,15.345,-0.1934
-14.602,-13.25,-1.204,-0.307,0.154,-10.419,0.1588
-12.109,-13.25,-1.204,-0.307,0.154,-10.419,0.1215
-11.745,-13.25,-1.204,-0.307,0.154,-10.419,0.1163
-9.802,-13.25,-1.204,-0.307,0.154,-10.419,0.0909
-4.314,-13.25,-1.204,-0.307,0.154,-10.419,0.0389
-3.593,-13.25,-1.204,-0.307,0.154,-10.419,0.034
-2.475,-13.25,-1.204,-0.307,0.154,-10.419,0.0325
-1.319,-13.25,-1.204,-0.307,0.154,-10.419,0.0328
1.085,-13.25,-1.204,-0.307,0.154,-10.419,0.0377
3.403,-13.25,-1.204,-0.307,0.154,-10.419,0.0395
5.605,-13.25,-1.204,-0.307,0.154,-10.419,0.0252
9.779,-13.25,-1.204,-0.307,0.154,-10.419,-0.023
9.933,-13.25,-1.204,-0.307,0.154,-10.419,-0.0255
10.736,-13.25,-1.204,-0.307,0.154,-10.419,-0.0388
-13.373,-8.36,-19.922,1.309,-9.454,-4.245,0.1456
-13.032,-8.36,-19.922,1.309,-9.454,-4.245,0.1403
-6.553,-8.36,-19.922,1.309,-9.454,-4.245,0.0605
-5.704,-8.36,-19.922,1.309,-9.454,-4.245,0.0525
-5.128,-8.36,-19.922,1.309,-9.454,-4.245,0.047
-1.216,-8.36,-19.922,1.309,-9.454,-4.245,0.0233
1.582,-8.36,-19.922,1.309,-9.454,-4.245,0.0195
2.123,-8.36,-19.922,1.309,-9.454,-4.245,0.0189
2.19,-8.36,-19.922,1.309,-9.454,-4.245,0.0188
4.768,-8.36,-19.922,1.309,-9.454,-4.245,0.0057
5.51,-8.36,-19.922,1.309,-9.454,-4.245,0.0005
8.886,-8.36,-19.922,1.309,-9.454,-4.245,-0.0328
11.082,-8.36,-19.922,1.309,-9.454,-4.245,-0.0631
11.29,-8.36,-19.922,1.309,-9.454,-4.245,-0.0664
-14.753,12.71,-4.153,-14.97,-16.864,0.23,0.1067
-14.453,12.71,-4.153,-14.97,-16.864,0.23,0.1006
-13.846,12.71,-4.153,-14.97,-16.864,0.23,0.0882
-13.29,12.71,-4.153,-14.97,-16.864,0.23,0.0767
-9.713,12.71,-4.153,-14.97,-16.864,0.23,0.0095
-8.1,12.71,-4.153,-14.97,-16.864,0.23,-0.0153
-4.753,12.71,-4.153,-14.97,-16.864,0.23,-0.0495
-4.398,12.71,-4.153,-14.97,-16.864,0.23,-0.0518
2.808,12.71,-4.153,-14.97,-16.864,0.23,-0.053
3.11,12.71,-4.153,-14.97,-16.864,0.23,-0.0533
3.128,12.71,-4.153,-14.97,-16.864,0.23,-0.0534
6.059,12.71,-4.153,-14.97,-16.864,0.23,-0.0736
10.556,12.71,-4.153,-14.97,-16.864,0.23,-0.126
11.073,12.71,-4.153,-14.97,-16.864,0.23,-0.1331
-14.965,12.56,6.488,-3.849,-19.262,-5.265,0.1369
-9.556,12.56,6.488,-3.849,-19.262,-5.265,0.0547
-7.56,12.56,6.488,-3.849,-19.262,-5.265,0.0325
-6.088,12.56,6.488,-3.849,-19.262,-5.265,0.0189
-2.505,12.56,6.488,-3.849,-19.262,-5.265,0.0003
0.972,12.56,6.488,-3.849,-19.262,-5.265,0.004
1.112,12.56,6.488,-3.849,-19.262,-5.265,0.0042
2.678,12.56,6.488,-3.849,-19.262,-5.265,0.0046
3.504,12.56,6.488,-3.849,-19.262,-5.265,0.0034
5.719,12.56,6.488,-3.849,-19.262,-5.265,-0.0112
6.223,12.56,6.488,-3.849,-19.262,-5.265,-0.0152
6.683,12.56,6.488,-3.849,-19.262,-5.265,-0.0191
9.516,12.56,6.488,-3.849,-19.262,-5.265,-0.0478
9.904,12.56,6.488,-3.849,-19.262,-5.265,-0.0525
-12.789,13.3,10.541,-18.151,-13.949,9.54,0.0489
-11.809,13.3,10.541,-18.151,-13.949,9.54,0.0273
-8.134,13.3,10.541,-18.151,-13.949,9.54,-0.0399
-7.963,13.3,10.541,-18.151,-13.949,9.54,-0.0427
-5.295,13.3,10.541,-18.151,-13.949,9.54,-0.078
-2.001,13.3,10.541,-18.151,-13.949,9.54,-0.0994
-1.244,13.3,10.541,-18.151,-13.949,9.54,-0.0992
-0.449,13.3,10.541,-18.151,-13.949,9.54,-0.0983
1.59,13.3,10.541,-18.151,-13.949,9.54,-0.0955
1.706,13.3,10.541,-18.151,-13.949,9.54,-0.0954
3.106,13.3,10.541,-18.151,-13.949,9.54,-0.0959
8.464,13.3,10.541,-18.151,-13.949,9.54,-0.1365
11.428,13.3,10.541,-18.151,-13.949,9.54,-0.1768
13.299,13.3,10.541,-18.151,-13.949,9.54,-0.2065
-13.318,-8.96,9.896,-14.964,0.253,-11.287,0.1442
-10.996,-8.96,9.896,-14.964,0.253,-11.287,0.1006
-8.535,-8.96,9.896,-14.964,0.253,-11.287,0.0586
-5.394,-8.96,9.896,-14.964,0.253,-11.287,0.0163
-4.042,-8.96,9.896,-14.964,0.253,-11.287,0.0041
-1.114,-8.96,9.896,-14.964,0.253,-11.287,-0.009
-0.063,-8.96,9.896,-14.964,0.253,-11.287,-0.0106
1.196,-8.96,9.896,-14.964,0.253,-11.287,-0.0117
5.038,-8.96,9.896,-14.964,0.253,-11.287,-0.0305
6.485,-8.96,9.896,-14.964,0.253,-11.287,-0.0449
8.162,-8.96,9.896,-14.964,0.253,-11.287,-0.0673
10.484,-8.96,9.896,-14.964,0.253,-11.287,-0.1072
12.153,-8.96,9.896,-14.964,0.253,-11.287,-0.1395
12.688,-8.96,9.896,-14.964,0.253,-11.287,-0.1504
-10.554,11.5,13.412,2.594,0.731,8.479,0.0497
-3.246,11.5,13.412,2.594,0.731,8.479,-0.0172
1.003,11.5,13.412,2.594,0.731,8.479,-0.0184
2.617,11.5,13.412,2.594,0.731,8.479,-0.018
4.39,11.5,13.412,2.594,0.731,8.479,-0.0253
4.59,11.5,13.412,2.594,0.731,8.479,-0.0264
5.185,11.5,13.412,2.594,0.731,8.479,-0.0302
5.262,11.5,13.412,2.594,0.731,8.479,-0.0307
5.57,11.5,13.412,2.594,0.731,8.479,-0.0328
7.711,11.5,13.412,2.594,0.731,8.479,-0.0541
7.801,11.5,13.412,2.594,0.731,8.479,-0.0551
8.214,11.5,13.412,2.594,0.731,8.479,-0.06
10.523,11.5,13.412,2.594,0.731,8.479,-0.0896
11.893,11.5,13.412,2.594,0.731,8.479,-0.1092
-13.985,1.28,-0.381,-5.508,-16.949,-1.304,0.1351
-11.839,1.28,-0.381,-5.508,-16.949,-1.304,0.099
-11.343,1.28,-0.381,-5.508,-16.949,-1.304,0.0916
-6.609,1.28,-0.381,-5.508,-16.949,-1.304,0.0296
-6.226,1.28,-0.381,-5.508,-16.949,-1.304,0.0261
-3.932,1.28,-0.381,-5.508,-16.949,-1.304,0.0215
-3.442,1.28,-0.381,-5.508,-16.949,-1.304,0.0095
-3.376,1.28,-0.381,-5.508,-16.949,-1.304,0.0083
6.421,1.28,-0.381,-5.508,-16.949,-1.304,-0.0619
7.731,1.28,-0.381,-5.508,-16.949,-1.304,-0.0783
8.591,1.28,-0.381,-5.508,-16.949,-1.304,-0.0891
9.442,1.28,-0.381,-5.508,-16.949,-1.304,-0.0996
10.952,1.28,-0.381,-5.508,-16.949,-1.304,-0.1188
11.843,1.28,-0.381,-5.508,-16.949,-1.304,-0.1308
-7.07,6.72,-7.342,4.907,10.227,-9.02,0.0992
-4.962,6.72,-7.342,4.907,10.227,-9.02,0.0764
-2.285,6.72,-7.342,4.907,10.227,-9.02,0.0542
-1.93,6.72,-7.342,4.907,10.227,-9.02,0.0528
-0.844,6.72,-7.342,4.907,10.227,-9.02,0.0507
-0.076,6.72,-7.342,4.907,10.227,-9.02,0.0502
1.421,6.72,-7.342,4.907,10.227,-9.02,0.0496
4.32,6.72,-7.342,4.907,10.227,-9.02,0.0365
5.27,6.72,-7.342,4.907,10.227,-9.02,0.0279
5.719,6.72,-7.342,4.907,10.227,-9.02,0.0233
7.662,6.72,-7.342,4.907,10.227,-9.02,0.0012
9.414,6.72,-7.342,4.907,10.227,-9.02,-0.0234
10.878,6.72,-7.342,4.907,10.227,-9.02,-0.0473
13.496,6.72,-7.342,4.907,10.227,-9.02,-0.1013
-13.936,12.42,16.721,11.682,6.939,-18.368,0.2259
-7.583,12.42,16.721,11.682,6.939,-18.368,0.1412
-2.684,12.42,16.721,11.682,6.939,-18.368,0.1029
-2.367,12.42,16.721,11.682,6.939,-18.368,0.1026
0.023,12.42,16.721,11.682,6.939,-18.368,0.1035
2.13,12.42,16.721,11.682,6.939,-18.368,0.1044
5.43,12.42,16.721,11.682,6.939,-18.368,0.0832
6.834,12.42,16.721,11.682,6.939,-18.368,0.065
6.846,12.42,16.721,11.682,6.939,-18.368,0.0648
7.007,12.42,16.721,11.682,6.939,-18.368,0.0625
9.049,12.42,16.721,11.682,6.939,-18.368,0.029
9.566,12.42,16.721,11.682,6.939,-18.368,0.0198
9.909,12.42,16.721,11.682,6.939,-18.368,0.0129
11.591,12.42,16.721,11.682,6.939,-18.368,-0.0229
-14.285,-13.81,-18.345,13.866,9.681,-4.889,0.1816
-13.827,-13.81,-18.345,13.866,9.681,-4.889,0.174
-11.588,-13.81,-18.345,13.866,9.681,-4.889,0.1391
-11.401,-13.81,-18.345,13.866,9.681,-4.889,0.1364
-1.17,-13.81,-18.345,13.866,9.681,-4.889,0.0633
-1.166,-13.81,-18.345,13.866,9.681,-4.889,0.0633
-0.123,-13.81,-18.345,13.866,9.681,-4.889,0.0654
0.821,-13.81,-18.345,13.866,9.681,-4.889,0.0676
0.902,-13.81,-18.345,13.866,9.681,-4.889,0.0678
1.71,-13.81,-18.345,13.866,9.681,-4.889,0.0694
2.267,-13.81,-18.345,13.866,9.681,-4.889,0.07
2.334,-13.81,-18.345,13.866,9.681,-4.889,0.0701
4.459,-13.81,-18.345,13.866,9.681,-4.889,0.0653
6.861,-13.81,-18.345,13.866,9.681,-4.889,0.047
-14.221,-14.42,-18.277,17.088,-19.05,-0.193,0.1769
-12.692,-14.42,-18.277,17.088,-19.05,-0.193,0.1511
-8.112,-14.42,-18.277,17.088,-19.05,-0.193,0.0904
-5.697,-14.42,-18.277,17.088,-19.05,-0.193,0.0693
-5.254,-14.42,-18.277,17.088,-19.05,-0.193,0.0664
-2.912,-14.42,-18.277,17.088,-19.05,-0.193,0.0569
1.499,-14.42,-18.277,17.088,-19.05,-0.193,0.0616
5.276,-14.42,-18.277,17.088,-19.05,-0.193,0.0465
6.198,-14.42,-18.277,17.088,-19.05,-0.193,0.037
6.312,-14.42,-18.277,17.088,-19.05,-0.193,0.0358
7.375,-14.42,-18.277,17.088,-19.05,-0.193,0.0229
9.979,-14.42,-18.277,17.088,-19.05,-0.193,-0.0157
11.163,-14.42,-18.277,17.088,-19.05,-0.193,-0.0353
12.967,-14.42,-18.277,17.088,-19.05,-0.193,-0.0677
-13.512,-12.3,15.814,-4.315,4.223,-19.302,0.1643
-12.634,-12.3,15.814,-4.315,4.223,-19.302,0.1495
-11.4,-12.3,15.814,-4.315,4.223,-19.302,0.1299
-2.998,-12.3,15.814,-4.315,4.223,-19.302,0.0497
-2.965,-12.3,15.814,-4.315,4.223,-19.302,0.0496
-2.838,-12.3,15.814,-4.315,4.223,-19.302,0.0494
3.88,-12.3,15.814,-4.315,4.223,-19.302,0.0341
4.313,-12.3,15.814,-4.315,4.223,-19.302,0.029
4.366,-12.3,15.814,-4.315,4.223,-19.302,0.0284
10.478,-12.3,15.814,-4.315,4.223,-19.302,-0.0611
10.77,-12.3,15.814,-4.315,4.223,-19.302,-0.066
12.054,-12.3,15.814,-4.315,4.223,-19.302,-0.0879
12.126,-12.3,15.814,-4.315,4.223,-19.302,-0.0892
13.184,-12.3,15.814,-4.315,4.223,-19.302,-0.1077
-11.766,-7.88,1.195,-6.7,-3.416,9.103,0.0606
-11.186,-7.88,1.195,-6.7,-3.416,9.103,0.0489
-10.103,-7.88,1.195,-6.7,-3.416,9.103,0.0281
-8.118,-7.88,1.195,-6.7,-3.416,9.103,-0.0027
-7.66,-7.88,1.195,-6.7,-3.416,9.103,-0.0088
-7.602,-7.88,1.195,-6.7,-3.416,9.103,-0.0095
-7.208,-7.88,1.195,-6.7,-3.416,9.103,-0.0144
-5.327,-7.88,1.195,-6.7,-3.416,9.103,-0.0345
-3.158,-7.88,1.195,-6.7,-3.416,9.103,-0.0509
1.566,-7.88,1.195,-6.7,-3.416,9.103,-0.057
2.34,-7.88,1.195,-6.7,-3.416,9.103,-0.0588
4.773,-7.88,1.195,-6.7,-3.416,9.103,-0.0775
5.081,-7.88,1.195,-6.7,-3.416,9.103,-0.0804
6.542,-7.88,1.195,-6.7,-3.416,9.103,-0.0958
-11.967,1.03,1.818,-6.028,13.546,15.341,0.0799
-7.863,1.03,1.818,-6.028,13.546,15.341,-0.0032
-6.651,1.03,1.818,-6.028,13.546,15.341,-0.0244
-4.327,1.03,1.818,-6.028,13.546,15.341,-0.0471
-4.027,1.03,1.818,-6.028,13.546,15.341,-0.0502
-3.755,1.03,1.818,-6.028,13.546,15.341,-0.0543
-3.349,1.03,1.818,-6.028,13.546,15.341,-0.0609
-0.697,1.03,1.818,-6.028,13.546,15.341,-0.0767
0.009,1.03,1.818,-6.028,13.546,15.341,-0.0784
0.92,1.03,1.818,-6.028,13.546,15.341,-0.0832
3.937,1.03,1.818,-6.028,13.546,15.341,-0.0923
9.951,1.03,1.818,-6.028,13.546,15.341,-0.1743
10.919,1.03,1.818,-6.028,13.546,15.341,-0.187
11.456,1.03,1.818,-6.028,13.546,15.341,-0.1941
-14.298,-12.97,-0.352,6.238,17.83,-11.621,0.1826
-13.508,-12.97,-0.352,6.238,17.83,-11.621,0.1706
-9.859,-12.97,-0.352,6.238,17.83,-11.621,0.1185
-8.135,-12.97,-0.352,6.238,17.83,-11.621,0.0973
-6.792,-12.97,-0.352,6.238,17.83,-11.621,0.0833
-4.562,-12.97,-0.352,6.238,17.83,-11.621,0.0655
3.175,-12.97,-0.352,6.238,17.83,-11.621,0.0642
3.42,-12.97,-0.352,6.238,17.83,-11.621,0.0638
5.383,-12.97,-0.352,6.238,17.83,-11.621,0.0501
9.306,-12.97,-0.352,6.238,17.83,-11.621,-0.0014
11.446,-12.97,-0.352,6.238,17.83,-11.621,-0.0397
11.609,-12.97,-0.352,6.238,17.83,-11.621,-0.0429
12.575,-12.97,-0.352,6.238,17.83,-11.621,-0.0621
12.998,-12.97,-0.352,6.238,17.83,-11.621,-0.0707
-14.883,-1.36,10.599,-1.904,19.84,-9.062,0.197
-10.911,-1.36,10.599,-1.904,19.84,-9.062,0.1308
-8.993,-1.36,10.599,-1.904,19.84,-9.062,0.104
-2.132,-1.36,10.599,-1.904,19.84,-9.062,0.0375
-1.992,-1.36,10.599,-1.904,19.84,-9.062,0.0366
1.755,-1.36,10.599,-1.904,19.84,-9.062,0.0219
7.559,-1.36,10.599,-1.904,19.84,-9.062,-0.0385
7.703,-1.36,10.599,-1.904,19.84,-9.062,-0.0411
9.344,-1.36,10.599,-1.904,19.84,-9.062,-0.0706
10.195,-1.36,10.599,-1.904,19.84,-9.062,-0.0852
11.632,-1.36,10.599,-1.904,19.84,-9.062,-0.1101
12.692,-1.36,10.599,-1.904,19.84,-9.062,-0.1285
13.254,-1.36,10.599,-1.904,19.84,-9.062,-0.1393
13.618,-1.36,10.599,-1.904,19.84,-9.062,-0.1462
-14.699,-3.39,4.109,5.968,19.66,-15.226,0.2324
-12.573,-3.39,4.109,5.968,19.66,-15.226,0.1988
-11.694,-3.39,4.109,5.968,19.66,-15.226,0.1868
-11.009,-3.39,4.109,5.968,19.66,-15.226,0.1779
-9.901,-3.39,4.109,5.968,19.66,-15.226,0.1642
-4.406,-3.39,4.109,5.968,19.66,-15.226,0.1346
-1.114,-3.39,4.109,5.968,19.66,-15.226,0.0847
1.941,-3.39,4.109,5.968,19.66,-15.226,0.0689
3.032,-3.39,4.109,5.968,19.66,-15.226,0.0666
4.408,-3.39,4.109,5.968,19.66,-15.226,0.0772
6.56,-3.39,4.109,5.968,19.66,-15.226,0.0183
6.694,-3.39,4.109,5.968,19.66,-15.226,0.0155
6.914,-3.39,4.109,5.968,19.66,-15.226,0.011
7.842,-3.39,4.109,5.968,19.66,-15.226,-0.0074
-14.359,4.13,-3.305,-17.641,18.893,-4.578,0.1526
-13.195,4.13,-3.305,-17.641,18.893,-4.578,0.1314
-12.289,4.13,-3.305,-17.641,18.893,-4.578,0.115
-10.956,4.13,-3.305,-17.641,18.893,-4.578,0.0934
-4.952,4.13,-3.305,-17.641,18.893,-4.578,-0.0007
-0.801,4.13,-3.305,-17.641,18.893,-4.578,-0.0375
-0.588,4.13,-3.305,-17.641,18.893,-4.578,-0.0385
0.701,4.13,-3.305,-17.641,18.893,-4.578,-0.0428
1.982,4.13,-3.305,-17.641,18.893,-4.578,-0.0462
4.503,4.13,-3.305,-17.641,18.893,-4.578,-0.0694
9.193,4.13,-3.305,-17.641,18.893,-4.578,-0.1259
9.967,4.13,-3.305,-17.641,18.893,-4.578,-0.1366
11.284,4.13,-3.305,-17.641,18.893,-4.578,-0.1558
12.416,4.13,-3.305,-17.641,18.893,-4.578,-0.1736
-14.274,4.12,4.432,11.067,15.475,7.179,0.17
-11.857,4.12,4.432,11.067,15.475,7.179,0.1308
-10.183,4.12,4.432,11.067,15.475,7.179,0.1077
-9.615,4.12,4.432,11.067,15.475,7.179,0.1
-6.998,4.12,4.432,11.067,15.475,7.179,0.0664
-4.236,4.12,4.432,11.067,15.475,7.179,0.0376
-2.655,4.12,4.432,11.067,15.475,7.179,0.0286
-0.94,4.12,4.432,11.067,15.475,7.179,0.0234
0.776,4.12,4.432,11.067,15.475,7.179,0.0202
2.104,4.12,4.432,11.067,15.475,7.179,0.0145
5.156,4.12,4.432,11.067,15.475,7.179,-0.0137
8.893,4.12,4.432,11.067,15.475,7.179,-0.0604
12.933,4.12,4.432,11.067,15.475,7.179,-0.127
13.344,4.12,4.432,11.067,15.475,7.179,-0.135
-14.948,-5.47,-13.94,12.044,15.783,6.762,0.1908
-13.66,-5.47,-13.94,12.044,15.783,6.762,0.1661
-13.381,-5.47,-13.94,12.044,15.783,6.762,0.1609
-13.062,-5.47,-13.94,12.044,15.783,6.762,0.1549
-8.769,-5.47,-13.94,12.044,15.783,6.762,0.0878
-7.694,-5.47,-13.94,12.044,15.783,6.762,0.0738
-4.621,-5.47,-13.94,12.044,15.783,6.762,0.0406
1.923,-5.47,-13.94,12.044,15.783,6.762,0.0248
2.819,-5.47,-13.94,12.044,15.783,6.762,0.017
4.107,-5.47,-13.94,12.044,15.783,6.762,0.0037
4.719,-5.47,-13.94,12.044,15.783,6.762,-0.0032
9.004,-5.47,-13.94,12.044,15.783,6.762,-0.0614
9.024,-5.47,-13.94,12.044,15.783,6.762,-0.0617
10.358,-5.47,-13.94,12.044,15.783,6.762,-0.0834
-14.839,-11.0,-10.664,-13.606,14.859,19.798,0.107
-10.969,-11.0,-10.664,-13.606,14.859,19.798,0.0207
-5.268,-11.0,-10.664,-13.606,14.859,19.798,-0.0829
-4.93,-11.0,-10.664,-13.606,14.859,19.798,-0.0871
-2.203,-11.0,-10.664,-13.606,14.859,19.798,-0.1122
-0.529,-11.0,-10.664,-13.606,14.859,19.798,-0.1161
-0.249,-11.0,-10.664,-13.606,14.859,19.798,-0.1163
4.311,-11.0,-10.664,-13.606,14.859,19.798,-0.1285
5.012,-11.0,-10.664,-13.606,14.859,19.798,-0.1331
5.174,-11.0,-10.664,-13.606,14.859,19.798,-0.1343
7.733,-11.0,-10.664,-13.606,14.859,19.798,-0.1574
10.956,-11.0,-10.664,-13.606,14.859,19.798,-0.1993
12.511,-11.0,-10.664,-13.606,14.859,19.798,-0.2236
12.941,-11.0,-10.664,-13.606,14.859,19.798,-0.2307
-13.616,-9.26,5.724,4.623,12.867,-2.896,0.1475
-13.414,-9.26,5.724,4.623,12.867,-2.896,0.1444
-13.258,-9.26,5.724,4.623,12.867,-2.896,0.142
-13.217,-9.26,5.724,4.623,12.867,-2.896,0.1413
-12.524,-9.26,5.724,4.623,12.867,-2.896,0.1308
-11.617,-9.26,5.724,4.623,12.867,-2.896,0.1178
-10.939,-9.26,5.724,4.623,12.867,-2.896,0.1088
-3.169,-9.26,5.724,4.623,12.867,-2.896,0.0324
-2.533,-9.26,5.724,4.623,12.867,-2.896,0.0286
-2.445,-9.26,5.724,4.623,12.867,-2.896,0.0283
0.495,-9.26,5.724,4.623,12.867,-2.896,0.0236
3.007,-9.26,5.724,4.623,12.867,-2.896,0.0212
8.386,-9.26,5.724,4.623,12.867,-2.896,-0.0225
12.74,-9.26,5.724,4.623,12.867,-2.896,-0.0896
-14.269,3.53,11.707,-4.523,12.839,-0.516,0.1504
-12.421,3.53,11.707,-4.523,12.839,-0.516,0.1149
-6.873,3.53,11.707,-4.523,12.839,-0.516,0.0343
0.065,3.53,11.707,-4.523,12.839,-0.516,-0.0149
4.083,3.53,11.707,-4.523,12.839,-0.516,-0.0309
7.232,3.53,11.707,-4.523,12.839,-0.516,-0.0674
7.796,3.53,11.707,-4.523,12.839,-0.516,-0.0745
10.427,3.53,11.707,-4.523,12.839,-0.516,-0.1079
10.875,3.53,11.707,-4.523,12.839,-0.516,-0.1139
11.768,3.53,11.707,-4.523,12.839,-0.516,-0.126
12.084,3.53,11.707,-4.523,12.839,-0.516,-0.1303
12.21,3.53,11.707,-4.523,12.839,-0.516,-0.132
13.108,3.53,11.707,-4.523,12.839,-0.516,-0.1459
14.189,3.53,11.707,-4.523,12.839,-0.516,-0.1639
-14.725,12.36,8.062,1.053,13.068,6.337,0.1163
-14.62,12.36,8.062,1.053,13.068,6.337,0.1144
-13.809,12.36,8.062,1.053,13.068,6.337,0.1002
-13.573,12.36,8.062,1.053,13.068,6.337,0.0962
-13.331,12.36,8.062,1.053,13.068,6.337,0.0921
-9.978,12.36,8.062,1.053,13.068,6.337,0.0407
-7.911,12.36,8.062,1.053,13.068,6.337,0.0167
-4.668,12.36,8.062,1.053,13.068,6.337,-0.0083
-4.506,12.36,8.062,1.053,13.068,6.337,-0.0091
1.635,12.36,8.062,1.053,13.068,6.337,-0.014
1.821,12.36,8.062,1.053,13.068,6.337,-0.0139
2.228,12.36,8.062,1.053,13.068,6.337,-0.0138
6.491,12.36,8.062,1.053,13.068,6.337,-0.0374
6.682,12.36,8.062,1.053,13.068,6.337,-0.0391
-14.916,6.36,18.302,-14.657,18.823,12.229,0.1326
-6.535,6.36,18.302,-14.657,18.823,12.229,-0.0311
-6.115,6.36,18.302,-14.657,18.823,12.229,-0.0381
-3.737,6.36,18.302,-14.657,18.823,12.229,-0.0725
1.095,6.36,18.302,-14.657,18.823,12.229,-0.0975
3.535,6.36,18.302,-14.657,18.823,12.229,-0.1111
5.038,6.36,18.302,-14.657,18.823,12.229,-0.1246
5.311,6.36,18.302,-14.657,18.823,12.229,-0.1274
5.462,6.36,18.302,-14.657,18.823,12.229,-0.129
6.098,6.36,18.302,-14.657,18.823,12.229,-0.1358
8.494,6.36,18.302,-14.657,18.823,12.229,-0.162
8.584,6.36,18.302,-14.657,18.823,12.229,-0.163
11.981,6.36,18.302,-14.657,18.823,12.229,-0.2068
13.035,6.36,18.302,-14.657,18.823,12.229,-0.2229
-11.505,-0.21,-3.418,8.142,-9.263,17.126,0.1214
-10.092,-0.21,-3.418,8.142,-9.263,17.126,0.0986
-6.904,-0.21,-3.418,8.142,-9.263,17.126,0.0457
-4.395,-0.21,-3.418,8.142,-9.263,17.126,0.006
-2.651,-0.21,-3.418,8.142,-9.263,17.126,-0.0151
-2.531,-0.21,-3.418,8.142,-9.263,17.126,-0.0162
-2.111,-0.21,-3.418,8.142,-9.263,17.126,-0.0197
0.092,-0.21,-3.418,8.142,-9.263,17.126,-0.0313
0.213,-0.21,-3.418,8.142,-9.263,17.126,-0.0316
0.677,-0.21,-3.418,8.142,-9.263,17.126,-0.0324
2.308,-0.21,-3.418,8.142,-9.263,17.126,-0.0418
6.752,-0.21,-3.418,8.142,-9.263,17.126,-0.0773
9.645,-0.21,-3.418,8.142,-9.263,17.126,-0.1228
11.844,-0.21,-3.418,8.142,-9.263,17.126,-0.1613
-13.96,9.12,-3.64,-3.615,-4.2,-11.271,0.1606
-13.339,9.12,-3.64,-3.615,-4.2,-11.271,0.1502
-7.965,9.12,-3.64,-3.615,-4.2,-11.271,0.0726
-6.5,9.12,-3.64,-3.615,-4.2,-11.271,0.0571
-2.069,9.12,-3.64,-3.615,-4.2,-11.271,0.0291
-1.116,9.12,-3.64,-3.615,-4.2,-11.271,0.0282
-0.443,9.12,-3.64,-3.615,-4.2,-11.271,0.028
-0.294,9.12,-3.64,-3.615,-4.2,-11.271,0.0279
2.277,9.12,-3.64,-3.615,-4.2,-11.271,0.0255
5.542,9.12,-3.64,-3.615,-4.2,-11.271,0.0041
7.057,9.12,-3.64,-3.615,-4.2,-11.271,-0.0109
10.049,9.12,-3.64,-3.615,-4.2,-11.271,-0.0489
10.081,9.12,-3.64,-3.615,-4.2,-11.271,-0.0495
11.35,9.12,-3.64,-3.615,-4.2,-11.271,-0.071
-14.943,11.95,-10.509,-17.069,-1.926,-3.665,0.1285
-14.111,11.95,-10.509,-17.069,-1.926,-3.665,0.1124
-11.584,11.95,-10.509,-17.069,-1.926,-3.665,0.0651
-9.523,11.95,-10.509,-17.069,-1.926,-3.665,0.029
-3.169,11.95,-10.509,-17.069,-1.926,-3.665,-0.0474
-2.854,11.95,-10.509,-17.069,-1.926,-3.665,-0.048
0.714,11.95,-10.509,-17.069,-1.926,-3.665,-0.0478
2.019,11.95,-10.509,-17.069,-1.926,-3.665,-0.048
3.251,11.95,-10.509,-17.069,-1.926,-3.665,-0.0493
6.314,11.95,-10.509,-17.069,-1.926,-3.665,-0.0696
11.108,11.95,-10.509,-17.069,-1.926,-3.665,-0.1263
11.335,11.95,-10.509,-17.069,-1.926,-3.665,-0.1296
11.623,11.95,-10.509,-17.069,-1.926,-3.665,-0.134
14.637,11.95,-10.509,-17.069,-1.926,-3.665,-0.1812
-14.611,-2.53,-6.818,-9.133,-19.762,13.628,0.1344
-9.522,-2.53,-6.818,-9.133,-19.762,13.628,0.0312
-8.298,-2.53,-6.818,-9.133,-19.762,13.628,0.008
-4.674,-2.53,-6.818,-9.133,-19.762,13.628,-0.0505
-2.885,-2.53,-6.818,-9.133,-19.762,13.628,-0.0569
-2.1,-2.53,-6.818,-9.133,-19.762,13.628,-0.0665
1.413,-2.53,-6.818,-9.133,-19.762,13.628,-0.0813
1.911,-2.53,-6.818,-9.133,-19.762,13.628,-0.0803
2.356,-2.53,-6.818,-9.133,-19.762,13.628,-0.0798
6.14,-2.53,-6.818,-9.133,-19.762,13.628,-0.1309
6.989,-2.53,-6.818,-9.133,-19.762,13.628,-0.1407
10.893,-2.53,-6.818,-9.133,-19.762,13.628,-0.1896
11.402,-2.53,-6.818,-9.133,-19.762,13.628,-0.1964
13.13,-2.53,-6.818,-9.133,-19.762,13.628,-0.2203
-13.26,-11.09,12.007,13.662,-9.251,14.753,0.1428
-13.118,-11.09,12.007,13.662,-9.251,14.753,0.14
-12.359,-11.09,12.007,13.662,-9.251,14.753,0.125
-7.1,-11.09,12.007,13.662,-9.251,14.753,0.032
-4.887,-11.09,12.007,13.662,-9.251,14.753,0.0083
-0.489,-11.09,12.007,13.662,-9.251,14.753,-0.0038
1.359,-11.09,12.007,13.662,-9.251,14.753,-0.0027
4.861,-11.09,12.007,13.662,-9.251,14.753,-0.0154
5.358,-11.09,12.007,13.662,-9.251,14.753,-0.0191
7.175,-11.09,12.007,13.662,-9.251,14.753,-0.0371
9.191,-11.09,12.007,13.662,-9.251,14.753,-0.0654
9.973,-11.09,12.007,13.662,-9.251,14.753,-0.0784
12.45,-11.09,12.007,13.662,-9.251,14.753,-0.1246
12.727,-11.09,12.007,13.662,-9.251,14.753,-0.13
-14.472,0.74,18.767,-17.453,-1.75,13.68,0.1324
-12.05,0.74,18.767,-17.453,-1.75,13.68,0.0806
-11.162,0.74,18.767,-17.453,-1.75,13.68,0.0621
-9.077,0.74,18.767,-17.453,-1.75,13.68,0.0187
-5.096,0.74,18.767,-17.453,-1.75,13.68,-0.0608
-0.229,0.74,18.767,-17.453,-1.75,13.68,-0.1132
0.842,0.74,18.767,-17.453,-1.75,13.68,-0.1213
4.791,0.74,18.767,-17.453,-1.75,13.68,-0.1476
5.953,0.74,18.767,-17.453,-1.75,13.68,-0.1584
6.566,0.74,18.767,-17.453,-1.75,13.68,-0.1646
8.405,0.74,18.767,-17.453,-1.75,13.68,-0.1871
9.966,0.74,18.767,-17.453,-1.75,13.68,-0.2067
13.919,0.74,18.767,-17.453,-1.75,13.68,-0.2617
14.423,0.74,18.767,-17.453,-1.75,13.68,-0.2697
-11.42,9.93,0.345,19.086,19.192,1.05,0.1566
-6.914,9.93,0.345,19.086,19.192,1.05,0.1007
-6.608,9.93,0.345,19.086,19.192,1.05,0.0979
-5.465,9.93,0.345,19.086,19.192,1.05,0.0879
-4.77,9.93,0.345,19.086,19.192,1.05,0.0825
-3.978,9.93,0.345,19.086,19.192,1.05,0.0771
-1.791,9.93,0.345,19.086,19.192,1.05,0.0667
-1.571,9.93,0.345,19.086,19.192,1.05,0.0661
-0.172,9.93,0.345,19.086,19.192,1.05,0.0635
1.756,9.93,0.345,19.086,19.192,1.05,0.0615
2.742,9.93,0.345,19.086,19.192,1.05,0.0597
9.293,9.93,0.345,19.086,19.192,1.05,-0.0197
10.209,9.93,0.345,19.086,19.192,1.05,-0.0362
13.571,9.93,0.345,19.086,19.192,1.05,-0.0991
-12.118,-5.53,12.18,11.667,-0.189,-8.697,0.1911
-10.481,-5.53,12.18,11.667,-0.189,-8.697,0.1693
-4.609,-5.53,12.18,11.667,-0.189,-8.697,0.0985
-3.877,-5.53,12.18,11.667,-0.189,-8.697,0.0927
-2.57,-5.53,12.18,11.667,-0.189,-8.697,0.0862
-0.898,-5.53,12.18,11.667,-0.189,-8.697,0.081
0.49,-5.53,12.18,11.667,-0.189,-8.697,0.0789
0.59,-5.53,12.18,11.667,-0.189,-8.697,0.0788
2.56,-5.53,12.18,11.667,-0.189,-8.697,0.0758
4.643,-5.53,12.18,11.667,-0.189,-8.697,0.0574
4.981,-5.53,12.18,11.667,-0.189,-8.697,0.0536
7.594,-5.53,12.18,11.667,-0.189,-8.697,0.0182
7.778,-5.53,12.18,11.667,-0.189,-8.697,0.0153
8.116,-5.53,12.18,11.667,-0.189,-8.697,0.0098
-10.235,-7.9,14.229,-3.23,-15.665,-6.755,0.092
-9.276,-7.9,14.229,-3.23,-15.665,-6.755,0.0802
-8.085,-7.9,14.229,-3.23,-15.665,-6.755,0.0662
-8.007,-7.9,14.229,-3.23,-15.665,-6.755,0.0653
-4.255,-7.9,14.229,-3.23,-15.665,-6.755,0.0295
-2.744,-7.9,14.229,-3.23,-15.665,-6.755,0.0186
-1.726,-7.9,14.229,-3.23,-15.665,-6.755,0.0148
1.235,-7.9,14.229,-3.23,-15.665,-6.755,0.0119
2.022,-7.9,14.229,-3.23,-15.665,-6.755,0.0105
5.749,-7.9,14.229,-3.23,-15.665,-6.755,-0.015
9.869,-7.9,14.229,-3.23,-15.665,-6.755,-0.0611
9.904,-7.9,14.229,-3.23,-15.665,-6.755,-0.0616
11.577,-7.9,14.229,-3.23,-15.665,-6.755,-0.0876
13.236,-7.9,14.229,-3.23,-15.665,-6.755,-0.1178
-13.045,-14.53,14.359,18.634,5.697,13.656,0.1275
-11.317,-14.53,14.359,18.634,5.697,13.656,0.0942
-8.914,-14.53,14.359,18.634,5.697,13.656,0.0552
-8.5,-14.53,14.359,18.634,5.697,13.656,0.0497
-7.36,-14.53,14.359,18.634,5.697,13.656,0.0369
-7.092,-14.53,14.359,18.634,5.697,13.656,0.0343
-5.647,-14.53,14.359,18.634,5.697,13.656,0.0221
-3.272,-14.53,14.359,18.634,5.697,13.656,0.0103
0.452,-14.53,14.359,18.634,5.697,13.656,0.0177
0.464,-14.53,14.359,18.634,5.697,13.656,0.0177
1.848,-14.53,14.359,18.634,5.697,13.656,0.0193
5.743,-14.53,14.359,18.634,5.697,13.656,0.0021
6.229,-14.53,14.359,18.634,5.697,13.656,-0.0023
9.657,-14.53,14.359,18.634,5.697,13.656,-0.047
-13.373,4.45,12.415,-2.357,2.334,-1.21,0.1338
-11.747,4.45,12.415,-2.357,2.334,-1.21,0.1069
-9.033,4.45,12.415,-2.357,2.334,-1.21,0.0712
-5.648,4.45,12.415,-2.357,2.334,-1.21,0.0316
-2.433,4.45,12.415,-2.357,2.334,-1.21,0.0064
-0.818,4.45,12.415,-2.357,2.334,-1.21,-0.0008
-0.71,4.45,12.415,-2.357,2.334,-1.21,-0.0011
0.714,4.45,12.415,-2.357,2.334,-1.21,-0.0052
1.913,4.45,12.415,-2.357,2.334,-1.21,-0.0097
4.7,4.45,12.415,-2.357,2.334,-1.21,-0.0289
8.131,4.45,12.415,-2.357,2.334,-1.21,-0.0652
8.132,4.45,12.415,-2.357,2.334,-1.21,-0.0652
8.943,4.45,12.415,-2.357,2.334,-1.21,-0.0742
10.483,4.45,12.415,-2.357,2.334,-1.21,-0.0933
-9.738,5.07,-6.722,6.037,-2.467,-16.187,0.1655
-8.941,5.07,-6.722,6.037,-2.467,-16.187,0.1556
-6.431,5.07,-6.722,6.037,-2.467,-16.187,0.1261
-6.057,5.07,-6.722,6.037,-2.467,-16.187,0.1219
-4.809,5.07,-6.722,6.037,-2.467,-16.187,0.1097
-3.943,5.07,-6.722,6.037,-2.467,-16.187,0.1033
-2.647,5.07,-6.722,6.037,-2.467,-16.187,0.0989
-1.185,5.07,-6.722,6.037,-2.467,-16.187,0.09
-0.718,5.07,-6.722,6.037,-2.467,-16.187,0.0878
2.428,5.07,-6.722,6.037,-2.467,-16.187,0.0817
6.573,5.07,-6.722,6.037,-2.467,-16.187,0.0311
8.305,5.07,-6.722,6.037,-2.467,-16.187,0.0012
8.374,5.07,-6.722,6.037,-2.467,-16.187,0.0
10.838,5.07,-6.722,6.037,-2.467,-16.187,-0.0473
-14.867,7.85,-13.796,16.884,17.904,16.165,0.195
-14.612,7.85,-13.796,16.884,17.904,16.165,0.1903
-14.531,7.85,-13.796,16.884,17.904,16.165,0.1888
-14.249,7.85,-13.796,16.884,17.904,16.165,0.1835
-9.263,7.85,-13.796,16.884,17.904,16.165,0.0901
-8.468,7.85,-13.796,16.884,17.904,16.165,0.0775
-4.821,7.85,-13.796,16.884,17.904,16.165,0.0294
2.122,7.85,-13.796,16.884,17.904,16.165,-0.0002
2.468,7.85,-13.796,16.884,17.904,16.165,-0.0016
3.813,7.85,-13.796,16.884,17.904,16.165,-0.0117
7.021,7.85,-13.796,16.884,17.904,16.165,-0.0508
8.576,7.85,-13.796,16.884,17.904,16.165,-0.0756
8.626,7.85,-13.796,16.884,17.904,16.165,-0.0764
10.935,7.85,-13.796,16.884,17.904,16.165,-0.1175
-13.688,12.08,4.837,10.316,-7.006,12.039,0.1279
-11.665,12.08,4.837,10.316,-7.006,12.039,0.0903
-11.601,12.08,4.837,10.316,-7.006,12.039,0.0891
-8.208,12.08,4.837,10.316,-7.006,12.039,0.0372
-7.989,12.08,4.837,10.316,-7.006,12.039,0.0345
-7.728,12.08,4.837,10.316,-7.006,12.039,0.0313
-6.645,12.08,4.837,10.316,-7.006,12.039,0.0189
-5.76,12.08,4.837,10.316,-7.006,12.039,0.0102
-2.796,12.08,4.837,10.316,-7.006,12.039,-0.0074
-1.595,12.08,4.837,10.316,-7.006,12.039,-0.008
1.62,12.08,4.837,10.316,-7.006,12.039,-0.0032
5.643,12.08,4.837,10.316,-7.006,12.039,-0.0171
6.057,12.08,4.837,10.316,-7.006,12.039,-0.021
10.386,12.08,4.837,10.316,-7.006,12.039,-0.0813
-12.557,5.05,-2.935,-7.016,-8.478,-7.483,0.1257
-10.511,5.05,-2.935,-7.016,-8.478,-7.483,0.0948
-8.326,5.05,-2.935,-7.016,-8.478,-7.483,0.066
-8.205,5.05,-2.935,-7.016,-8.478,-7.483,0.0645
-7.529,5.05,-2.935,-7.016,-8.478,-7.483,0.0564
-6.767,5.05,-2.935,-7.016,-8.478,-7.483,0.0472
-5.763,5.05,-2.935,-7.016,-8.478,-7.483,0.036
-5.198,5.05,-2.935,-7.016,-8.478,-7.483,0.0303
1.439,5.05,-2.935,-7.016,-8.478,-7.483,0.0095
2.736,5.05,-2.935,-7.016,-8.478,-7.483,-0.0012
4.371,5.05,-2.935,-7.016,-8.478,-7.483,-0.0179
5.892,5.05,-2.935,-7.016,-8.478,-7.483,-0.0339
10.179,5.05,-2.935,-7.016,-8.478,-7.483,-0.0872
11.453,5.05,-2.935,-7.016,-8.478,-7.483,-0.1047
-14.672,7.95,-14.972,4.633,13.112,-7.594,0.1896
-7.341,7.95,-14.972,4.633,13.112,-7.594,0.092
-3.798,7.95,-14.972,4.633,13.112,-7.594,0.0571
-2.172,7.95,-14.972,4.633,13.112,-7.594,0.0458
-0.937,7.95,-14.972,4.633,13.112,-7.594,0.0431
0.719,7.95,-14.972,4.633,13.112,-7.594,0.0432
0.914,7.95,-14.972,4.633,13.112,-7.594,0.0433
4.72,7.95,-14.972,4.633,13.112,-7.594,0.0286
5.78,7.95,-14.972,4.633,13.112,-7.594,0.0197
6.352,7.95,-14.972,4.633,13.112,-7.594,0.0143
7.909,7.95,-14.972,4.633,13.112,-7.594,-0.003
10.317,7.95,-14.972,4.633,13.112,-7.594,-0.036
10.37,7.95,-14.972,4.633,13.112,-7.594,-0.0368
13.372,7.95,-14.972,4.633,13.112,-7.594,-0.0946
-13.75,-7.74,-14.792,-2.905,-1.697,3.317,0.1197
-12.384,-7.74,-14.792,-2.905,-1.697,3.317,0.0926
-12.359,-7.74,-14.792,-2.905,-1.697,3.317,0.0922
-12.166,-7.74,-14.792,-2.905,-1.697,3.317,0.0888
-10.916,-7.74,-14.792,-2.905,-1.697,3.317,0.0679
-7.79,-7.74,-14.792,-2.905,-1.697,3.317,0.0271
-2.599,-7.74,-14.792,-2.905,-1.697,3.317,-0.0137
-0.367,-7.74,-14.792,-2.905,-1.697,3.317,-0.0183
2.614,-7.74,-14.792,-2.905,-1.697,3.317,-0.0256
4.052,-7.74,-14.792,-2.905,-1.697,3.317,-0.0366
5.264,-7.74,-14.792,-2.905,-1.697,3.317,-0.0471
7.599,-7.74,-14.792,-2.905,-1.697,3.317,-0.0694
9.696,-7.74,-14.792,-2.905,-1.697,3.317,-0.0926
10.824,-7.74,-14.792,-2.905,-1.697,3.317,-0.1069
-12.627,-9.11,17.799,-13.141,5.62,-9.041,0.1268
-8.538,-9.11,17.799,-13.141,5.62,-9.041,0.0539
-6.727,-9.11,17.799,-13.141,5.62,-9.041,0.0277
-6.328,-9.11,17.799,-13.141,5.62,-9.041,0.0224
-2.27,-9.11,17.799,-13.141,5.62,-9.041,-0.0108
-0.221,-9.11,17.799,-13.141,5.62,-9.041,-0.0137
5.582,-9.11,17.799,-13.141,5.62,-9.041,-0.0372
6.357,-9.11,17.799,-13.141,5.62,-9.041,-0.0451
7.503,-9.11,17.799,-13.141,5.62,-9.041,-0.0587
7.69,-9.11,17.799,-13.141,5.62,-9.041,-0.0612
7.782,-9.11,17.799,-13.141,5.62,-9.041,-0.0624
8.276,-9.11,17.799,-13.141,5.62,-9.041,-0.0692
11.117,-9.11,17.799,-13.141,5.62,-9.041,-0.1187
14.371,-9.11,17.799,-13.141,5.62,-9.041,-0.1834
-13.942,-4.8,-15.407,-9.629,17.884,4.581,0.1174
-13.888,-4.8,-15.407,-9.629,17.884,4.581,0.1162
-12.279,-4.8,-15.407,-9.629,17.884,4.581,0.0817
-12.122,-4.8,-15.407,-9.629,17.884,4.581,0.0785
-12.007,-4.8,-15.407,-9.629,17.884,4.581,0.0762
-11.392,-4.8,-15.407,-9.629,17.884,4.581,0.065
-8.197,-4.8,-15.407,-9.629,17.884,4.581,0.0136
-6.917,-4.8,-15.407,-9.629,17.884,4.581,-0.0026
-6.257,-4.8,-15.407,-9.629,17.884,4.581,-0.0102
2.64,-4.8,-15.407,-9.629,17.884,4.581,-0.0445
4.675,-4.8,-15.407,-9.629,17.884,4.581,-0.0728
5.391,-4.8,-15.407,-9.629,17.884,4.581,-0.082
8.234,-4.8,-15.407,-9.629,17.884,4.581,-0.1186
11.365,-4.8,-15.407,-9.629,17.884,4.581,-0.1589
-10.394,14.8,15.537,11.863,6.012,3.811,0.0865
-9.786,14.8,15.537,11.863,6.012,3.811,0.0792
-8.582,14.8,15.537,11.863,6.012,3.811,0.0659
-8.156,14.8,15.537,11.863,6.012,3.811,0.0615
-6.52,14.8,15.537,11.863,6.012,3.811,0.0463
-1.909,14.8,15.537,11.863,6.012,3.811,0.0259
-1.896,14.8,15.537,11.863,6.012,3.811,0.0259
0.393,14.8,15.537,11.863,6.012,3.811,0.0304
1.181,14.8,15.537,11.863,6.012,3.811,0.0327
3.116,14.8,15.537,11.863,6.012,3.811,0.036
8.155,14.8,15.537,11.863,6.012,3.811,0.0018
8.318,14.8,15.537,11.863,6.012,3.811,-0.0001
11.057,14.8,15.537,11.863,6.012,3.811,-0.039
12.393,14.8,15.537,11.863,6.012,3.811,-0.0629
-12.435,1.23,-0.314,12.131,-2.357,-9.19,0.2064
-11.1,1.23,-0.314,12.131,-2.357,-9.19,0.1891
-9.533,1.23,-0.314,12.131,-2.357,-9.19,0.1687
-8.891,1.23,-0.314,12.131,-2.357,-9.19,0.1604
-7.183,1.23,-0.314,12.131,-2.357,-9.19,0.1386
-4.285,1.23,-0.314,12.131,-2.357,-9.19,0.1064
-3.725,1.23,-0.314,12.131,-2.357,-9.19,0.1026
-0.363,1.23,-0.314,12.131,-2.357,-9.19,0.0812
0.78,1.23,-0.314,12.131,-2.357,-9.19,0.0782
1.209,1.23,-0.314,12.131,-2.357,-9.19,0.0774
4.071,1.23,-0.314,12.131,-2.357,-9.19,0.0612
4.646,1.23,-0.314,12.131,-2.357,-9.19,0.0553
6.855,1.23,-0.314,12.131,-2.357,-9.19,0.0277
10.43,1.23,-0.314,12.131,-2.357,-9.19,-0.0435
-13.952,-14.41,3.189,-11.314,17.954,-10.594,0.1256
-13.9,-14.41,3.189,-11.314,17.954,-10.594,0.1246
-11.509,-14.41,3.189,-11.314,17.954,-10.594,0.0792
-1.696,-14.41,3.189,-11.314,17.954,-10.594,-0.0086
-0.712,-14.41,3.189,-11.314,17.954,-10.594,-0.007
-0.207,-14.41,3.189,-11.314,17.954,-10.594,-0.0059
-0.084,-14.41,3.189,-11.314,17.954,-10.594,-0.0056
2.007,-14.41,3.189,-11.314,17.954,-10.594,-0.0005
2.048,-14.41,3.189,-11.314,17.954,-10.594,-0.0005
5.655,-14.41,3.189,-11.314,17.954,-10.594,-0.0127
8.974,-14.41,3.189,-11.314,17.954,-10.594,-0.0517
10.34,-14.41,3.189,-11.314,17.954,-10.594,-0.0743
10.365,-14.41,3.189,-11.314,17.954,-10.594,-0.0748
10.911,-14.41,3.189,-11.314,17.954,-10.594,-0.0846
-9.016,-8.16,18.826,-17.218,7.563,-1.712,0.0411
-6.964,-8.16,18.826,-17.218,7.563,-1.712,0.011
-4.928,-8.16,18.826,-17.218,7.563,-1.712,-0.0157
-2.105,-8.16,18.826,-17.218,7.563,-1.712,-0.0448
-1.244,-8.16,18.826,-17.218,7.563,-1.712,-0.0493
-1.125,-8.16,18.826,-17.218,7.563,-1.712,-0.0498
0.176,-8.16,18.826,-17.218,7.563,-1.712,-0.0533
1.069,-8.16,18.826,-17.218,7.563,-1.712,-0.0552
1.708,-8.16,18.826,-17.218,7.563,-1.712,-0.0566
1.903,-8.16,18.826,-17.218,7.563,-1.712,-0.0571
4.025,-8.16,18.826,-17.218,7.563,-1.712,-0.069
6.355,-8.16,18.826,-17.218,7.563,-1.712,-0.0886
8.009,-8.16,18.826,-17.218,7.563,-1.712,-0.1061
11.372,-8.16,18.826,-17.218,7.563,-1.712,-0.1511
-13.419,-7.01,-0.379,9.191,-2.997,-2.13,0.1705
-12.456,-7.01,-0.379,9.191,-2.997,-2.13,0.1559
-12.025,-7.01,-0.379,9.191,-2.997,-2.13,0.1494
-8.521,-7.01,-0.379,9.191,-2.997,-2.13,0.104
-6.472,-7.01,-0.379,9.191,-2.997,-2.13,0.0818
-3.336,-7.01,-0.379,9.191,-2.997,-2.13,0.0532
0.494,-7.01,-0.379,9.191,-2.997,-2.13,0.0415
1.341,-7.01,-0.379,9.191,-2.997,-2.13,0.0408
3.268,-7.01,-0.379,9.191,-2.997,-2.13,0.034
3.821,-7.01,-0.379,9.191,-2.997,-2.13,0.0304
7.463,-7.01,-0.379,9.191,-2.997,-2.13,-0.0048
8.368,-7.01,-0.379,9.191,-2.997,-2.13,-0.0161
10.673,-7.01,-0.379,9.191,-2.997,-2.13,-0.0505
12.107,-7.01,-0.379,9.191,-2.997,-2.13,-0.0775
-13.716,11.0,13.555,-3.232,16.205,19.253,0.0927
-12.004,11.0,13.555,-3.232,16.205,19.253,0.0537
-11.318,11.0,13.555,-3.232,16.205,19.253,0.0383
-10.462,11.0,13.555,-3.232,16.205,19.253,0.0203
-10.29,11.0,13.555,-3.232,16.205,19.253,0.0169
-6.572,11.0,13.555,-3.232,16.205,19.253,-0.0436
-1.867,11.0,13.555,-3.232,16.205,19.253,-0.0753
-0.743,11.0,13.555,-3.232,16.205,19.253,-0.0758
-0.399,11.0,13.555,-3.232,16.205,19.253,-0.0757
0.838,11.0,13.555,-3.232,16.205,19.253,-0.0747
1.329,11.0,13.555,-3.232,16.205,19.253,-0.0744
1.957,11.0,13.555,-3.232,16.205,19.253,-0.0742
4.53,11.0,13.555,-3.232,16.205,19.253,-0.0848
8.505,11.0,13.555,-3.232,16.205,19.253,-0.1226
-11.92,11.75,-16.918,-18.231,4.816,-15.326,0.1145
-11.28,11.75,-16.918,-18.231,4.816,-15.326,0.1025
-9.976,11.75,-16.918,-18.231,4.816,-15.326,0.0783
-7.849,11.75,-16.918,-18.231,4.816,-15.326,0.0426
-7.675,11.75,-16.918,-18.231,4.816,-15.326,0.0399
-7.207,11.75,-16.918,-18.231,4.816,-15.326,0.0329
-4.554,11.75,-16.918,-18.231,4.816,-15.326,0.0012
-4.032,11.75,-16.918,-18.231,4.816,-15.326,-0.0027
-1.244,11.75,-16.918,-18.231,4.816,-15.326,-0.0092
0.589,11.75,-16.918,-18.231,4.816,-15.326,-0.0081
8.277,11.75,-16.918,-18.231,4.816,-15.326,-0.0565
9.559,11.75,-16.918,-18.231,4.816,-15.326,-0.0756
11.818,11.75,-16.918,-18.231,4.816,-15.326,-0.1168
13.192,11.75,-16.918,-18.231,4.816,-15.326,-0.1438
-9.407,-11.56,-16.426,9.283,-5.905,-0.42,0.0894
-7.526,-11.56,-16.426,9.283,-5.905,-0.42,0.067
-7.01,-11.56,-16.426,9.283,-5.905,-0.42,0.0617
-6.767,-11.56,-16.426,9.283,-5.905,-0.42,0.0593
-5.819,-11.56,-16.426,9.283,-5.905,-0.42,0.051
-4.568,-11.56,-16.426,9.283,-5.905,-0.42,0.0434
-4.511,-11.56,-16.426,9.283,-5.905,-0.42,0.0431
0.22,-11.56,-16.426,9.283,-5.905,-0.42,0.0377
2.426,-11.56,-16.426,9.283,-5.905,-0.42,0.0385
3.621,-11.56,-16.426,9.283,-5.905,-0.42,0.0354
5.857,-11.56,-16.426,9.283,-5.905,-0.42,0.0207
9.026,-11.56,-16.426,9.283,-5.905,-0.42,-0.0145
9.594,-11.56,-16.426,9.283,-5.905,-0.42,-0.0226
10.071,-11.56,-16.426,9.283,-5.905,-0.42,-0.03
-14.197,4.04,14.975,19.105,14.43,3.445,0.2107
-11.614,4.04,14.975,19.105,14.43,3.445,0.1714
-11.512,4.04,14.975,19.105,14.43,3.445,0.17
-11.056,4.04,14.975,19.105,14.43,3.445,0.1637
-9.181,4.04,14.975,19.105,14.43,3.445,0.1385
-8.075,4.04,14.975,19.105,14.43,3.445,0.125
-5.34,4.04,14.975,19.105,14.43,3.445,0.0956
-5.312,4.04,14.975,19.105,14.43,3.445,0.0953
-4.613,4.04,14.975,19.105,14.43,3.445,0.0896
-2.569,4.04,14.975,19.105,14.43,3.445,0.0776
1.122,4.04,14.975,19.105,14.43,3.445,0.062
2.258,4.04,14.975,19.105,14.43,3.445,0.0565
4.846,4.04,14.975,19.105,14.43,3.445,0.0305
5.429,4.04,14.975,19.105,14.43,3.445,0.0228
-13.307,12.86,0.553,1.164,8.135,5.483,0.0903
-12.773,12.86,0.553,1.164,8.135,5.483,0.0813
-10.54,12.86,0.553,1.164,8.135,5.483,0.0476
-6.26,12.86,0.553,1.164,8.135,5.483,0.0028
-5.445,12.86,0.553,1.164,8.135,5.483,-0.0029
1.28,12.86,0.553,1.164,8.135,5.483,-0.012
2.872,12.86,0.553,1.164,8.135,5.483,-0.011
4.077,12.86,0.553,1.164,8.135,5.483,-0.0147
5.249,12.86,0.553,1.164,8.135,5.483,-0.0219
5.912,12.86,0.553,1.164,8.135,5.483,-0.0271
8.821,12.86,0.553,1.164,8.135,5.483,-0.0555
10.454,12.86,0.553,1.164,8.135,5.483,-0.0756
11.087,12.86,0.553,1.164,8.135,5.483,-0.0841
13.426,12.86,0.553,1.164,8.135,5.483,-0.1188
-13.564,-6.47,-2.456,2.617,7.747,-17.756,0.2062
-9.974,-6.47,-2.456,2.617,7.747,-17.756,0.1551
-8.256,-6.47,-2.456,2.617,7.747,-17.756,0.1361
-8.198,-6.47,-2.456,2.617,7.747,-17.756,0.1355
-6.649,-6.47,-2.456,2.617,7.747,-17.756,0.1209
-0.578,-6.47,-2.456,2.617,7.747,-17.756,0.0868
1.243,-6.47,-2.456,2.617,7.747,-17.756,0.0785
2.214,-6.47,-2.456,2.617,7.747,-17.756,0.0722
2.434,-6.47,-2.456,2.617,7.747,-17.756,0.0702
2.712,-6.47,-2.456,2.617,7.747,-17.756,0.0674
5.736,-6.47,-2.456,2.617,7.747,-17.756,0.0282
7.443,-6.47,-2.456,2.617,7.747,-17.756,0.0012
10.029,-6.47,-2.456,2.617,7.747,-17.756,-0.043
10.966,-6.47,-2.456,2.617,7.747,-17.756,-0.0588
-12.915,-11.82,15.946,8.69,4.061,-15.987,0.192
-9.367,-11.82,15.946,8.69,4.061,-15.987,0.1413
-7.401,-11.82,15.946,8.69,4.061,-15.987,0.1181
-5.242,-11.82,15.946,8.69,4.061,-15.987,0.0977
-3.924,-11.82,15.946,8.69,4.061,-15.987,0.0893
2.208,-11.82,15.946,8.69,4.061,-15.987,0.0847
2.321,-11.82,15.946,8.69,4.061,-15.987,0.0845
2.349,-11.82,15.946,8.69,4.061,-15.987,0.0844
5.141,-11.82,15.946,8.69,4.061,-15.987,0.0636
9.125,-11.82,15.946,8.69,4.061,-15.987,0.0047
11.041,-11.82,15.946,8.69,4.061,-15.987,-0.0289
13.8,-11.82,15.946,8.69,4.061,-15.987,-0.0838
14.101,-11.82,15.946,8.69,4.061,-15.987,-0.0902
14.356,-11.82,15.946,8.69,4.061,-15.987,-0.0957
-13.27,5.2,2.351,15.799,5.387,-17.092,0.2543
-11.937,5.2,2.351,15.799,5.387,-17.092,0.2331
-11.745,5.2,2.351,15.799,5.387,-17.092,0.2302
-8.325,5.2,2.351,15.799,5.387,-17.092,0.186
-6.655,5.2,2.351,15.799,5.387,-17.092,0.1677
-5.282,5.2,2.351,15.799,5.387,-17.092,0.1537
-4.031,5.2,2.351,15.799,5.387,-17.092,0.143
-3.28,5.2,2.351,15.799,5.387,-17.092,0.1375
7.216,5.2,2.351,15.799,5.387,-17.092,0.0322
8.794,5.2,2.351,15.799,5.387,-17.092,-0.0009
8.826,5.2,2.351,15.799,5.387,-17.092,-0.0015
11.588,5.2,2.351,15.799,5.387,-17.092,-0.0589
11.865,5.2,2.351,15.799,5.387,-17.092,-0.0647
13.841,5.2,2.351,15.799,5.387,-17.092,-0.1077
-13.22,-12.79,12.205,-6.973,10.775,6.562,0.0653
-12.283,-12.79,12.205,-6.973,10.775,6.562,0.0458
-11.226,-12.79,12.205,-6.973,10.775,6.562,0.0263
-10.83,-12.79,12.205,-6.973,10.775,6.562,0.0196
-9.028,-12.79,12.205,-6.973,10.775,6.562,-0.0068
-3.784,-12.79,12.205,-6.973,10.775,6.562,-0.0526
0.212,-12.79,12.205,-6.973,10.775,6.562,-0.0486
0.837,-12.79,12.205,-6.973,10.775,6.562,-0.0472
1.925,-12.79,12.205,-6.973,10.775,6.562,-0.0461
2.006,-12.79,12.205,-6.973,10.775,6.562,-0.0461
4.627,-12.79,12.205,-6.973,10.775,6.562,-0.056
5.291,-12.79,12.205,-6.973,10.775,6.562,-0.0607
7.582,-12.79,12.205,-6.973,10.775,6.562,-0.0815
14.159,-12.79,12.205,-6.973,10.775,6.562,-0.1703
-12.619,-0.2,-7.668,-17.24,9.354,13.941,0.0913
-11.624,-0.2,-7.668,-17.24,9.354,13.941,0.0712
-10.719,-0.2,-7.668,-17.24,9.354,13.941,0.0521
-9.739,-0.2,-7.668,-17.24,9.354,13.941,0.0314
-4.868,-0.2,-7.668,-17.24,9.354,13.941,-0.0644
2.086,-0.2,-7.668,-17.24,9.354,13.941,-0.1293
3.239,-0.2,-7.668,-17.24,9.354,13.941,-0.1371
5.369,-0.2,-7.668,-17.24,9.354,13.941,-0.1471
5.483,-0.2,-7.668,-17.24,9.354,13.941,-0.1486
6.132,-0.2,-7.668,-17.24,9.354,13.941,-0.1585
7.933,-0.2,-7.668,-17.24,9.354,13.941,-0.1812
8.354,-0.2,-7.668,-17.24,9.354,13.941,-0.1868
9.321,-0.2,-7.668,-17.24,9.354,13.941,-0.1999
9.809,-0.2,-7.668,-17.24,9.354,13.941,-0.2064
-10.902,-3.8,-9.859,-14.294,-11.163,2.301,0.06
-10.146,-3.8,-9.859,-14.294,-11.163,2.301,0.0462
-6.975,-3.8,-9.859,-14.294,-11.163,2.301,-0.0069
-6.033,-3.8,-9.859,-14.294,-11.163,2.301,-0.0195
-3.857,-3.8,-9.859,-14.294,-11.163,2.301,-0.0409
-3.76,-3.8,-9.859,-14.294,-11.163,2.301,-0.0416
-1.026,-3.8,-9.859,-14.294,-11.163,2.301,-0.054
0.553,-3.8,-9.859,-14.294,-11.163,2.301,-0.0589
1.266,-3.8,-9.859,-14.294,-11.163,2.301,-0.0605
1.6,-3.8,-9.859,-14.294,-11.163,2.301,-0.0616
4.667,-3.8,-9.859,-14.294,-11.163,2.301,-0.0866
5.297,-3.8,-9.859,-14.294,-11.163,2.301,-0.093
7.736,-3.8,-9.859,-14.294,-11.163,2.301,-0.122
8.179,-3.8,-9.859,-14.294,-11.163,2.301,-0.1276
-14.711,-7.5,-10.709,8.655,14.991,3.973,0.1682
-12.694,-7.5,-10.709,8.655,14.991,3.973,0.1337
-5.793,-7.5,-10.709,8.655,14.991,3.973,0.0461
-2.018,-7.5,-10.709,8.655,14.991,3.973,0.0205
-1.911,-7.5,-10.709,8.655,14.991,3.973,0.0203
2.42,-7.5,-10.709,8.655,14.991,3.973,0.014
2.658,-7.5,-10.709,8.655,14.991,3.973,0.0126
4.293,-7.5,-10.709,8.655,14.991,3.973,0.0005
6.776,-7.5,-10.709,8.655,14.991,3.973,-0.023
7.729,-7.5,-10.709,8.655,14.991,3.973,-0.0336
7.79,-7.5,-10.709,8.655,14.991,3.973,-0.0343
11.081,-7.5,-10.709,8.655,14.991,3.973,-0.0787
11.686,-7.5,-10.709,8.655,14.991,3.973,-0.089
14.688,-7.5,-10.709,8.655,14.991,3.973,-0.1461
-14.31,3.79,13.168,16.259,-18.921,1.257,0.2069
-11.407,3.79,13.168,16.259,-18.921,1.257,0.1625
-10.561,3.79,13.168,16.259,-18.921,1.257,0.1516
-8.904,3.79,13.168,16.259,-18.921,1.257,0.1324
-8.162,3.79,13.168,16.259,-18.921,1.257,0.1246
-7.926,3.79,13.168,16.259,-18.921,1.257,0.1222
-4.186,3.79,13.168,16.259,-18.921,1.257,0.1009
-4.088,3.79,13.168,16.259,-18.921,1.257,0.0985
-1.977,3.79,13.168,16.259,-18.921,1.257,0.0734
-0.542,3.79,13.168,16.259,-18.921,1.257,0.0654
-0.145,3.79,13.168,16.259,-18.921,1.257,0.063
4.794,3.79,13.168,16.259,-18.921,1.257,0.04
6.965,3.79,13.168,16.259,-18.921,1.257,-0.0058
8.432,3.79,13.168,16.259,-18.921,1.257,-0.0342
-12.794,-13.84,-3.458,2.823,-15.848,-3.676,0.1167
-9.102,-13.84,-3.458,2.823,-15.848,-3.676,0.068
-8.711,-13.84,-3.458,2.823,-15.848,-3.676,0.0637
-4.756,-13.84,-3.458,2.823,-15.848,-3.676,0.0298
-4.751,-13.84,-3.458,2.823,-15.848,-3.676,0.0298
-4.423,-13.84,-3.458,2.823,-15.848,-3.676,0.0275
-2.249,-13.84,-3.458,2.823,-15.848,-3.676,0.0208
-0.987,-13.84,-3.458,2.823,-15.848,-3.676,0.0207
0.829,-13.84,-3.458,2.823,-15.848,-3.676,0.0239
5.113,-13.84,-3.458,2.823,-15.848,-3.676,0.0197
8.501,-13.84,-3.458,2.823,-15.848,-3.676,-0.0063
10.961,-13.84,-3.458,2.823,-15.848,-3.676,-0.0368
11.842,-13.84,-3.458,2.823,-15.848,-3.676,-0.05
12.762,-13.84,-3.458,2.823,-15.848,-3.676,-0.0651
-14.795,-3.22,5.189,1.734,6.709,-2.614,0.173
-13.84,-3.22,5.189,1.734,6.709,-2.614,0.1572
-9.976,-3.22,5.189,1.734,6.709,-2.614,0.1031
-7.19,-3.22,5.189,1.734,6.709,-2.614,0.071
-1.867,-3.22,5.189,1.734,6.709,-2.614,0.0256
0.306,-3.22,5.189,1.734,6.709,-2.614,0.014
1.403,-3.22,5.189,1.734,6.709,-2.614,0.0095
2.064,-3.22,5.189,1.734,6.709,-2.614,0.0065
3.021,-3.22,5.189,1.734,6.709,-2.614,0.0031
3.387,-3.22,5.189,1.734,6.709,-2.614,0.0019
8.4,-3.22,5.189,1.734,6.709,-2.614,-0.0485
8.729,-3.22,5.189,1.734,6.709,-2.614,-0.0528
10.156,-3.22,5.189,1.734,6.709,-2.614,-0.0721
10.422,-3.22,5.189,1.734,6.709,-2.614,-0.0759
-14.795,0.93,14.097,5.256,-16.15,-19.161,0.2495
-13.712,0.93,14.097,5.256,-16.15,-19.161,0.2321
-13.13,0.93,14.097,5.256,-16.15,-19.161,0.223
-10.046,0.93,14.097,5.256,-16.15,-19.161,0.1827
-10.003,0.93,14.097,5.256,-16.15,-19.161,0.1822
-6.755,0.93,14.097,5.256,-16.15,-19.161,0.146
-2.545,0.93,14.097,5.256,-16.15,-19.161,0.1024
4.902,0.93,14.097,5.256,-16.15,-19.161,0.0564
5.04,0.93,14.097,5.256,-16.15,-19.161,0.0565
7.981,0.93,14.097,5.256,-16.15,-19.161,-0.0007
8.463,0.93,14.097,5.256,-16.15,-19.161,-0.0105
11.627,0.93,14.097,5.256,-16.15,-19.161,-0.0714
11.689,0.93,14.097,5.256,-16.15,-19.161,-0.0726
11.696,0.93,14.097,5.256,-16.15,-19.161,-0.0728
-14.675,8.95,-16.046,-3.594,1.724,-10.052,0.1683
-14.149,8.95,-16.046,-3.594,1.724,-10.052,0.1594
-12.278,8.95,-16.046,-3.594,1.724,-10.052,0.1292
-8.647,8.95,-16.046,-3.594,1.724,-10.052,0.0784
-8.6,8.95,-16.046,-3.594,1.724,-10.052,0.0779
-8.199,8.95,-16.046,-3.594,1.724,-10.052,0.0734
-4.494,8.95,-16.046,-3.594,1.724,-10.052,0.0383
-3.606,8.95,-16.046,-3.594,1.724,-10.052,0.0325
1.855,8.95,-16.046,-3.594,1.724,-10.052,0.022
2.988,8.95,-16.046,-3.594,1.724,-10.052,0.0182
3.365,8.95,-16.046,-3.594,1.724,-10.052,0.0159
12.47,8.95,-16.046,-3.594,1.724,-10.052,-0.0899
13.159,8.95,-16.046,-3.594,1.724,-10.052,-0.1031
14.169,8.95,-16.046,-3.594,1.724,-10.052,-0.1229
-14.158,-9.69,-1.058,14.963,-16.509,-5.422,0.2059
-11.306,-9.69,-1.058,14.963,-16.509,-5.422,0.1614
-8.909,-9.69,-1.058,14.963,-16.509,-5.422,0.1295
-7.472,-9.69,-1.058,14.963,-16.509,-5.422,0.1141
-7.068,-9.69,-1.058,14.963,-16.509,-5.422,0.1103
-5.082,-9.69,-1.058,14.963,-16.509,-5.422,0.0928
-4.984,-9.69,-1.058,14.963,-16.509,-5.422,0.092
-3.665,-9.69,-1.058,14.963,-16.509,-5.422,0.0831
-3.057,-9.69,-1.058,14.963,-16.509,-5.422,0.0785
3.402,-9.69,-1.058,14.963,-16.509,-5.422,0.0654
8.001,-9.69,-1.058,14.963,-16.509,-5.422,0.0146
10.254,-9.69,-1.058,14.963,-16.509,-5.422,-0.0238
10.976,-9.69,-1.058,14.963,-16.509,-5.422,-0.0375
11.218,-9.69,-1.058,14.963,-16.509,-5.422,-0.0421
-14.471,-12.03,-9.936,-0.263,-19.076,-19.41,0.2011
-14.416,-12.03,-9.936,-0.263,-19.076,-19.41,0.2002
-10.743,-12.03,-9.936,-0.263,-19.076,-19.41,0.1457
-9.279,-12.03,-9.936,-0.263,-19.076,-19.41,0.1263
-7.371,-12.03,-9.936,-0.263,-19.076,-19.41,0.1042
-7.064,-12.03,-9.936,-0.263,-19.076,-19.41,0.1009
-6.001,-12.03,-9.936,-0.263,-19.076,-19.41,0.0905
-4.395,-12.03,-9.936,-0.263,-19.076,-19.41,0.078
-1.862,-12.03,-9.936,-0.263,-19.076,-19.41,0.0686
-0.685,-12.03,-9.936,-0.263,-19.076,-19.41,0.0678
-0.092,-12.03,-9.936,-0.263,-19.076,-19.41,0.0679
2.194,-12.03,-9.936,-0.263,-19.076,-19.41,0.0693
5.497,-12.03,-9.936,-0.263,-19.076,-19.41,0.0513
8.691,-12.03,-9.936,-0.263,-19.076,-19.41,0.0072
-14.471,9.03,5.567,11.407,-12.823,-13.897,0.2325
-11.557,9.03,5.567,11.407,-12.823,-13.897,0.1871
-11.002,9.03,5.567,11.407,-12.823,-13.897,0.1788
-10.037,9.03,5.567,11.407,-12.823,-13.897,0.1645
-9.312,9.03,5.567,11.407,-12.823,-13.897,0.154
-9.035,9.03,5.567,11.407,-12.823,-13.897,0.1503
-7.943,9.03,5.567,11.407,-12.823,-13.897,0.1375
-6.958,9.03,5.567,11.407,-12.823,-13.897,0.1269
-4.954,9.03,5.567,11.407,-12.823,-13.897,0.1092
-4.097,9.03,5.567,11.407,-12.823,-13.897,0.1036
0.899,9.03,5.567,11.407,-12.823,-13.897,0.0921
2.683,9.03,5.567,11.407,-12.823,-13.897,0.0895
3.787,9.03,5.567,11.407,-12.823,-13.897,0.0821
5.26,9.03,5.567,11.407,-12.823,-13.897,0.0686
-10.796,-9.16,-3.447,-19.534,-5.428,19.674,0.0288
-9.862,-9.16,-3.447,-19.534,-5.428,19.674,0.0097
-7.397,-9.16,-3.447,-19.534,-5.428,19.674,-0.0374
-6.318,-9.16,-3.447,-19.534,-5.428,19.674,-0.057
-6.124,-9.16,-3.447,-19.534,-5.428,19.674,-0.0605
-5.891,-9.16,-3.447,-19.534,-5.428,19.674,-0.0647
-5.019,-9.16,-3.447,-19.534,-5.428,19.674,-0.0796
-4.362,-9.16,-3.447,-19.534,-5.428,19.674,-0.09
-3.029,-9.16,-3.447,-19.534,-5.428,19.674,-0.1088
0.912,-9.16,-3.447,-19.534,-5.428,19.674,-0.1336
4.416,-9.16,-3.447,-19.534,-5.428,19.674,-0.1536
6.807,-9.16,-3.447,-19.534,-5.428,19.674,-0.1752
7.164,-9.16,-3.447,-19.534,-5.428,19.674,-0.1788
12.352,-9.16,-3.447,-19.534,-5.428,19.674,-0.2445
-14.987,-5.4,-4.546,-1.514,19.303,-10.731,0.1928
-14.28,-5.4,-4.546,-1.514,19.303,-10.731,0.181
-11.491,-5.4,-4.546,-1.514,19.303,-10.731,0.1374
-7.505,-5.4,-4.546,-1.514,19.303,-10.731,0.0888
-7.243,-5.4,-4.546,-1.514,19.303,-10.731,0.086
-5.274,-5.4,-4.546,-1.514,19.303,-10.731,0.0672
-2.245,-5.4,-4.546,-1.514,19.303,-10.731,0.0637
-2.1,-5.4,-4.546,-1.514,19.303,-10.731,0.0643
-0.934,-5.4,-4.546,-1.514,19.303,-10.731,0.062
-0.033,-5.4,-4.546,-1.514,19.303,-10.731,0.0556
1.396,-5.4,-4.546,-1.514,19.303,-10.731,0.0502
6.906,-5.4,-4.546,-1.514,19.303,-10.731,-0.0156
8.363,-5.4,-4.546,-1.514,19.303,-10.731,-0.0388
11.482,-5.4,-4.546,-1.514,19.303,-10.731,-0.0928
-13.819,-6.64,7.205,-15.769,-19.67,12.269,0.1076
-11.955,-6.64,7.205,-15.769,-19.67,12.269,0.0661
-10.25,-6.64,7.205,-15.769,-19.67,12.269,0.0283
-5.893,-6.64,7.205,-15.769,-19.67,12.269,-0.057
-3.631,-6.64,7.205,-15.769,-19.67,12.269,-0.0866
-2.829,-6.64,7.205,-15.769,-19.67,12.269,-0.0936
0.814,-6.64,7.205,-15.769,-19.67,12.269,-0.1045
0.818,-6.64,7.205,-15.769,-19.67,12.269,-0.1045
1.021,-6.64,7.205,-15.769,-19.67,12.269,-0.105
2.243,-6.64,7.205,-15.769,-19.67,12.269,-0.1086
3.145,-6.64,7.205,-15.769,-19.67,12.269,-0.1138
3.235,-6.64,7.205,-15.769,-19.67,12.269,-0.1144
3.399,-6.64,7.205,-15.769,-19.67,12.269,-0.1155
9.981,-6.64,7.205,-15.769,-19.67,12.269,-0.1856
-14.527,6.01,17.789,-18.153,2.009,-3.784,0.153
-10.973,6.01,17.789,-18.153,2.009,-3.784,0.0897
-9.161,6.01,17.789,-18.153,2.009,-3.784,0.0609
-6.111,6.01,17.789,-18.153,2.009,-3.784,0.0128
-5.557,6.01,17.789,-18.153,2.009,-3.784,0.004
-3.91,6.01,17.789,-18.153,2.009,-3.784,-0.0196
-1.654,6.01,17.789,-18.153,2.009,-3.784,-0.0427
6.499,6.01,17.789,-18.153,2.009,-3.784,-0.091
6.79,6.01,17.789,-18.153,2.009,-3.784,-0.0941
7.87,6.01,17.789,-18.153,2.009,-3.784,-0.1058
9.169,6.01,17.789,-18.153,2.009,-3.784,-0.1213
10.782,6.01,17.789,-18.153,2.009,-3.784,-0.1429
12.184,6.01,17.789,-18.153,2.009,-3.784,-0.1643
14.096,6.01,17.789,-18.153,2.009,-3.784,-0.1985
-14.601,-8.87,9.72,-6.236,-2.832,17.693,0.1165
-13.934,-8.87,9.72,-6.236,-2.832,17.693,0.1014
-13.199,-8.87,9.72,-6.236,-2.832,17.693,0.0848
-12.011,-8.87,9.72,-6.236,-2.832,17.693,0.0589
-11.494,-8.87,9.72,-6.236,-2.832,17.693,0.0484
-11.164,-8.87,9.72,-6.236,-2.832,17.693,0.0419
-11.115,-8.87,9.72,-6.236,-2.832,17.693,0.0409
-8.077,-8.87,9.72,-6.236,-2.832,17.693,-0.0143
-5.076,-8.87,9.72,-6.236,-2.832,17.693,-0.0578
2.839,-8.87,9.72,-6.236,-2.832,17.693,-0.0909
4.232,-8.87,9.72,-6.236,-2.832,17.693,-0.1004
7.87,-8.87,9.72,-6.236,-2.832,17.693,-0.1354
10.768,-8.87,9.72,-6.236,-2.832,17.693,-0.1728
12.332,-8.87,9.72,-6.236,-2.832,17.693,-0.1961
-14.645,-1.0,18.186,13.396,3.85,12.544,0.1892
-9.554,-1.0,18.186,13.396,3.85,12.544,0.1009
-7.903,-1.0,18.186,13.396,3.85,12.544,0.0755
-7.668,-1.0,18.186,13.396,3.85,12.544,0.0721
-6.269,-1.0,18.186,13.396,3.85,12.544,0.0536
-5.008,-1.0,18.186,13.396,3.85,12.544,0.0403
-3.223,-1.0,18.186,13.396,3.85,12.544,0.0258
3.46,-1.0,18.186,13.396,3.85,12.544,-0.005
3.994,-1.0,18.186,13.396,3.85,12.544,-0.0092
6.387,-1.0,18.186,13.396,3.85,12.544,-0.038
6.895,-1.0,18.186,13.396,3.85,12.544,-0.0452
9.065,-1.0,18.186,13.396,3.85,12.544,-0.0801
11.019,-1.0,18.186,13.396,3.85,12.544,-0.1138
12.304,-1.0,18.186,13.396,3.85,12.544,-0.1361
-14.556,-5.27,-0.954,-10.02,12.321,-15.346,0.1962
-13.403,-5.27,-0.954,-10.02,12.321,-15.346,0.1739
-12.536,-5.27,-0.954,-10.02,12.321,-15.346,0.1573
-11.691,-5.27,-0.954,-10.02,12.321,-15.346,0.1415
-11.269,-5.27,-0.954,-10.02,12.321,-15.346,0.1345
-10.535,-5.27,-0.954,-10.02,12.321,-15.346,0.1226
-9.201,-5.27,-0.954,-10.02,12.321,-15.346,0.1017
-7.32,-5.27,-0.954,-10.02,12.321,-15.346,0.0775
0.213,-5.27,-0.954,-10.02,12.321,-15.346,0.029
1.038,-5.27,-0.954,-10.02,12.321,-15.346,0.0266
6.628,-5.27,-0.954,-10.02,12.321,-15.346,-0.036
11.204,-5.27,-0.954,-10.02,12.321,-15.346,-0.1191
12.429,-5.27,-0.954,-10.02,12.321,-15.346,-0.1411
12.668,-5.27,-0.954,-10.02,12.321,-15.346,-0.1455
-12.978,12.47,-17.349,10.637,-18.48,-16.156,0.1976
-12.837,12.47,-17.349,10.637,-18.48,-16.156,0.1953
-7.652,12.47,-17.349,10.637,-18.48,-16.156,0.1225
-6.594,12.47,-17.349,10.637,-18.48,-16.156,0.112
-6.027,12.47,-17.349,10.637,-18.48,-16.156,0.1071
-0.785,12.47,-17.349,10.637,-18.48,-16.156,0.0923
1.187,12.47,-17.349,10.637,-18.48,-16.156,0.0955
2.327,12.47,-17.349,10.637,-18.48,-16.156,0.0957
3.825,12.47,-17.349,10.637,-18.48,-16.156,0.0907
7.362,12.47,-17.349,10.637,-18.48,-16.156,0.0492
7.689,12.47,-17.349,10.637,-18.48,-16.156,0.0441
8.442,12.47,-17.349,10.637,-18.48,-16.156,0.0317
8.825,12.47,-17.349,10.637,-18.48,-16.156,0.025
12.666,12.47,-17.349,10.637,-18.48,-16.156,-0.057
-14.555,-11.7,10.446,16.175,16.391,11.037,0.164
-14.173,-11.7,10.446,16.175,16.391,11.037,0.1563
-13.437,-11.7,10.446,16.175,16.391,11.037,0.1415
-10.396,-11.7,10.446,16.175,16.391,11.037,0.0857
-10.297,-11.7,10.446,16.175,16.391,11.037,0.0842
-9.966,-11.7,10.446,16.175,16.391,11.037,0.0791
-6.895,-11.7,10.446,16.175,16.391,11.037,0.0396
-4.033,-11.7,10.446,16.175,16.391,11.037,0.0179
-3.116,-11.7,10.446,16.175,16.391,11.037,0.0137
-2.207,-11.7,10.446,16.175,16.391,11.037,0.014
0.858,-11.7,10.446,16.175,16.391,11.037,0.0186
3.65,-11.7,10.446,16.175,16.391,11.037,0.0138
7.901,-11.7,10.446,16.175,16.391,11.037,-0.027
13.361,-11.7,10.446,16.175,16.391,11.037,-0.1178
-12.714,6.72,3.599,-6.465,-9.965,-14.702,0.1538
-12.465,6.72,3.599,-6.465,-9.965,-14.702,0.1494
-10.609,6.72,3.599,-6.465,-9.965,-14.702,0.1188
-10.091,6.72,3.599,-6.465,-9.965,-14.702,0.1116
-9.736,6.72,3.599,-6.465,-9.965,-14.702,0.1067
-3.659,6.72,3.599,-6.465,-9.965,-14.702,0.0419
0.251,6.72,3.599,-6.465,-9.965,-14.702,0.0318
2.284,6.72,3.599,-6.465,-9.965,-14.702,0.0272
6.479,6.72,3.599,-6.465,-9.965,-14.702,-0.0157
6.915,6.72,3.599,-6.465,-9.965,-14.702,-0.0217
9.184,6.72,3.599,-6.465,-9.965,-14.702,-0.056
9.252,6.72,3.599,-6.465,-9.965,-14.702,-0.0571
11.18,6.72,3.599,-6.465,-9.965,-14.702,-0.0884
13.298,6.72,3.599,-6.465,-9.965,-14.702,-0.1284
