ALPHA,BETA,DEFL_1_1,DEFL_1_2,DEFL_1_3,DEFL_1_4,CN
-14.974,-3.35,15.921,-3.662,7.202,-1.704,-2.0701
-10.485,-3.35,15.921,-3.662,7.202,-1.704,-1.3661
-8.861,-3.35,15.921,-3.662,7.202,-1.704,-1.1247
-5.75,-3.35,15.921,-3.662,7.202,-1.704,-0.6839
-2.185,-3.35,15.921,-3.662,7.202,-1.704,-0.2549
1.03,-3.35,15.921,-3.662,7.202,-1.704,0.0875
1.527,-3.35,15.921,-3.662,7.202,-1.704,0.1392
2.278,-3.35,15.921,-3.662,7.202,-1.704,0.2157
3.259,-3.35,15.921,-3.662,7.202,-1.704,0.3139
4.902,-3.35,15.921,-3.662,7.202,-1.704,0.5136
6.409,-3.35,15.921,-3.662,7.202,-1.704,0.7345
7.044,-3.35,15.921,-3.662,7.202,-1.704,0.8258
10.638,-3.35,15.921,-3.662,7.202,-1.704,1.3569
13.398,-3.35,15.921,-3.662,7.202,-1.704,1.7877
-14.974,-3.35,15.921,-3.662,7.202,-1.704,-2.0701
-10.485,-3.35,15.921,-3.662,7.202,-1.704,-1.3661
-8.861,-3.35,15.921,-3.662,7.202,-1.704,-1.1247
-5.75,-3.35,15.921,-3.662,7.202,-1.704,-0.6839
-2.185,-3.35,15.921,-3.662,7.202,-1.704,-0.2549
1.03,-3.35,15.921,-3.662,7.202,-1.704,0.0875
1.527,-3.35,15.921,-3.662,7.202,-1.704,0.1392
2.278,-3.35,15.921,-3.662,7.202,-1.704,0.2157
3.259,-3.35,15.921,-3.662,7.202,-1.704,0.3139
4.902,-3.35,15.921,-3.662,7.202,-1.704,0.5136
6.409,-3.35,15.921,-3.662,7.202,-1.704,0.7345
7.044,-3.35,15.921,-3.662,7.202,-1.704,0.8258
10.638,-3.35,15.921,-3.662,7.202,-1.704,1.3569
13.398,-3.35,15.921,-3.662,7.202,-1.704,1.7877
-14.015,-2.73,-6.255,-2.897,-14.703,1.506,-1.9443
-12.125,-2.73,-6.255,-2.897,-14.703,1.506,-1.6445
-10.768,-2.73,-6.255,-2.897,-14.703,1.506,-1.4368
-8.771,-2.73,-6.255,-2.897,-14.703,1.506,-1.138
-7.487,-2.73,-6.255,-2.897,-14.703,1.506,-0.9488
-6.581,-2.73,-6.255,-2.897,-14.703,1.506,-0.8183
-6.537,-2.73,-6.255,-2.897,-14.703,1.506,-0.8121
-6.319,-2.73,-6.255,-2.897,-14.703,1.506,-0.7814
-1.936,-2.73,-6.255,-2.897,-14.703,1.506,-0.2342
-1.933,-2.73,-6.255,-2.897,-14.703,1.506,-0.2338
5.286,-2.73,-6.255,-2.897,-14.703,1.506,0.5558
6.288,-2.73,-6.255,-2.897,-14.703,1.506,0.6973
10.475,-2.73,-6.255,-2.897,-14.703,1.506,1.3185
11.189,-2.73,-6.255,-2.897,-14.703,1.506,1.4288
-14.35,0.63,3.286,-10.896,7.617,-14.52,-1.8657
-12.337,0.63,3.286,-10.896,7.617,-14.52,-1.5586
-11.654,0.63,3.286,-10.896,7.617,-14.52,-1.4607
-10.186,0.63,3.286,-10.896,7.617,-14.52,-1.2537
-6.93,0.63,3.286,-10.896,7.617,-14.52,-0.8009
-4.059,0.63,3.286,-10.896,7.617,-14.52,-0.4292
-2.114,0.63,3.286,-10.896,7.617,-14.52,-0.2017
-1.953,0.63,3.286,-10.896,7.617,-14.52,-0.1842
-1.597,0.63,3.286,-10.896,7.617,-14.52,-0.1465
1.81,0.63,3.286,-10.896,7.617,-14.52,0.1977
4.651,0.63,3.286,-10.896,7.617,-14.52,0.53
7.409,0.63,3.286,-10.896,7.617,-14.52,0.876
8.518,0.63,3.286,-10.896,7.617,-14.52,1.0328
13.281,0.63,3.286,-10.896,7.617,-14.52,1.7307
-14.832,-14.19,-18.112,-6.04,-8.528,14.188,-2.0712
-11.57,-14.19,-18.112,-6.04,-8.528,14.188,-1.5336
-11.241,-14.19,-18.112,-6.04,-8.528,14.188,-1.4813
-8.857,-14.19,-18.112,-6.04,-8.528,14.188,-1.1221
-8.745,-14.19,-18.112,-6.04,-8.528,14.188,-1.1061
-6.99,-14.19,-18.112,-6.04,-8.528,14.188,-0.8653
-6.18,-14.19,-18.112,-6.04,-8.528,14.188,-0.7613
-5.419,-14.19,-18.112,-6.04,-8.528,14.188,-0.6682
-5.027,-14.19,-18.112,-6.04,-8.528,14.188,-0.6219
-4.531,-14.19,-18.112,-6.04,-8.528,14.188,-0.5661
-2.798,-14.19,-18.112,-6.04,-8.528,14.188,-0.4037
-1.436,-14.19,-18.112,-6.04,-8.528,14.188,-0.2901
8.581,-14.19,-18.112,-6.04,-8.528,14.188,0.7825
10.717,-14.19,-18.112,-6.04,-8.528,14.188,1.1176
-12.979,10.66,5.675,9.35,-18.812,6.279,-1.6723
-9.904,10.66,5.675,9.35,-18.812,6.279,-1.1809
-4.618,10.66,5.675,9.35,-18.812,6.279,-0.4643
-2.99,10.66,5.675,9.35,-18.812,6.279,-0.2737
-1.828,10.66,5.675,9.35,-18.812,6.279,-0.1551
-0.617,10.66,5.675,9.35,-18.812,6.279,-0.0338
-0.262,10.66,5.675,9.35,-18.812,6.279,0.0011
2.444,10.66,5.675,9.35,-18.812,6.279,0.2594
3.855,10.66,5.675,9.35,-18.812,6.279,0.4096
6.82,10.66,5.675,9.35,-18.812,6.279,0.7778
8.402,10.66,5.675,9.35,-18.812,6.279,0.9961
10.474,10.66,5.675,9.35,-18.812,6.279,1.2972
11.211,10.66,5.675,9.35,-18.812,6.279,1.4105
12.704,10.66,5.675,9.35,-18.812,6.279,1.6475
-14.913,8.17,7.106,4.909,13.016,-9.838,-1.933
-13.593,8.17,7.106,4.909,13.016,-9.838,-1.7069
-13.179,8.17,7.106,4.909,13.016,-9.838,-1.6367
-10.271,8.17,7.106,4.909,13.016,-9.838,-1.1686
-9.099,8.17,7.106,4.909,13.016,-9.838,-0.995
-3.683,8.17,7.106,4.909,13.016,-9.838,-0.2725
-3.079,8.17,7.106,4.909,13.016,-9.838,-0.2005
0.843,8.17,7.106,4.909,13.016,-9.838,0.2044
2.576,8.17,7.106,4.909,13.016,-9.838,0.3809
3.018,8.17,7.106,4.909,13.016,-9.838,0.4315
6.506,8.17,7.106,4.909,13.016,-9.838,0.8655
7.105,8.17,7.106,4.909,13.016,-9.838,0.9449
7.631,8.17,7.106,4.909,13.016,-9.838,1.0159
11.813,8.17,7.106,4.909,13.016,-9.838,1.6116
-14.464,-9.04,11.02,-6.519,-7.344,10.893,-2.0386
-11.56,-9.04,11.02,-6.519,-7.344,10.893,-1.593
-10.346,-9.04,11.02,-6.519,-7.344,10.893,-1.4141
-8.434,-9.04,11.02,-6.519,-7.344,10.893,-1.1458
-7.746,-9.04,11.02,-6.519,-7.344,10.893,-1.0534
-4.661,-9.04,11.02,-6.519,-7.344,10.893,-0.652
-1.476,-9.04,11.02,-6.519,-7.344,10.893,-0.2939
-0.476,-9.04,11.02,-6.519,-7.344,10.893,-0.1939
-0.315,-9.04,11.02,-6.519,-7.344,10.893,-0.1779
0.416,-9.04,11.02,-6.519,-7.344,10.893,-0.1051
2.106,-9.04,11.02,-6.519,-7.344,10.893,0.0668
5.051,-9.04,11.02,-6.519,-7.344,10.893,0.4106
8.262,-9.04,11.02,-6.519,-7.344,10.893,0.8344
8.557,-9.04,11.02,-6.519,-7.344,10.893,0.8755
-10.457,0.22,18.768,-0.143,-0.124,16.002,-1.4322
-9.347,0.22,18.768,-0.143,-0.124,16.002,-1.2752
-7.976,0.22,18.768,-0.143,-0.124,16.002,-1.0825
-4.655,0.22,18.768,-0.143,-0.124,16.002,-0.6402
0.194,0.22,18.768,-0.143,-0.124,16.002,-0.1271
0.458,0.22,18.768,-0.143,-0.124,16.002,-0.0954
1.222,0.22,18.768,-0.143,-0.124,16.002,-0.0138
3.651,0.22,18.768,-0.143,-0.124,16.002,0.2676
4.569,0.22,18.768,-0.143,-0.124,16.002,0.382
4.803,0.22,18.768,-0.143,-0.124,16.002,0.4128
5.488,0.22,18.768,-0.143,-0.124,16.002,0.5056
5.695,0.22,18.768,-0.143,-0.124,16.002,0.533
9.909,0.22,18.768,-0.143,-0.124,16.002,1.1315
9.969,0.22,18.768,-0.143,-0.124,16.002,1.1404
-14.92,1.11,-5.672,-0.201,-16.505,-14.913,-1.9447
-11.99,1.11,-5.672,-0.201,-16.505,-14.913,-1.4668
-10.69,1.11,-5.672,-0.201,-16.505,-14.913,-1.2669
-10.19,1.11,-5.672,-0.201,-16.505,-14.913,-1.1915
-9.44,1.11,-5.672,-0.201,-16.505,-14.913,-1.0799
-4.08,1.11,-5.672,-0.201,-16.505,-14.913,-0.3878
-3.61,1.11,-5.672,-0.201,-16.505,-14.913,-0.3079
-2.87,1.11,-5.672,-0.201,-16.505,-14.913,-0.2053
-2.81,1.11,-5.672,-0.201,-16.505,-14.913,-0.1977
6.67,1.11,-5.672,-0.201,-16.505,-14.913,0.875
9.99,1.11,-5.672,-0.201,-16.505,-14.913,1.3552
11.43,1.11,-5.672,-0.201,-16.505,-14.913,1.5651
12.69,1.11,-5.672,-0.201,-16.505,-14.913,1.7506
12.7,1.11,-5.672,-0.201,-16.505,-14.913,1.7521
-5.731,-5.73,4.443,-11.809,-2.109,-8.451,-0.6983
-5.362,-5.73,4.443,-11.809,-2.109,-8.451,-0.6515
-5.216,-5.73,4.443,-11.809,-2.109,-8.451,-0.6332
-5.142,-5.73,4.443,-11.809,-2.109,-8.451,-0.624
-4.776,-5.73,4.443,-11.809,-2.109,-8.451,-0.5792
-3.67,-5.73,4.443,-11.809,-2.109,-8.451,-0.4407
-2.939,-5.73,4.443,-11.809,-2.109,-8.451,-0.3515
-2.316,-5.73,4.443,-11.809,-2.109,-8.451,-0.2795
-1.145,-5.73,4.443,-11.809,-2.109,-8.451,-0.1532
2.27,-5.73,4.443,-11.809,-2.109,-8.451,0.2046
4.278,-5.73,4.443,-11.809,-2.109,-8.451,0.4458
6.814,-5.73,4.443,-11.809,-2.109,-8.451,0.7802
7.173,-5.73,4.443,-11.809,-2.109,-8.451,0.8289
8.888,-5.73,4.443,-11.809,-2.109,-8.451,1.0741
-11.229,13.37,-10.582,-9.232,7.026,-12.613,-1.3405
-11.134,13.37,-10.582,-9.232,7.026,-12.613,-1.3257
-8.777,13.37,-10.582,-9.232,7.026,-12.613,-0.967
-8.113,13.37,-10.582,-9.232,7.026,-12.613,-0.8695
-6.783,13.37,-10.582,-9.232,7.026,-12.613,-0.6813
-5.662,13.37,-10.582,-9.232,7.026,-12.613,-0.5321
-2.638,13.37,-10.582,-9.232,7.026,-12.613,-0.1979
-1.666,13.37,-10.582,-9.232,7.026,-12.613,-0.1112
0.644,13.37,-10.582,-9.232,7.026,-12.613,0.0866
3.581,13.37,-10.582,-9.232,7.026,-12.613,0.3529
4.786,13.37,-10.582,-9.232,7.026,-12.613,0.4888
6.331,13.37,-10.582,-9.232,7.026,-12.613,0.6836
9.37,13.37,-10.582,-9.232,7.026,-12.613,1.118
10.762,13.37,-10.582,-9.232,7.026,-12.613,1.3317
-13.462,-6.25,16.286,-17.615,5.102,0.859,-1.8584
-13.037,-6.25,16.286,-17.615,5.102,0.859,-1.7904
-12.795,-6.25,16.286,-17.615,5.102,0.859,-1.752
-11.357,-6.25,16.286,-17.615,5.102,0.859,-1.5288
-3.168,-6.25,16.286,-17.615,5.102,0.859,-0.4632
-3.058,-6.25,16.286,-17.615,5.102,0.859,-0.4515
-2.02,-6.25,16.286,-17.615,5.102,0.859,-0.3453
-0.226,-6.25,16.286,-17.615,5.102,0.859,-0.1756
0.667,-6.25,16.286,-17.615,5.102,0.859,-0.09
1.356,-6.25,16.286,-17.615,5.102,0.859,-0.0219
1.707,-6.25,16.286,-17.615,5.102,0.859,0.0139
8.679,-6.25,16.286,-17.615,5.102,0.859,0.9264
9.135,-6.25,16.286,-17.615,5.102,0.859,0.9932
14.3,-6.25,16.286,-17.615,5.102,0.859,1.8017
-14.487,-10.24,-15.409,15.444,-14.52,4.696,-1.8447
-12.529,-10.24,-15.409,15.444,-14.52,4.696,-1.5282
-5.501,-10.24,-15.409,15.444,-14.52,4.696,-0.506
-5.083,-10.24,-15.409,15.444,-14.52,4.696,-0.4527
-3.096,-10.24,-15.409,15.444,-14.52,4.696,-0.2137
-0.012,-10.24,-15.409,15.444,-14.52,4.696,0.088
1.246,-10.24,-15.409,15.444,-14.52,4.696,0.2043
3.207,-10.24,-15.409,15.444,-14.52,4.696,0.3937
3.382,-10.24,-15.409,15.444,-14.52,4.696,0.4125
5.86,-10.24,-15.409,15.444,-14.52,4.696,0.6939
5.882,-10.24,-15.409,15.444,-14.52,4.696,0.6966
9.272,-10.24,-15.409,15.444,-14.52,4.696,1.1377
12.106,-10.24,-15.409,15.444,-14.52,4.696,1.5654
12.86,-10.24,-15.409,15.444,-14.52,4.696,1.6876
-14.537,-12.1,-14.239,19.053,-4.9,-2.874,-1.7804
-12.498,-12.1,-14.239,19.053,-4.9,-2.874,-1.4296
-10.567,-12.1,-14.239,19.053,-4.9,-2.874,-1.1093
-7.977,-12.1,-14.239,19.053,-4.9,-2.874,-0.7092
-6.45,-12.1,-14.239,19.053,-4.9,-2.874,-0.4955
-6.086,-12.1,-14.239,19.053,-4.9,-2.874,-0.4469
-4.755,-12.1,-14.239,19.053,-4.9,-2.874,-0.277
-1.9,-12.1,-14.239,19.053,-4.9,-2.874,0.0154
-0.396,-12.1,-14.239,19.053,-4.9,-2.874,0.145
5.296,-12.1,-14.239,19.053,-4.9,-2.874,0.6807
6.763,-12.1,-14.239,19.053,-4.9,-2.874,0.8628
9.376,-12.1,-14.239,19.053,-4.9,-2.874,1.2183
11.717,-12.1,-14.239,19.053,-4.9,-2.874,1.5746
14.237,-12.1,-14.239,19.053,-4.9,-2.874,1.9851
-14.945,-10.52,-8.995,-12.327,-7.338,8.024,-2.114
-14.677,-10.52,-8.995,-12.327,-7.338,8.024,-2.0724
-12.385,-10.52,-8.995,-12.327,-7.338,8.024,-1.7227
-11.308,-10.52,-8.995,-12.327,-7.338,8.024,-1.5632
-7.024,-10.52,-8.995,-12.327,-7.338,8.024,-0.9645
-3.421,-10.52,-8.995,-12.327,-7.338,8.024,-0.5219
-1.772,-10.52,-8.995,-12.327,-7.338,8.024,-0.3515
-1.491,-10.52,-8.995,-12.327,-7.338,8.024,-0.3239
0.483,-10.52,-8.995,-12.327,-7.338,8.024,-0.1335
4.657,-10.52,-8.995,-12.327,-7.338,8.024,0.309
7.594,-10.52,-8.995,-12.327,-7.338,8.024,0.6876
10.666,-10.52,-8.995,-12.327,-7.338,8.024,1.1417
11.75,-10.52,-8.995,-12.327,-7.338,8.024,1.3169
12.737,-10.52,-8.995,-12.327,-7.338,8.024,1.4821
-11.029,-2.17,-8.576,8.673,11.365,-1.332,-1.354
-10.619,-2.17,-8.576,8.673,11.365,-1.332,-1.2911
-8.709,-2.17,-8.576,8.673,11.365,-1.332,-1.0069
-7.835,-2.17,-8.576,8.673,11.365,-1.332,-0.8793
-4.45,-2.17,-8.576,8.673,11.365,-1.332,-0.4485
0.015,-2.17,-8.576,8.673,11.365,-1.332,0.0789
0.918,-2.17,-8.576,8.673,11.365,-1.332,0.1696
1.004,-2.17,-8.576,8.673,11.365,-1.332,0.1783
3.056,-2.17,-8.576,8.673,11.365,-1.332,0.3992
5.009,-2.17,-8.576,8.673,11.365,-1.332,0.5941
5.127,-2.17,-8.576,8.673,11.365,-1.332,0.6056
5.593,-2.17,-8.576,8.673,11.365,-1.332,0.673
6.515,-2.17,-8.576,8.673,11.365,-1.332,0.8289
7.473,-2.17,-8.576,8.673,11.365,-1.332,0.9746
-8.499,5.3,18.951,8.73,-0.482,6.793,-1.0486
-6.76,5.3,18.951,8.73,-0.482,6.793,-0.8004
-6.189,5.3,18.951,8.73,-0.482,6.793,-0.7188
-5.82,5.3,18.951,8.73,-0.482,6.793,-0.6735
2.022,5.3,18.951,8.73,-0.482,6.793,0.2137
4.345,5.3,18.951,8.73,-0.482,6.793,0.4853
4.658,5.3,18.951,8.73,-0.482,6.793,0.525
4.712,5.3,18.951,8.73,-0.482,6.793,0.532
4.822,5.3,18.951,8.73,-0.482,6.793,0.5462
9.33,5.3,18.951,8.73,-0.482,6.793,1.1739
9.354,5.3,18.951,8.73,-0.482,6.793,1.1774
9.663,5.3,18.951,8.73,-0.482,6.793,1.2228
13.235,5.3,18.951,8.73,-0.482,6.793,1.7698
14.016,5.3,18.951,8.73,-0.482,6.793,1.8967
-9.083,-13.09,1.303,11.661,-17.266,18.126,-1.0252
-8.141,-13.09,1.303,11.661,-17.266,18.126,-0.8922
-6.05,-13.09,1.303,11.661,-17.266,18.126,-0.6203
-1.517,-13.09,1.303,11.661,-17.266,18.126,-0.1731
0.928,-13.09,1.303,11.661,-17.266,18.126,0.0273
2.684,-13.09,1.303,11.661,-17.266,18.126,0.1837
6.064,-13.09,1.303,11.661,-17.266,18.126,0.568
7.371,-13.09,1.303,11.661,-17.266,18.126,0.7457
7.794,-13.09,1.303,11.661,-17.266,18.126,0.8059
8.499,-13.09,1.303,11.661,-17.266,18.126,0.9085
9.573,-13.09,1.303,11.661,-17.266,18.126,1.0679
10.905,-13.09,1.303,11.661,-17.266,18.126,1.2688
12.225,-13.09,1.303,11.661,-17.266,18.126,1.4739
12.744,-13.09,1.303,11.661,-17.266,18.126,1.5563
-13.933,-11.11,-11.626,19.77,-7.98,9.523,-1.7236
-12.458,-11.11,-11.626,19.77,-7.98,9.523,-1.4854
-11.162,-11.11,-11.626,19.77,-7.98,9.523,-1.2823
-10.119,-11.11,-11.626,19.77,-7.98,9.523,-1.1239
-3.708,-11.11,-11.626,19.77,-7.98,9.523,-0.2793
-2.962,-11.11,-11.626,19.77,-7.98,9.523,-0.1987
-2.503,-11.11,-11.626,19.77,-7.98,9.523,-0.1549
-1.47,-11.11,-11.626,19.77,-7.98,9.523,-0.0589
-1.396,-11.11,-11.626,19.77,-7.98,9.523,-0.0521
-0.219,-11.11,-11.626,19.77,-7.98,9.523,0.0535
1.106,-11.11,-11.626,19.77,-7.98,9.523,0.1709
5.655,-11.11,-11.626,19.77,-7.98,9.523,0.6338
6.275,-11.11,-11.626,19.77,-7.98,9.523,0.707
6.955,-11.11,-11.626,19.77,-7.98,9.523,0.7918
-12.439,-10.1,-5.712,6.248,1.05,18.233,-1.6176
-11.714,-10.1,-5.712,6.248,1.05,18.233,-1.5012
-11.386,-10.1,-5.712,6.248,1.05,18.233,-1.4494
-10.968,-10.1,-5.712,6.248,1.05,18.233,-1.3841
-6.353,-10.1,-5.712,6.248,1.05,18.233,-0.7534
-4.166,-10.1,-5.712,6.248,1.05,18.233,-0.5007
-2.698,-10.1,-5.712,6.248,1.05,18.233,-0.3478
0.54,-10.1,-5.712,6.248,1.05,18.233,-0.0481
3.248,-10.1,-5.712,6.248,1.05,18.233,0.2242
3.527,-10.1,-5.712,6.248,1.05,18.233,0.2564
5.645,-10.1,-5.712,6.248,1.05,18.233,0.5209
6.372,-10.1,-5.712,6.248,1.05,18.233,0.617
9.373,-10.1,-5.712,6.248,1.05,18.233,1.041
9.517,-10.1,-5.712,6.248,1.05,18.233,1.0626
-5.957,-7.79,14.613,0.003,-19.644,9.977,-0.7611
-4.687,-7.79,14.613,0.003,-19.644,9.977,-0.5979
-1.102,-7.79,14.613,0.003,-19.644,9.977,-0.1941
0.027,-7.79,14.613,0.003,-19.644,9.977,-0.0822
3.282,-7.79,14.613,0.003,-19.644,9.977,0.2662
4.903,-7.79,14.613,0.003,-19.644,9.977,0.4675
4.932,-7.79,14.613,0.003,-19.644,9.977,0.4713
5.68,-7.79,14.613,0.003,-19.644,9.977,0.5679
6.518,-7.79,14.613,0.003,-19.644,9.977,0.6789
9.403,-7.79,14.613,0.003,-19.644,9.977,1.0848
10.515,-7.79,14.613,0.003,-19.644,9.977,1.2507
12.397,-7.79,14.613,0.003,-19.644,9.977,1.5504
12.741,-7.79,14.613,0.003,-19.644,9.977,1.6072
13.895,-7.79,14.613,0.003,-19.644,9.977,1.8023
-14.477,-8.94,-9.676,-8.605,-11.772,-14.028,-1.9253
-9.807,-8.94,-9.676,-8.605,-11.772,-14.028,-1.1791
-8.545,-8.94,-9.676,-8.605,-11.772,-14.028,-0.9965
-6.264,-8.94,-9.676,-8.605,-11.772,-14.028,-0.6858
-1.741,-8.94,-9.676,-8.605,-11.772,-14.028,-0.1402
-0.277,-8.94,-9.676,-8.605,-11.772,-14.028,0.0126
0.708,-8.94,-9.676,-8.605,-11.772,-14.028,0.1114
1.132,-8.94,-9.676,-8.605,-11.772,-14.028,0.1534
4.195,-8.94,-9.676,-8.605,-11.772,-14.028,0.4801
5.826,-8.94,-9.676,-8.605,-11.772,-14.028,0.6795
6.539,-8.94,-9.676,-8.605,-11.772,-14.028,0.7714
8.16,-8.94,-9.676,-8.605,-11.772,-14.028,0.988
11.512,-8.94,-9.676,-8.605,-11.772,-14.028,1.4717
13.993,-8.94,-9.676,-8.605,-11.772,-14.028,1.87
-11.173,-5.78,1.149,-4.525,13.196,9.883,-1.5413
-7.914,-5.78,1.149,-4.525,13.196,9.883,-1.0792
-7.453,-5.78,1.149,-4.525,13.196,9.883,-1.0157
-7.251,-5.78,1.149,-4.525,13.196,9.883,-0.988
-4.244,-5.78,1.149,-4.525,13.196,9.883,-0.5894
-1.008,-5.78,1.149,-4.525,13.196,9.883,-0.2238
-0.483,-5.78,1.149,-4.525,13.196,9.883,-0.1709
1.079,-5.78,1.149,-4.525,13.196,9.883,-0.0119
2.358,-5.78,1.149,-4.525,13.196,9.883,0.1266
5.102,-5.78,1.149,-4.525,13.196,9.883,0.4636
10.05,-5.78,1.149,-4.525,13.196,9.883,1.1569
10.193,-5.78,1.149,-4.525,13.196,9.883,1.1784
10.582,-5.78,1.149,-4.525,13.196,9.883,1.2371
10.67,-5.78,1.149,-4.525,13.196,9.883,1.2504
-12.508,-13.33,-12.68,-19.217,-7.746,12.712,-1.7261
-11.943,-13.33,-12.68,-19.217,-7.746,12.712,-1.6405
-9.368,-13.33,-12.68,-19.217,-7.746,12.712,-1.2775
-6.46,-13.33,-12.68,-19.217,-7.746,12.712,-0.9098
-5.318,-13.33,-12.68,-19.217,-7.746,12.712,-0.7772
-3.722,-13.33,-12.68,-19.217,-7.746,12.712,-0.6015
3.95,-13.33,-12.68,-19.217,-7.746,12.712,0.0701
5.823,-13.33,-12.68,-19.217,-7.746,12.712,0.2991
6.11,-13.33,-12.68,-19.217,-7.746,12.712,0.3367
7.194,-13.33,-12.68,-19.217,-7.746,12.712,0.4816
7.214,-13.33,-12.68,-19.217,-7.746,12.712,0.4845
8.835,-13.33,-12.68,-19.217,-7.746,12.712,0.726
10.871,-13.33,-12.68,-19.217,-7.746,12.712,1.0465
13.058,-13.33,-12.68,-19.217,-7.746,12.712,1.4099
-14.235,6.42,1.32,19.379,16.791,-19.211,-1.6153
-12.573,6.42,1.32,19.379,16.791,-19.211,-1.3453
-11.414,6.42,1.32,19.379,16.791,-19.211,-1.1638
-10.169,6.42,1.32,19.379,16.791,-19.211,-0.9789
-8.181,6.42,1.32,19.379,16.791,-19.211,-0.6935
-0.251,6.42,1.32,19.379,16.791,-19.211,0.2636
0.422,6.42,1.32,19.379,16.791,-19.211,0.3247
2.108,6.42,1.32,19.379,16.791,-19.211,0.4734
3.692,6.42,1.32,19.379,16.791,-19.211,0.6289
4.355,6.42,1.32,19.379,16.791,-19.211,0.6981
5.654,6.42,1.32,19.379,16.791,-19.211,0.8409
5.715,6.42,1.32,19.379,16.791,-19.211,0.8479
8.88,6.42,1.32,19.379,16.791,-19.211,1.2349
11.146,6.42,1.32,19.379,16.791,-19.211,1.5438
-14.498,7.61,-8.06,14.805,-12.908,6.365,-1.8754
-12.664,7.61,-8.06,14.805,-12.908,6.365,-1.5826
-11.721,7.61,-8.06,14.805,-12.908,6.365,-1.438
-9.325,7.61,-8.06,14.805,-12.908,6.365,-1.0862
-8.516,7.61,-8.06,14.805,-12.908,6.365,-0.9725
-8.003,7.61,-8.06,14.805,-12.908,6.365,-0.9014
-7.536,7.61,-8.06,14.805,-12.908,6.365,-0.8376
-5.886,7.61,-8.06,14.805,-12.908,6.365,-0.6198
-4.021,7.61,-8.06,14.805,-12.908,6.365,-0.3848
1.486,7.61,-8.06,14.805,-12.908,6.365,0.2095
3.487,7.61,-8.06,14.805,-12.908,6.365,0.4242
4.871,7.61,-8.06,14.805,-12.908,6.365,0.5858
4.967,7.61,-8.06,14.805,-12.908,6.365,0.5972
9.956,7.61,-8.06,14.805,-12.908,6.365,1.2449
-14.834,7.28,11.33,-7.08,1.519,15.741,-2.1028
-11.361,7.28,11.33,-7.08,1.519,15.741,-1.5794
-9.854,7.28,11.33,-7.08,1.519,15.741,-1.3727
-9.482,7.28,11.33,-7.08,1.519,15.741,-1.3235
-3.892,7.28,11.33,-7.08,1.519,15.741,-0.6186
-2.609,7.28,11.33,-7.08,1.519,15.741,-0.4704
3.5,7.28,11.33,-7.08,1.519,15.741,0.1839
4.539,7.28,11.33,-7.08,1.519,15.741,0.3138
5.373,7.28,11.33,-7.08,1.519,15.741,0.4207
10.278,7.28,11.33,-7.08,1.519,15.741,1.1004
11.86,7.28,11.33,-7.08,1.519,15.741,1.3463
12.079,7.28,11.33,-7.08,1.519,15.741,1.3814
12.096,7.28,11.33,-7.08,1.519,15.741,1.3841
13.305,7.28,11.33,-7.08,1.519,15.741,1.5832
-14.753,7.25,0.336,-8.796,-12.918,-8.191,-2.0001
-12.133,7.25,0.336,-8.796,-12.918,-8.191,-1.5764
-11.065,7.25,0.336,-8.796,-12.918,-8.191,-1.4119
-7.169,7.25,0.336,-8.796,-12.918,-8.191,-0.851
-3.856,7.25,0.336,-8.796,-12.918,-8.191,-0.4232
-3.055,7.25,0.336,-8.796,-12.918,-8.191,-0.328
-2.852,7.25,0.336,-8.796,-12.918,-8.191,-0.3043
-2.14,7.25,0.336,-8.796,-12.918,-8.191,-0.2239
-0.597,7.25,0.336,-8.796,-12.918,-8.191,-0.0649
-0.203,7.25,0.336,-8.796,-12.918,-8.191,-0.0254
0.029,7.25,0.336,-8.796,-12.918,-8.191,-0.0022
1.457,7.25,0.336,-8.796,-12.918,-8.191,0.1417
5.9,7.25,0.336,-8.796,-12.918,-8.191,0.6754
6.095,7.25,0.336,-8.796,-12.918,-8.191,0.7012
-14.475,-12.13,11.347,15.802,-14.101,12.127,-1.8487
-14.019,-12.13,11.347,15.802,-14.101,12.127,-1.7736
-6.24,-12.13,11.347,15.802,-14.101,12.127,-0.6201
-4.335,-12.13,11.347,15.802,-14.101,12.127,-0.3812
-4.077,-12.13,11.347,15.802,-14.101,12.127,-0.3513
-2.294,-12.13,11.347,15.802,-14.101,12.127,-0.1747
-1.612,-12.13,11.347,15.802,-14.101,12.127,-0.1134
-0.669,-12.13,11.347,15.802,-14.101,12.127,-0.0302
0.477,-12.13,11.347,15.802,-14.101,12.127,0.071
5.771,-12.13,11.347,15.802,-14.101,12.127,0.6254
6.978,-12.13,11.347,15.802,-14.101,12.127,0.781
9.467,-12.13,11.347,15.802,-14.101,12.127,1.1215
9.915,-12.13,11.347,15.802,-14.101,12.127,1.1864
13.072,-12.13,11.347,15.802,-14.101,12.127,1.6729
-14.726,8.37,-12.996,19.792,19.435,-15.437,-1.7184
-14.17,8.37,-12.996,19.792,19.435,-15.437,-1.6255
-11.174,8.37,-12.996,19.792,19.435,-15.437,-1.1391
-4.918,8.37,-12.996,19.792,19.435,-15.437,-0.257
-2.264,8.37,-12.996,19.792,19.435,-15.437,0.0594
-2.22,8.37,-12.996,19.792,19.435,-15.437,0.0641
0.517,8.37,-12.996,19.792,19.435,-15.437,0.3317
4.522,8.37,-12.996,19.792,19.435,-15.437,0.723
5.359,8.37,-12.996,19.792,19.435,-15.437,0.8132
7.426,8.37,-12.996,19.792,19.435,-15.437,1.0504
9.462,8.37,-12.996,19.792,19.435,-15.437,1.3068
11.432,8.37,-12.996,19.792,19.435,-15.437,1.5818
11.978,8.37,-12.996,19.792,19.435,-15.437,1.6621
12.096,8.37,-12.996,19.792,19.435,-15.437,1.6797
-11.855,6.64,0.826,-19.082,2.839,-4.227,-1.5691
-11.245,6.64,0.826,-19.082,2.839,-4.227,-1.4754
-10.199,6.64,0.826,-19.082,2.839,-4.227,-1.3223
-9.343,6.64,0.826,-19.082,2.839,-4.227,-1.2003
-9.034,6.64,0.826,-19.082,2.839,-4.227,-1.1568
-4.933,6.64,0.826,-19.082,2.839,-4.227,-0.6292
-4.559,6.64,0.826,-19.082,2.839,-4.227,-0.5852
-2.637,6.64,0.826,-19.082,2.839,-4.227,-0.3717
-0.333,6.64,0.826,-19.082,2.839,-4.227,-0.1481
2.698,6.64,0.826,-19.082,2.839,-4.227,0.1625
7.978,6.64,0.826,-19.082,2.839,-4.227,0.8549
9.31,6.64,0.826,-19.082,2.839,-4.227,1.0462
12.211,6.64,0.826,-19.082,2.839,-4.227,1.4835
12.54,6.64,0.826,-19.082,2.839,-4.227,1.5357
-14.456,-8.26,14.237,-19.006,-17.726,7.581,-2.0482
-12.17,-8.26,14.237,-19.006,-17.726,7.581,-1.6953
-11.567,-8.26,14.237,-19.006,-17.726,7.581,-1.6064
-9.387,-8.26,14.237,-19.006,-17.726,7.581,-1.2986
-7.948,-8.26,14.237,-19.006,-17.726,7.581,-1.1086
-3.904,-8.26,14.237,-19.006,-17.726,7.581,-0.6179
-0.89,-8.26,14.237,-19.006,-17.726,7.581,-0.3056
1.021,-8.26,14.237,-19.006,-17.726,7.581,-0.1183
1.317,-8.26,14.237,-19.006,-17.726,7.581,-0.0884
6.014,-8.26,14.237,-19.006,-17.726,7.581,0.4667
6.151,-8.26,14.237,-19.006,-17.726,7.581,0.4847
7.058,-8.26,14.237,-19.006,-17.726,7.581,0.6056
7.235,-8.26,14.237,-19.006,-17.726,7.581,0.6299
10.279,-8.26,14.237,-19.006,-17.726,7.581,1.0666
-12.942,11.45,-4.195,-3.264,0.745,-19.01,-1.5608
-11.773,11.45,-4.195,-3.264,0.745,-19.01,-1.3667
-7.48,11.45,-4.195,-3.264,0.745,-19.01,-0.7057
-5.858,11.45,-4.195,-3.264,0.745,-19.01,-0.4828
-0.497,11.45,-4.195,-3.264,0.745,-19.01,0.0887
3.024,11.45,-4.195,-3.264,0.745,-19.01,0.4038
3.257,11.45,-4.195,-3.264,0.745,-19.01,0.4266
6.824,11.45,-4.195,-3.264,0.745,-19.01,0.845
6.911,11.45,-4.195,-3.264,0.745,-19.01,0.8564
6.972,11.45,-4.195,-3.264,0.745,-19.01,0.8644
8.528,11.45,-4.195,-3.264,0.745,-19.01,1.0753
10.071,11.45,-4.195,-3.264,0.745,-19.01,1.2972
10.896,11.45,-4.195,-3.264,0.745,-19.01,1.4212
11.818,11.45,-4.195,-3.264,0.745,-19.01,1.5647
-14.267,-11.13,-13.168,-16.532,11.671,0.206,-1.9839
-13.879,-11.13,-13.168,-16.532,11.671,0.206,-1.9202
-12.419,-11.13,-13.168,-16.532,11.671,0.206,-1.685
-10.415,-11.13,-13.168,-16.532,11.671,0.206,-1.379
-8.536,-11.13,-13.168,-16.532,11.671,0.206,-1.11
-3.541,-11.13,-13.168,-16.532,11.671,0.206,-0.4869
-1.473,-11.13,-13.168,-16.532,11.671,0.206,-0.2811
-1.301,-11.13,-13.168,-16.532,11.671,0.206,-0.2648
3.365,-11.13,-13.168,-16.532,11.671,0.206,0.1704
5.964,-11.13,-13.168,-16.532,11.671,0.206,0.4897
6.243,-11.13,-13.168,-16.532,11.671,0.206,0.5265
11.719,-11.13,-13.168,-16.532,11.671,0.206,1.3574
11.758,-11.13,-13.168,-16.532,11.671,0.206,1.3638
13.765,-11.13,-13.168,-16.532,11.671,0.206,1.7017
-14.994,1.05,-3.508,7.015,5.92,2.724,-2.0428
-13.758,1.05,-3.508,7.015,5.92,2.724,-1.8367
-11.252,1.05,-3.508,7.015,5.92,2.724,-1.4395
-7.216,1.05,-3.508,7.015,5.92,2.724,-0.8364
-6.462,1.05,-3.508,7.015,5.92,2.724,-0.7313
-5.28,1.05,-3.508,7.015,5.92,2.724,-0.5715
-4.88,1.05,-3.508,7.015,5.92,2.724,-0.5188
0.058,1.05,-3.508,7.015,5.92,2.724,0.0435
1.094,1.05,-3.508,7.015,5.92,2.724,0.1453
3.656,1.05,-3.508,7.015,5.92,2.724,0.4288
6.932,1.05,-3.508,7.015,5.92,2.724,0.8547
7.815,1.05,-3.508,7.015,5.92,2.724,0.9842
8.124,1.05,-3.508,7.015,5.92,2.724,1.0298
8.317,1.05,-3.508,7.015,5.92,2.724,1.0584
-11.009,-8.23,12.541,7.384,8.988,14.415,-1.4208
-5.842,-8.23,12.541,7.384,8.988,14.415,-0.7117
-2.857,-8.23,12.541,7.384,8.988,14.415,-0.351
0.018,-8.23,12.541,7.384,8.988,14.415,-0.0595
0.293,-8.23,12.541,7.384,8.988,14.415,-0.0322
1.544,-8.23,12.541,7.384,8.988,14.415,0.0949
2.003,-8.23,12.541,7.384,8.988,14.415,0.1433
2.716,-8.23,12.541,7.384,8.988,14.415,0.2221
3.475,-8.23,12.541,7.384,8.988,14.415,0.3123
4.855,-8.23,12.541,7.384,8.988,14.415,0.484
6.264,-8.23,12.541,7.384,8.988,14.415,0.6668
6.909,-8.23,12.541,7.384,8.988,14.415,0.7529
9.007,-8.23,12.541,7.384,8.988,14.415,1.0455
9.809,-8.23,12.541,7.384,8.988,14.415,1.1607
-13.592,-0.61,-13.668,-0.32,-5.7,-6.849,-1.7983
-13.072,-0.61,-13.668,-0.32,-5.7,-6.849,-1.7125
-12.123,-0.61,-13.668,-0.32,-5.7,-6.849,-1.5618
-4.678,-0.61,-13.668,-0.32,-5.7,-6.849,-0.4764
-3.839,-0.61,-13.668,-0.32,-5.7,-6.849,-0.3732
-3.57,-0.61,-13.668,-0.32,-5.7,-6.849,-0.3401
-3.395,-0.61,-13.668,-0.32,-5.7,-6.849,-0.319
-3.312,-0.61,-13.668,-0.32,-5.7,-6.849,-0.309
-2.989,-0.61,-13.668,-0.32,-5.7,-6.849,-0.2709
-1.341,-0.61,-13.668,-0.32,-5.7,-6.849,-0.0908
0.289,-0.61,-13.668,-0.32,-5.7,-6.849,0.0691
2.932,-0.61,-13.668,-0.32,-5.7,-6.849,0.3486
3.099,-0.61,-13.668,-0.32,-5.7,-6.849,0.3686
10.41,-0.61,-13.668,-0.32,-5.7,-6.849,1.3895
-10.472,-14.68,-1.77,-19.988,-8.921,15.345,-1.4181
-8.607,-14.68,-1.77,-19.988,-8.921,15.345,-1.1674
-5.464,-14.68,-1.77,-19.988,-8.921,15.345,-0.7919
-4.872,-14.68,-1.77,-19.988,-8.921,15.345,-0.7264
-0.476,-14.68,-1.77,-19.988,-8.921,15.345,-0.3442
0.723,-14.68,-1.77,-19.988,-8.921,15.345,-0.2519
0.745,-14.68,-1.77,-19.988,-8.921,15.345,-0.2502
1.732,-14.68,-1.77,-19.988,-8.921,15.345,-0.1716
3.048,-14.68,-1.77,-19.988,-8.921,15.345,-0.059
6.123,-14.68,-1.77,-19.988,-8.921,15.345,0.2891
7.409,-14.68,-1.77,-19.988,-8.921,15.345,0.4636
8.952,-14.68,-1.77,-19.988,-8.921,15.345,0.6935
11.067,-14.68,-1.77,-19.988,-8.921,15.345,1.0305
11.657,-14.68,-1.77,-19.988,-8.921,15.345,1.1281
-14.602,-13.25,-1.204,-0.307,0.154,-10.419,-1.885
-12.109,-13.25,-1.204,-0.307,0.154,-10.419,-1.4509
-11.745,-13.25,-1.204,-0.307,0.154,-10.419,-1.3892
-9.802,-13.25,-1.204,-0.307,0.154,-10.419,-1.0714
-4.314,-13.25,-1.204,-0.307,0.154,-10.419,-0.3113
-3.593,-13.25,-1.204,-0.307,0.154,-10.419,-0.2312
-2.475,-13.25,-1.204,-0.307,0.154,-10.419,-0.126
-1.319,-13.25,-1.204,-0.307,0.154,-10.419,-0.0214
1.085,-13.25,-1.204,-0.307,0.154,-10.419,0.1835
3.403,-13.25,-1.204,-0.307,0.154,-10.419,0.3867
5.605,-13.25,-1.204,-0.307,0.154,-10.419,0.6402
9.779,-13.25,-1.204,-0.307,0.154,-10.419,1.233
9.933,-13.25,-1.204,-0.307,0.154,-10.419,1.2564
10.736,-13.25,-1.204,-0.307,0.154,-10.419,1.3798
-13.373,-8.36,-19.922,1.309,-9.454,-4.245,-1.7543
-13.032,-8.36,-19.922,1.309,-9.454,-4.245,-1.6966
-6.553,-8.36,-19.922,1.309,-9.454,-4.245,-0.7131
-5.704,-8.36,-19.922,1.309,-9.454,-4.245,-0.5992
-5.128,-8.36,-19.922,1.309,-9.454,-4.245,-0.5233
-1.216,-8.36,-19.922,1.309,-9.454,-4.245,-0.0784
1.582,-8.36,-19.922,1.309,-9.454,-4.245,0.1974
2.123,-8.36,-19.922,1.309,-9.454,-4.245,0.2526
2.19,-8.36,-19.922,1.309,-9.454,-4.245,0.2595
4.768,-8.36,-19.922,1.309,-9.454,-4.245,0.5654
5.51,-8.36,-19.922,1.309,-9.454,-4.245,0.6607
8.886,-8.36,-19.922,1.309,-9.454,-4.245,1.1275
11.082,-8.36,-19.922,1.309,-9.454,-4.245,1.4587
11.29,-8.36,-19.922,1.309,-9.454,-4.245,1.4914
-14.753,12.71,-4.153,-14.97,-16.864,0.23,-2.0501
-14.453,12.71,-4.153,-14.97,-16.864,0.23,-1.9999
-13.846,12.71,-4.153,-14.97,-16.864,0.23,-1.8991
-13.29,12.71,-4.153,-14.97,-16.864,0.23,-1.8079
-9.713,12.71,-4.153,-14.97,-16.864,0.23,-1.2504
-8.1,12.71,-4.153,-14.97,-16.864,0.23,-1.0178
-4.753,12.71,-4.153,-14.97,-16.864,0.23,-0.58
-4.398,12.71,-4.153,-14.97,-16.864,0.23,-0.5377
2.808,12.71,-4.153,-14.97,-16.864,0.23,0.1227
3.11,12.71,-4.153,-14.97,-16.864,0.23,0.1515
3.128,12.71,-4.153,-14.97,-16.864,0.23,0.1532
6.059,12.71,-4.153,-14.97,-16.864,0.23,0.4992
10.556,12.71,-4.153,-14.97,-16.864,0.23,1.1595
11.073,12.71,-4.153,-14.97,-16.864,0.23,1.2436
-14.965,12.56,6.488,-3.849,-19.262,-5.265,-2.0243
-9.556,12.56,6.488,-3.849,-19.262,-5.265,-1.1155
-7.56,12.56,6.488,-3.849,-19.262,-5.265,-0.8153
-6.088,12.56,6.488,-3.849,-19.262,-5.265,-0.6134
-2.505,12.56,6.488,-3.849,-19.262,-5.265,-0.2041
0.972,12.56,6.488,-3.849,-19.262,-5.265,0.0974
1.112,12.56,6.488,-3.849,-19.262,-5.265,0.1093
2.678,12.56,6.488,-3.849,-19.262,-5.265,0.2476
3.504,12.56,6.488,-3.849,-19.262,-5.265,0.3258
5.719,12.56,6.488,-3.849,-19.262,-5.265,0.5952
6.223,12.56,6.488,-3.849,-19.262,-5.265,0.6626
6.683,12.56,6.488,-3.849,-19.262,-5.265,0.7256
9.516,12.56,6.488,-3.849,-19.262,-5.265,1.1486
9.904,12.56,6.488,-3.849,-19.262,-5.265,1.2102
-12.789,13.3,10.541,-18.151,-13.949,9.54,-1.7647
-11.809,13.3,10.541,-18.151,-13.949,9.54,-1.6142
-8.134,13.3,10.541,-18.151,-13.949,9.54,-1.0809
-7.963,13.3,10.541,-18.151,-13.949,9.54,-1.0579
-5.295,13.3,10.541,-18.151,-13.949,9.54,-0.723
-2.001,13.3,10.541,-18.151,-13.949,9.54,-0.4045
-1.244,13.3,10.541,-18.151,-13.949,9.54,-0.3414
-0.449,13.3,10.541,-18.151,-13.949,9.54,-0.2764
1.59,13.3,10.541,-18.151,-13.949,9.54,-0.1052
1.706,13.3,10.541,-18.151,-13.949,9.54,-0.0949
3.106,13.3,10.541,-18.151,-13.949,9.54,0.0332
8.464,13.3,10.541,-18.151,-13.949,9.54,0.7236
11.428,13.3,10.541,-18.151,-13.949,9.54,1.1857
13.299,13.3,10.541,-18.151,-13.949,9.54,1.4983
-13.318,-8.96,9.896,-14.964,0.253,-11.287,-1.7268
-10.996,-8.96,9.896,-14.964,0.253,-11.287,-1.3664
-8.535,-8.96,9.896,-14.964,0.253,-11.287,-1.0202
-5.394,-8.96,9.896,-14.964,0.253,-11.287,-0.6266
-4.042,-8.96,9.896,-14.964,0.253,-11.287,-0.4659
-1.114,-8.96,9.896,-14.964,0.253,-11.287,-0.1493
-0.063,-8.96,9.896,-14.964,0.253,-11.287,-0.043
1.196,-8.96,9.896,-14.964,0.253,-11.287,0.0824
5.038,-8.96,9.896,-14.964,0.253,-11.287,0.5138
6.485,-8.96,9.896,-14.964,0.253,-11.287,0.7004
8.162,-8.96,9.896,-14.964,0.253,-11.287,0.9251
10.484,-8.96,9.896,-14.964,0.253,-11.287,1.251
12.153,-8.96,9.896,-14.964,0.253,-11.287,1.5015
12.688,-8.96,9.896,-14.964,0.253,-11.287,1.585
-10.554,11.5,13.412,2.594,0.731,8.479,-1.36
-3.246,11.5,13.412,2.594,0.731,8.479,-0.3584
1.003,11.5,13.412,2.594,0.731,8.479,0.0401
2.617,11.5,13.412,2.594,0.731,8.479,0.188
4.39,11.5,13.412,2.594,0.731,8.479,0.3792
4.59,11.5,13.412,2.594,0.731,8.479,0.4033
5.185,11.5,13.412,2.594,0.731,8.479,0.4762
5.262,11.5,13.412,2.594,0.731,8.479,0.4857
5.57,11.5,13.412,2.594,0.731,8.479,0.5243
7.711,11.5,13.412,2.594,0.731,8.479,0.8167
7.801,11.5,13.412,2.594,0.731,8.479,0.8296
8.214,11.5,13.412,2.594,0.731,8.479,0.8893
10.523,11.5,13.412,2.594,0.731,8.479,1.2448
11.893,11.5,13.412,2.594,0.731,8.479,1.47
-13.985,1.28,-0.381,-5.508,-16.949,-1.304,-1.9375
-11.839,1.28,-0.381,-5.508,-16.949,-1.304,-1.599
-11.343,1.28,-0.381,-5.508,-16.949,-1.304,-1.5228
-6.609,1.28,-0.381,-5.508,-16.949,-1.304,-0.8202
-6.226,1.28,-0.381,-5.508,-16.949,-1.304,-0.7676
-3.932,1.28,-0.381,-5.508,-16.949,-1.304,-0.5112
-3.442,1.28,-0.381,-5.508,-16.949,-1.304,-0.4231
-3.376,1.28,-0.381,-5.508,-16.949,-1.304,-0.4125
6.421,1.28,-0.381,-5.508,-16.949,-1.304,0.7115
7.731,1.28,-0.381,-5.508,-16.949,-1.304,0.9082
8.591,1.28,-0.381,-5.508,-16.949,-1.304,1.0383
9.442,1.28,-0.381,-5.508,-16.949,-1.304,1.1669
10.952,1.28,-0.381,-5.508,-16.949,-1.304,1.3976
11.843,1.28,-0.381,-5.508,-16.949,-1.304,1.5363
-7.07,6.72,-7.342,4.907,10.227,-9.02,-0.7247
-4.962,6.72,-7.342,4.907,10.227,-9.02,-0.4466
-2.285,6.72,-7.342,4.907,10.227,-9.02,-0.1235
-1.93,6.72,-7.342,4.907,10.227,-9.02,-0.0853
-0.844,6.72,-7.342,4.907,10.227,-9.02,0.026
-0.076,6.72,-7.342,4.907,10.227,-9.02,0.1029
1.421,6.72,-7.342,4.907,10.227,-9.02,0.2537
4.32,6.72,-7.342,4.907,10.227,-9.02,0.5895
5.27,6.72,-7.342,4.907,10.227,-9.02,0.7116
5.719,6.72,-7.342,4.907,10.227,-9.02,0.7706
7.662,6.72,-7.342,4.907,10.227,-9.02,1.0325
9.414,6.72,-7.342,4.907,10.227,-9.02,1.2792
10.878,6.72,-7.342,4.907,10.227,-9.02,1.4875
13.496,6.72,-7.342,4.907,10.227,-9.02,1.884
-13.936,12.42,16.721,11.682,6.939,-18.368,-1.597
-7.583,12.42,16.721,11.682,6.939,-18.368,-0.5763
-2.684,12.42,16.721,11.682,6.939,-18.368,0.0128
-2.367,12.42,16.721,11.682,6.939,-18.368,0.0419
0.023,12.42,16.721,11.682,6.939,-18.368,0.253
2.13,12.42,16.721,11.682,6.939,-18.368,0.4285
5.43,12.42,16.721,11.682,6.939,-18.368,0.7599
6.834,12.42,16.721,11.682,6.939,-18.368,0.9296
6.846,12.42,16.721,11.682,6.939,-18.368,0.9311
7.007,12.42,16.721,11.682,6.939,-18.368,0.9513
9.049,12.42,16.721,11.682,6.939,-18.368,1.218
9.566,12.42,16.721,11.682,6.939,-18.368,1.287
9.909,12.42,16.721,11.682,6.939,-18.368,1.3356
11.591,12.42,16.721,11.682,6.939,-18.368,1.5812
-14.285,-13.81,-18.345,13.866,9.681,-4.889,-1.739
-13.827,-13.81,-18.345,13.866,9.681,-4.889,-1.659
-11.588,-13.81,-18.345,13.866,9.681,-4.889,-1.2764
-11.401,-13.81,-18.345,13.866,9.681,-4.889,-1.2453
-1.17,-13.81,-18.345,13.866,9.681,-4.889,0.0714
-1.166,-13.81,-18.345,13.866,9.681,-4.889,0.0717
-0.123,-13.81,-18.345,13.866,9.681,-4.889,0.1576
0.821,-13.81,-18.345,13.866,9.681,-4.889,0.2351
0.902,-13.81,-18.345,13.866,9.681,-4.889,0.2419
1.71,-13.81,-18.345,13.866,9.681,-4.889,0.31
2.267,-13.81,-18.345,13.866,9.681,-4.889,0.3587
2.334,-13.81,-18.345,13.866,9.681,-4.889,0.3647
4.459,-13.81,-18.345,13.866,9.681,-4.889,0.5753
6.861,-13.81,-18.345,13.866,9.681,-4.889,0.8823
-14.221,-14.42,-18.277,17.088,-19.05,-0.193,-1.7358
-12.692,-14.42,-18.277,17.088,-19.05,-0.193,-1.474
-8.112,-14.42,-18.277,17.088,-19.05,-0.193,-0.7402
-5.697,-14.42,-18.277,17.088,-19.05,-0.193,-0.4046
-5.254,-14.42,-18.277,17.088,-19.05,-0.193,-0.348
-2.912,-14.42,-18.277,17.088,-19.05,-0.193,-0.0964
1.499,-14.42,-18.277,17.088,-19.05,-0.193,0.2626
5.276,-14.42,-18.277,17.088,-19.05,-0.193,0.618
6.198,-14.42,-18.277,17.088,-19.05,-0.193,0.7287
6.312,-14.42,-18.277,17.088,-19.05,-0.193,0.7428
7.375,-14.42,-18.277,17.088,-19.05,-0.193,0.8792
9.979,-14.42,-18.277,17.088,-19.05,-0.193,1.2449
11.163,-14.42,-18.277,17.088,-19.05,-0.193,1.4264
12.967,-14.42,-18.277,17.088,-19.05,-0.193,1.7182
-13.512,-12.3,15.814,-4.315,4.223,-19.302,-1.6549
-12.634,-12.3,15.814,-4.315,4.223,-19.302,-1.5072
-11.4,-12.3,15.814,-4.315,4.223,-19.302,-1.3034
-2.998,-12.3,15.814,-4.315,4.223,-19.302,-0.1427
-2.965,-12.3,15.814,-4.315,4.223,-19.302,-0.1396
-2.838,-12.3,15.814,-4.315,4.223,-19.302,-0.1277
3.88,-12.3,15.814,-4.315,4.223,-19.302,0.4478
4.313,-12.3,15.814,-4.315,4.223,-19.302,0.4928
4.366,-12.3,15.814,-4.315,4.223,-19.302,0.4986
10.478,-12.3,15.814,-4.315,4.223,-19.302,1.3036
10.77,-12.3,15.814,-4.315,4.223,-19.302,1.3488
12.054,-12.3,15.814,-4.315,4.223,-19.302,1.5533
12.126,-12.3,15.814,-4.315,4.223,-19.302,1.565
13.184,-12.3,15.814,-4.315,4.223,-19.302,1.7406
-11.766,-7.88,1.195,-6.7,-3.416,9.103,-1.6274
-11.186,-7.88,1.195,-6.7,-3.416,9.103,-1.5412
-10.103,-7.88,1.195,-6.7,-3.416,9.103,-1.3824
-8.118,-7.88,1.195,-6.7,-3.416,9.103,-1.1074
-7.66,-7.88,1.195,-6.7,-3.416,9.103,-1.0442
-7.602,-7.88,1.195,-6.7,-3.416,9.103,-1.0362
-7.208,-7.88,1.195,-6.7,-3.416,9.103,-0.9826
-5.327,-7.88,1.195,-6.7,-3.416,9.103,-0.7356
-3.158,-7.88,1.195,-6.7,-3.416,9.103,-0.4675
1.566,-7.88,1.195,-6.7,-3.416,9.103,0.0286
2.34,-7.88,1.195,-6.7,-3.416,9.103,0.1098
4.773,-7.88,1.195,-6.7,-3.416,9.103,0.4003
5.081,-7.88,1.195,-6.7,-3.416,9.103,0.4387
6.542,-7.88,1.195,-6.7,-3.416,9.103,0.6262
-11.967,1.03,1.818,-6.028,13.546,15.341,-1.6671
-7.863,1.03,1.818,-6.028,13.546,15.341,-1.0982
-6.651,1.03,1.818,-6.028,13.546,15.341,-0.935
-4.327,1.03,1.818,-6.028,13.546,15.341,-0.6629
-4.027,1.03,1.818,-6.028,13.546,15.341,-0.6256
-3.755,1.03,1.818,-6.028,13.546,15.341,-0.5878
-3.349,1.03,1.818,-6.028,13.546,15.341,-0.5299
-0.697,1.03,1.818,-6.028,13.546,15.341,-0.2386
0.009,1.03,1.818,-6.028,13.546,15.341,-0.1696
0.92,1.03,1.818,-6.028,13.546,15.341,-0.0724
3.937,1.03,1.818,-6.028,13.546,15.341,0.2395
9.951,1.03,1.818,-6.028,13.546,15.341,1.099
10.919,1.03,1.818,-6.028,13.546,15.341,1.2432
11.456,1.03,1.818,-6.028,13.546,15.341,1.3249
-14.298,-12.97,-0.352,6.238,17.83,-11.621,-1.7564
-13.508,-12.97,-0.352,6.238,17.83,-11.621,-1.6179
-9.859,-12.97,-0.352,6.238,17.83,-11.621,-1.0112
-8.135,-12.97,-0.352,6.238,17.83,-11.621,-0.751
-6.792,-12.97,-0.352,6.238,17.83,-11.621,-0.5617
-4.562,-12.97,-0.352,6.238,17.83,-11.621,-0.2776
3.175,-12.97,-0.352,6.238,17.83,-11.621,0.4351
3.42,-12.97,-0.352,6.238,17.83,-11.621,0.4576
5.383,-12.97,-0.352,6.238,17.83,-11.621,0.6821
9.306,-12.97,-0.352,6.238,17.83,-11.621,1.2122
11.446,-12.97,-0.352,6.238,17.83,-11.621,1.5352
11.609,-12.97,-0.352,6.238,17.83,-11.621,1.5605
12.575,-12.97,-0.352,6.238,17.83,-11.621,1.7132
12.998,-12.97,-0.352,6.238,17.83,-11.621,1.7815
-14.883,-1.36,10.599,-1.904,19.84,-9.062,-1.9768
-10.911,-1.36,10.599,-1.904,19.84,-9.062,-1.3551
-8.993,-1.36,10.599,-1.904,19.84,-9.062,-1.0741
-2.132,-1.36,10.599,-1.904,19.84,-9.062,-0.1712
-1.992,-1.36,10.599,-1.904,19.84,-9.062,-0.1548
1.755,-1.36,10.599,-1.904,19.84,-9.062,0.2323
7.559,-1.36,10.599,-1.904,19.84,-9.062,0.9466
7.703,-1.36,10.599,-1.904,19.84,-9.062,0.9678
9.344,-1.36,10.599,-1.904,19.84,-9.062,1.2061
10.195,-1.36,10.599,-1.904,19.84,-9.062,1.3293
11.632,-1.36,10.599,-1.904,19.84,-9.062,1.541
12.692,-1.36,10.599,-1.904,19.84,-9.062,1.6979
13.254,-1.36,10.599,-1.904,19.84,-9.062,1.7854
13.618,-1.36,10.599,-1.904,19.84,-9.062,1.8429
-14.699,-3.39,4.109,5.968,19.66,-15.226,-1.8451
-12.573,-3.39,4.109,5.968,19.66,-15.226,-1.4976
-11.694,-3.39,4.109,5.968,19.66,-15.226,-1.3627
-11.009,-3.39,4.109,5.968,19.66,-15.226,-1.2595
-9.901,-3.39,4.109,5.968,19.66,-15.226,-1.0946
-4.406,-3.39,4.109,5.968,19.66,-15.226,-0.4211
-1.114,-3.39,4.109,5.968,19.66,-15.226,0.0361
1.941,-3.39,4.109,5.968,19.66,-15.226,0.3465
3.032,-3.39,4.109,5.968,19.66,-15.226,0.4447
4.408,-3.39,4.109,5.968,19.66,-15.226,0.5178
6.56,-3.39,4.109,5.968,19.66,-15.226,0.877
6.694,-3.39,4.109,5.968,19.66,-15.226,0.8967
6.914,-3.39,4.109,5.968,19.66,-15.226,0.9287
7.842,-3.39,4.109,5.968,19.66,-15.226,1.0607
-14.359,4.13,-3.305,-17.641,18.893,-4.578,-1.9604
-13.195,4.13,-3.305,-17.641,18.893,-4.578,-1.7713
-12.289,4.13,-3.305,-17.641,18.893,-4.578,-1.6281
-10.956,4.13,-3.305,-17.641,18.893,-4.578,-1.4294
-4.952,4.13,-3.305,-17.641,18.893,-4.578,-0.627
-0.801,4.13,-3.305,-17.641,18.893,-4.578,-0.2018
-0.588,4.13,-3.305,-17.641,18.893,-4.578,-0.1808
0.701,4.13,-3.305,-17.641,18.893,-4.578,-0.0564
1.982,4.13,-3.305,-17.641,18.893,-4.578,0.071
4.503,4.13,-3.305,-17.641,18.893,-4.578,0.3919
9.193,4.13,-3.305,-17.641,18.893,-4.578,1.0566
9.967,4.13,-3.305,-17.641,18.893,-4.578,1.1703
11.284,4.13,-3.305,-17.641,18.893,-4.578,1.3672
12.416,4.13,-3.305,-17.641,18.893,-4.578,1.5385
-14.274,4.12,4.432,11.067,15.475,7.179,-1.9178
-11.857,4.12,4.432,11.067,15.475,7.179,-1.5297
-10.183,4.12,4.432,11.067,15.475,7.179,-1.2756
-9.615,4.12,4.432,11.067,15.475,7.179,-1.1911
-6.998,4.12,4.432,11.067,15.475,7.179,-0.8142
-4.236,4.12,4.432,11.067,15.475,7.179,-0.4485
-2.655,4.12,4.432,11.067,15.475,7.179,-0.2652
-0.94,4.12,4.432,11.067,15.475,7.179,-0.0849
0.776,4.12,4.432,11.067,15.475,7.179,0.0867
2.104,4.12,4.432,11.067,15.475,7.179,0.2279
5.156,4.12,4.432,11.067,15.475,7.179,0.6057
8.893,4.12,4.432,11.067,15.475,7.179,1.1282
12.933,4.12,4.432,11.067,15.475,7.179,1.7284
13.344,4.12,4.432,11.067,15.475,7.179,1.7931
-14.948,-5.47,-13.94,12.044,15.783,6.762,-1.9871
-13.66,-5.47,-13.94,12.044,15.783,6.762,-1.7762
-13.381,-5.47,-13.94,12.044,15.783,6.762,-1.7317
-13.062,-5.47,-13.94,12.044,15.783,6.762,-1.6814
-8.769,-5.47,-13.94,12.044,15.783,6.762,-1.0408
-7.694,-5.47,-13.94,12.044,15.783,6.762,-0.8908
-4.621,-5.47,-13.94,12.044,15.783,6.762,-0.4801
1.923,-5.47,-13.94,12.044,15.783,6.762,0.2135
2.819,-5.47,-13.94,12.044,15.783,6.762,0.3216
4.107,-5.47,-13.94,12.044,15.783,6.762,0.4824
4.719,-5.47,-13.94,12.044,15.783,6.762,0.5606
9.004,-5.47,-13.94,12.044,15.783,6.762,1.1435
9.024,-5.47,-13.94,12.044,15.783,6.762,1.1463
10.358,-5.47,-13.94,12.044,15.783,6.762,1.3378
-14.839,-11.0,-10.664,-13.606,14.859,19.798,-2.1025
-10.969,-11.0,-10.664,-13.606,14.859,19.798,-1.5068
-5.268,-11.0,-10.664,-13.606,14.859,19.798,-0.7803
-4.93,-11.0,-10.664,-13.606,14.859,19.798,-0.7429
-2.203,-11.0,-10.664,-13.606,14.859,19.798,-0.4727
-0.529,-11.0,-10.664,-13.606,14.859,19.798,-0.3263
-0.249,-11.0,-10.664,-13.606,14.859,19.798,-0.3016
4.311,-11.0,-10.664,-13.606,14.859,19.798,0.1526
5.012,-11.0,-10.664,-13.606,14.859,19.798,0.2396
5.174,-11.0,-10.664,-13.606,14.859,19.798,0.2601
7.733,-11.0,-10.664,-13.606,14.859,19.798,0.6052
10.956,-11.0,-10.664,-13.606,14.859,19.798,1.0929
12.511,-11.0,-10.664,-13.606,14.859,19.798,1.3453
12.941,-11.0,-10.664,-13.606,14.859,19.798,1.4165
-13.616,-9.26,5.724,4.623,12.867,-2.896,-1.7679
-13.414,-9.26,5.724,4.623,12.867,-2.896,-1.733
-13.258,-9.26,5.724,4.623,12.867,-2.896,-1.7062
-13.217,-9.26,5.724,4.623,12.867,-2.896,-1.6991
-12.524,-9.26,5.724,4.623,12.867,-2.896,-1.5811
-11.617,-9.26,5.724,4.623,12.867,-2.896,-1.4293
-10.939,-9.26,5.724,4.623,12.867,-2.896,-1.3195
-3.169,-9.26,5.724,4.623,12.867,-2.896,-0.2574
-2.533,-9.26,5.724,4.623,12.867,-2.896,-0.1888
-2.445,-9.26,5.724,4.623,12.867,-2.896,-0.1799
0.495,-9.26,5.724,4.623,12.867,-2.896,0.1082
3.007,-9.26,5.724,4.623,12.867,-2.896,0.3644
8.386,-9.26,5.724,4.623,12.867,-2.896,1.0703
12.74,-9.26,5.724,4.623,12.867,-2.896,1.7429
-14.269,3.53,11.707,-4.523,12.839,-0.516,-1.9621
-12.421,3.53,11.707,-4.523,12.839,-0.516,-1.6695
-6.873,3.53,11.707,-4.523,12.839,-0.516,-0.8522
0.065,3.53,11.707,-4.523,12.839,-0.516,-0.0263
4.083,3.53,11.707,-4.523,12.839,-0.516,0.4036
7.232,3.53,11.707,-4.523,12.839,-0.516,0.8379
7.796,3.53,11.707,-4.523,12.839,-0.516,0.9193
10.427,3.53,11.707,-4.523,12.839,-0.516,1.3076
10.875,3.53,11.707,-4.523,12.839,-0.516,1.376
11.768,3.53,11.707,-4.523,12.839,-0.516,1.5129
12.084,3.53,11.707,-4.523,12.839,-0.516,1.5616
12.21,3.53,11.707,-4.523,12.839,-0.516,1.5811
13.108,3.53,11.707,-4.523,12.839,-0.516,1.726
14.189,3.53,11.707,-4.523,12.839,-0.516,1.904
-14.725,12.36,8.062,1.053,13.068,6.337,-2.0501
-14.62,12.36,8.062,1.053,13.068,6.337,-2.0323
-13.809,12.36,8.062,1.053,13.068,6.337,-1.895
-13.573,12.36,8.062,1.053,13.068,6.337,-1.8551
-13.331,12.36,8.062,1.053,13.068,6.337,-1.8144
-9.978,12.36,8.062,1.053,13.068,6.337,-1.2629
-7.911,12.36,8.062,1.053,13.068,6.337,-0.9462
-4.668,12.36,8.062,1.053,13.068,6.337,-0.5073
-4.506,12.36,8.062,1.053,13.068,6.337,-0.4873
1.635,12.36,8.062,1.053,13.068,6.337,0.0952
1.821,12.36,8.062,1.053,13.068,6.337,0.1112
2.228,12.36,8.062,1.053,13.068,6.337,0.1465
6.491,12.36,8.062,1.053,13.068,6.337,0.6297
6.682,12.36,8.062,1.053,13.068,6.337,0.6556
-14.916,6.36,18.302,-14.657,18.823,12.229,-2.131
-6.535,6.36,18.302,-14.657,18.823,12.229,-0.9353
-6.115,6.36,18.302,-14.657,18.823,12.229,-0.8826
-3.737,6.36,18.302,-14.657,18.823,12.229,-0.5967
1.095,6.36,18.302,-14.657,18.823,12.229,-0.1062
3.535,6.36,18.302,-14.657,18.823,12.229,0.1666
5.038,6.36,18.302,-14.657,18.823,12.229,0.3547
5.311,6.36,18.302,-14.657,18.823,12.229,0.39
5.462,6.36,18.302,-14.657,18.823,12.229,0.4097
6.098,6.36,18.302,-14.657,18.823,12.229,0.4939
8.494,6.36,18.302,-14.657,18.823,12.229,0.8219
8.584,6.36,18.302,-14.657,18.823,12.229,0.8346
11.981,6.36,18.302,-14.657,18.823,12.229,1.3404
13.035,6.36,18.302,-14.657,18.823,12.229,1.5096
-11.505,-0.21,-3.418,8.142,-9.263,17.126,-1.4873
-10.092,-0.21,-3.418,8.142,-9.263,17.126,-1.2811
-6.904,-0.21,-3.418,8.142,-9.263,17.126,-0.8483
-4.395,-0.21,-3.418,8.142,-9.263,17.126,-0.5375
-2.651,-0.21,-3.418,8.142,-9.263,17.126,-0.3413
-2.531,-0.21,-3.418,8.142,-9.263,17.126,-0.3282
-2.111,-0.21,-3.418,8.142,-9.263,17.126,-0.283
0.092,-0.21,-3.418,8.142,-9.263,17.126,-0.0628
0.213,-0.21,-3.418,8.142,-9.263,17.126,-0.0515
0.677,-0.21,-3.418,8.142,-9.263,17.126,-0.0094
2.308,-0.21,-3.418,8.142,-9.263,17.126,0.1671
6.752,-0.21,-3.418,8.142,-9.263,17.126,0.7143
9.645,-0.21,-3.418,8.142,-9.263,17.126,1.1438
11.844,-0.21,-3.418,8.142,-9.263,17.126,1.4651
-13.96,9.12,-3.64,-3.615,-4.2,-11.271,-1.8149
-13.339,9.12,-3.64,-3.615,-4.2,-11.271,-1.7093
-7.965,9.12,-3.64,-3.615,-4.2,-11.271,-0.8777
-6.5,9.12,-3.64,-3.615,-4.2,-11.271,-0.6779
-2.069,9.12,-3.64,-3.615,-4.2,-11.271,-0.1393
-1.116,9.12,-3.64,-3.615,-4.2,-11.271,-0.0426
-0.443,9.12,-3.64,-3.615,-4.2,-11.271,0.0238
-0.294,9.12,-3.64,-3.615,-4.2,-11.271,0.0384
2.277,9.12,-3.64,-3.615,-4.2,-11.271,0.2896
5.542,9.12,-3.64,-3.615,-4.2,-11.271,0.6754
7.057,9.12,-3.64,-3.615,-4.2,-11.271,0.8768
10.049,9.12,-3.64,-3.615,-4.2,-11.271,1.3049
10.081,9.12,-3.64,-3.615,-4.2,-11.271,1.3097
11.35,9.12,-3.64,-3.615,-4.2,-11.271,1.502
-14.943,11.95,-10.509,-17.069,-1.926,-3.665,-2.0571
-14.111,11.95,-10.509,-17.069,-1.926,-3.665,-1.9163
-11.584,11.95,-10.509,-17.069,-1.926,-3.665,-1.501
-9.523,11.95,-10.509,-17.069,-1.926,-3.665,-1.1872
-3.169,11.95,-10.509,-17.069,-1.926,-3.665,-0.3942
-2.854,11.95,-10.509,-17.069,-1.926,-3.665,-0.3657
0.714,11.95,-10.509,-17.069,-1.926,-3.665,-0.0536
2.019,11.95,-10.509,-17.069,-1.926,-3.665,0.0668
3.251,11.95,-10.509,-17.069,-1.926,-3.665,0.1858
6.314,11.95,-10.509,-17.069,-1.926,-3.665,0.5637
11.108,11.95,-10.509,-17.069,-1.926,-3.665,1.2797
11.335,11.95,-10.509,-17.069,-1.926,-3.665,1.3166
11.623,11.95,-10.509,-17.069,-1.926,-3.665,1.3637
14.637,11.95,-10.509,-17.069,-1.926,-3.665,1.871
-14.611,-2.53,-6.818,-9.133,-19.762,13.628,-2.0714
-9.522,-2.53,-6.818,-9.133,-19.762,13.628,-1.3205
-8.298,-2.53,-6.818,-9.133,-19.762,13.628,-1.1509
-4.674,-2.53,-6.818,-9.133,-19.762,13.628,-0.6829
-2.885,-2.53,-6.818,-9.133,-19.762,13.628,-0.5179
-2.1,-2.53,-6.818,-9.133,-19.762,13.628,-0.4178
1.413,-2.53,-6.818,-9.133,-19.762,13.628,-0.0623
1.911,-2.53,-6.818,-9.133,-19.762,13.628,-0.021
2.356,-2.53,-6.818,-9.133,-19.762,13.628,0.0174
6.14,-2.53,-6.818,-9.133,-19.762,13.628,0.5436
6.989,-2.53,-6.818,-9.133,-19.762,13.628,0.6622
10.893,-2.53,-6.818,-9.133,-19.762,13.628,1.2325
11.402,-2.53,-6.818,-9.133,-19.762,13.628,1.3098
13.13,-2.53,-6.818,-9.133,-19.762,13.628,1.5782
-13.26,-11.09,12.007,13.662,-9.251,14.753,-1.6788
-13.118,-11.09,12.007,13.662,-9.251,14.753,-1.6556
-12.359,-11.09,12.007,13.662,-9.251,14.753,-1.534
-7.1,-11.09,12.007,13.662,-9.251,14.753,-0.7797
-4.887,-11.09,12.007,13.662,-9.251,14.753,-0.5052
-0.489,-11.09,12.007,13.662,-9.251,14.753,-0.056
1.359,-11.09,12.007,13.662,-9.251,14.753,0.1162
4.861,-11.09,12.007,13.662,-9.251,14.753,0.4947
5.358,-11.09,12.007,13.662,-9.251,14.753,0.5558
7.175,-11.09,12.007,13.662,-9.251,14.753,0.7915
9.191,-11.09,12.007,13.662,-9.251,14.753,1.073
9.973,-11.09,12.007,13.662,-9.251,14.753,1.1856
12.45,-11.09,12.007,13.662,-9.251,14.753,1.5631
12.727,-11.09,12.007,13.662,-9.251,14.753,1.607
-14.472,0.74,18.767,-17.453,-1.75,13.68,-2.0522
-12.05,0.74,18.767,-17.453,-1.75,13.68,-1.6878
-11.162,0.74,18.767,-17.453,-1.75,13.68,-1.5621
-9.077,0.74,18.767,-17.453,-1.75,13.68,-1.2756
-5.096,0.74,18.767,-17.453,-1.75,13.68,-0.762
-0.229,0.74,18.767,-17.453,-1.75,13.68,-0.2493
0.842,0.74,18.767,-17.453,-1.75,13.68,-0.1367
4.791,0.74,18.767,-17.453,-1.75,13.68,0.3106
5.953,0.74,18.767,-17.453,-1.75,13.68,0.4601
6.566,0.74,18.767,-17.453,-1.75,13.68,0.5421
8.405,0.74,18.767,-17.453,-1.75,13.68,0.8024
9.966,0.74,18.767,-17.453,-1.75,13.68,1.0262
13.919,0.74,18.767,-17.453,-1.75,13.68,1.6309
14.423,0.74,18.767,-17.453,-1.75,13.68,1.7136
-11.42,9.93,0.345,19.086,19.192,1.05,-1.3143
-6.914,9.93,0.345,19.086,19.192,1.05,-0.6439
-6.608,9.93,0.345,19.086,19.192,1.05,-0.6028
-5.465,9.93,0.345,19.086,19.192,1.05,-0.4516
-4.77,9.93,0.345,19.086,19.192,1.05,-0.3628
-3.978,9.93,0.345,19.086,19.192,1.05,-0.2653
-1.791,9.93,0.345,19.086,19.192,1.05,-0.0281
-1.571,9.93,0.345,19.086,19.192,1.05,-0.0062
-0.172,9.93,0.345,19.086,19.192,1.05,0.1291
1.756,9.93,0.345,19.086,19.192,1.05,0.3085
2.742,9.93,0.345,19.086,19.192,1.05,0.4014
9.293,9.93,0.345,19.086,19.192,1.05,1.2049
10.209,9.93,0.345,19.086,19.192,1.05,1.3367
13.571,9.93,0.345,19.086,19.192,1.05,1.8657
-12.118,-5.53,12.18,11.667,-0.189,-8.697,-1.4181
-10.481,-5.53,12.18,11.667,-0.189,-8.697,-1.1677
-4.609,-5.53,12.18,11.667,-0.189,-8.697,-0.3623
-3.877,-5.53,12.18,11.667,-0.189,-8.697,-0.2723
-2.57,-5.53,12.18,11.667,-0.189,-8.697,-0.1236
-0.898,-5.53,12.18,11.667,-0.189,-8.697,0.0592
0.49,-5.53,12.18,11.667,-0.189,-8.697,0.2034
0.59,-5.53,12.18,11.667,-0.189,-8.697,0.2134
2.56,-5.53,12.18,11.667,-0.189,-8.697,0.4131
4.643,-5.53,12.18,11.667,-0.189,-8.697,0.6703
4.981,-5.53,12.18,11.667,-0.189,-8.697,0.7141
7.594,-5.53,12.18,11.667,-0.189,-8.697,1.0633
7.778,-5.53,12.18,11.667,-0.189,-8.697,1.0881
8.116,-5.53,12.18,11.667,-0.189,-8.697,1.1334
-10.235,-7.9,14.229,-3.23,-15.665,-6.755,-1.2619
-9.276,-7.9,14.229,-3.23,-15.665,-6.755,-1.1185
-8.085,-7.9,14.229,-3.23,-15.665,-6.755,-0.9452
-8.007,-7.9,14.229,-3.23,-15.665,-6.755,-0.934
-4.255,-7.9,14.229,-3.23,-15.665,-6.755,-0.4354
-2.744,-7.9,14.229,-3.23,-15.665,-6.755,-0.2537
-1.726,-7.9,14.229,-3.23,-15.665,-6.755,-0.1437
1.235,-7.9,14.229,-3.23,-15.665,-6.755,0.1515
2.022,-7.9,14.229,-3.23,-15.665,-6.755,0.2318
5.749,-7.9,14.229,-3.23,-15.665,-6.755,0.6819
9.869,-7.9,14.229,-3.23,-15.665,-6.755,1.2579
9.904,-7.9,14.229,-3.23,-15.665,-6.755,1.263
11.577,-7.9,14.229,-3.23,-15.665,-6.755,1.5197
13.236,-7.9,14.229,-3.23,-15.665,-6.755,1.7829
-13.045,-14.53,14.359,18.634,5.697,13.656,-1.5831
-11.317,-14.53,14.359,18.634,5.697,13.656,-1.3077
-8.914,-14.53,14.359,18.634,5.697,13.656,-0.9458
-8.5,-14.53,14.359,18.634,5.697,13.656,-0.8856
-7.36,-14.53,14.359,18.634,5.697,13.656,-0.7229
-7.092,-14.53,14.359,18.634,5.697,13.656,-0.6856
-5.647,-14.53,14.359,18.634,5.697,13.656,-0.4935
-3.272,-14.53,14.359,18.634,5.697,13.656,-0.2307
0.452,-14.53,14.359,18.634,5.697,13.656,0.0771
0.464,-14.53,14.359,18.634,5.697,13.656,0.0781
1.848,-14.53,14.359,18.634,5.697,13.656,0.1971
5.743,-14.53,14.359,18.634,5.697,13.656,0.6099
6.229,-14.53,14.359,18.634,5.697,13.656,0.6725
9.657,-14.53,14.359,18.634,5.697,13.656,1.145
-13.373,4.45,12.415,-2.357,2.334,-1.21,-1.8142
-11.747,4.45,12.415,-2.357,2.334,-1.21,-1.5553
-9.033,4.45,12.415,-2.357,2.334,-1.21,-1.1497
-5.648,4.45,12.415,-2.357,2.334,-1.21,-0.663
-2.433,4.45,12.415,-2.357,2.334,-1.21,-0.2611
-0.818,4.45,12.415,-2.357,2.334,-1.21,-0.0901
-0.71,4.45,12.415,-2.357,2.334,-1.21,-0.0793
0.714,4.45,12.415,-2.357,2.334,-1.21,0.0618
1.913,4.45,12.415,-2.357,2.334,-1.21,0.1845
4.7,4.45,12.415,-2.357,2.334,-1.21,0.5138
8.131,4.45,12.415,-2.357,2.334,-1.21,0.9913
8.132,4.45,12.415,-2.357,2.334,-1.21,0.9914
8.943,4.45,12.415,-2.357,2.334,-1.21,1.1085
10.483,4.45,12.415,-2.357,2.334,-1.21,1.3386
-9.738,5.07,-6.722,6.037,-2.467,-16.187,-1.0507
-8.941,5.07,-6.722,6.037,-2.467,-16.187,-0.9356
-6.431,5.07,-6.722,6.037,-2.467,-16.187,-0.5868
-6.057,5.07,-6.722,6.037,-2.467,-16.187,-0.5368
-4.809,5.07,-6.722,6.037,-2.467,-16.187,-0.3749
-3.943,5.07,-6.722,6.037,-2.467,-16.187,-0.2703
-2.647,5.07,-6.722,6.037,-2.467,-16.187,-0.1311
-1.185,5.07,-6.722,6.037,-2.467,-16.187,0.036
-0.718,5.07,-6.722,6.037,-2.467,-16.187,0.0869
2.428,5.07,-6.722,6.037,-2.467,-16.187,0.4002
6.573,5.07,-6.722,6.037,-2.467,-16.187,0.9185
8.305,5.07,-6.722,6.037,-2.467,-16.187,1.1495
8.374,5.07,-6.722,6.037,-2.467,-16.187,1.1587
10.838,5.07,-6.722,6.037,-2.467,-16.187,1.4986
-14.867,7.85,-13.796,16.884,17.904,16.165,-1.9537
-14.612,7.85,-13.796,16.884,17.904,16.165,-1.9118
-14.531,7.85,-13.796,16.884,17.904,16.165,-1.8985
-14.249,7.85,-13.796,16.884,17.904,16.165,-1.8524
-9.263,7.85,-13.796,16.884,17.904,16.165,-1.1027
-8.468,7.85,-13.796,16.884,17.904,16.165,-0.9958
-4.821,7.85,-13.796,16.884,17.904,16.165,-0.5305
2.122,7.85,-13.796,16.884,17.904,16.165,0.2108
2.468,7.85,-13.796,16.884,17.904,16.165,0.2468
3.813,7.85,-13.796,16.884,17.904,16.165,0.4024
7.021,7.85,-13.796,16.884,17.904,16.165,0.7939
8.576,7.85,-13.796,16.884,17.904,16.165,0.9973
8.626,7.85,-13.796,16.884,17.904,16.165,1.004
10.935,7.85,-13.796,16.884,17.904,16.165,1.3234
-13.688,12.08,4.837,10.316,-7.006,12.039,-1.7903
-11.665,12.08,4.837,10.316,-7.006,12.039,-1.4653
-11.601,12.08,4.837,10.316,-7.006,12.039,-1.4553
-8.208,12.08,4.837,10.316,-7.006,12.039,-0.9477
-7.989,12.08,4.837,10.316,-7.006,12.039,-0.9169
-7.728,12.08,4.837,10.316,-7.006,12.039,-0.8805
-6.645,12.08,4.837,10.316,-7.006,12.039,-0.7348
-5.76,12.08,4.837,10.316,-7.006,12.039,-0.6207
-2.796,12.08,4.837,10.316,-7.006,12.039,-0.281
-1.595,12.08,4.837,10.316,-7.006,12.039,-0.1656
1.62,12.08,4.837,10.316,-7.006,12.039,0.1296
5.643,12.08,4.837,10.316,-7.006,12.039,0.5632
6.057,12.08,4.837,10.316,-7.006,12.039,0.617
10.386,12.08,4.837,10.316,-7.006,12.039,1.2327
-12.557,5.05,-2.935,-7.016,-8.478,-7.483,-1.6556
-10.511,5.05,-2.935,-7.016,-8.478,-7.483,-1.3418
-8.326,5.05,-2.935,-7.016,-8.478,-7.483,-1.0206
-8.205,5.05,-2.935,-7.016,-8.478,-7.483,-1.0034
-7.529,5.05,-2.935,-7.016,-8.478,-7.483,-0.9076
-6.767,5.05,-2.935,-7.016,-8.478,-7.483,-0.8006
-5.763,5.05,-2.935,-7.016,-8.478,-7.483,-0.6633
-5.198,5.05,-2.935,-7.016,-8.478,-7.483,-0.5885
1.439,5.05,-2.935,-7.016,-8.478,-7.483,0.1129
2.736,5.05,-2.935,-7.016,-8.478,-7.483,0.2709
4.371,5.05,-2.935,-7.016,-8.478,-7.483,0.4817
5.892,5.05,-2.935,-7.016,-8.478,-7.483,0.6844
10.179,5.05,-2.935,-7.016,-8.478,-7.483,1.3002
11.453,5.05,-2.935,-7.016,-8.478,-7.483,1.4929
-14.672,7.95,-14.972,4.633,13.112,-7.594,-1.9179
-7.341,7.95,-14.972,4.633,13.112,-7.594,-0.7617
-3.798,7.95,-14.972,4.633,13.112,-7.594,-0.308
-2.172,7.95,-14.972,4.633,13.112,-7.594,-0.1215
-0.937,7.95,-14.972,4.633,13.112,-7.594,0.0049
0.719,7.95,-14.972,4.633,13.112,-7.594,0.1691
0.914,7.95,-14.972,4.633,13.112,-7.594,0.1884
4.72,7.95,-14.972,4.633,13.112,-7.594,0.6254
5.78,7.95,-14.972,4.633,13.112,-7.594,0.7617
6.352,7.95,-14.972,4.633,13.112,-7.594,0.8375
7.909,7.95,-14.972,4.633,13.112,-7.594,1.0503
10.317,7.95,-14.972,4.633,13.112,-7.594,1.3953
10.37,7.95,-14.972,4.633,13.112,-7.594,1.4033
13.372,7.95,-14.972,4.633,13.112,-7.594,1.8645
-13.75,-7.74,-14.792,-2.905,-1.697,3.317,-1.9049
-12.384,-7.74,-14.792,-2.905,-1.697,3.317,-1.6815
-12.359,-7.74,-14.792,-2.905,-1.697,3.317,-1.6775
-12.166,-7.74,-14.792,-2.905,-1.697,3.317,-1.6469
-10.916,-7.74,-14.792,-2.905,-1.697,3.317,-1.451
-7.79,-7.74,-14.792,-2.905,-1.697,3.317,-0.9933
-2.599,-7.74,-14.792,-2.905,-1.697,3.317,-0.3223
-0.367,-7.74,-14.792,-2.905,-1.697,3.317,-0.0882
2.614,-7.74,-14.792,-2.905,-1.697,3.317,0.2114
4.052,-7.74,-14.792,-2.905,-1.697,3.317,0.3807
5.264,-7.74,-14.792,-2.905,-1.697,3.317,0.5323
7.599,-7.74,-14.792,-2.905,-1.697,3.317,0.847
9.696,-7.74,-14.792,-2.905,-1.697,3.317,1.1536
10.824,-7.74,-14.792,-2.905,-1.697,3.317,1.3276
-12.627,-9.11,17.799,-13.141,5.62,-9.041,-1.6198
-8.538,-9.11,17.799,-13.141,5.62,-9.041,-1.0204
-6.727,-9.11,17.799,-13.141,5.62,-9.041,-0.7881
-6.328,-9.11,17.799,-13.141,5.62,-9.041,-0.7384
-2.27,-9.11,17.799,-13.141,5.62,-9.041,-0.2655
-0.221,-9.11,17.799,-13.141,5.62,-9.041,-0.0585
5.582,-9.11,17.799,-13.141,5.62,-9.041,0.5839
6.357,-9.11,17.799,-13.141,5.62,-9.041,0.6852
7.503,-9.11,17.799,-13.141,5.62,-9.041,0.8392
7.69,-9.11,17.799,-13.141,5.62,-9.041,0.8645
7.782,-9.11,17.799,-13.141,5.62,-9.041,0.8769
8.276,-9.11,17.799,-13.141,5.62,-9.041,0.9434
11.117,-9.11,17.799,-13.141,5.62,-9.041,1.3481
14.371,-9.11,17.799,-13.141,5.62,-9.041,1.8574
-13.942,-4.8,-15.407,-9.629,17.884,4.581,-1.9536
-13.888,-4.8,-15.407,-9.629,17.884,4.581,-1.9453
-12.279,-4.8,-15.407,-9.629,17.884,4.581,-1.7012
-12.122,-4.8,-15.407,-9.629,17.884,4.581,-1.6776
-12.007,-4.8,-15.407,-9.629,17.884,4.581,-1.6603
-11.392,-4.8,-15.407,-9.629,17.884,4.581,-1.5713
-8.197,-4.8,-15.407,-9.629,17.884,4.581,-1.1244
-6.917,-4.8,-15.407,-9.629,17.884,4.581,-0.9493
-6.257,-4.8,-15.407,-9.629,17.884,4.581,-0.8608
2.64,-4.8,-15.407,-9.629,17.884,4.581,0.1118
4.675,-4.8,-15.407,-9.629,17.884,4.581,0.3935
5.391,-4.8,-15.407,-9.629,17.884,4.581,0.4918
8.234,-4.8,-15.407,-9.629,17.884,4.581,0.8934
11.365,-4.8,-15.407,-9.629,17.884,4.581,1.3652
-10.394,14.8,15.537,11.863,6.012,3.811,-1.1678
-9.786,14.8,15.537,11.863,6.012,3.811,-1.07
-8.582,14.8,15.537,11.863,6.012,3.811,-0.883
-8.156,14.8,15.537,11.863,6.012,3.811,-0.8194
-6.52,14.8,15.537,11.863,6.012,3.811,-0.5884
-1.909,14.8,15.537,11.863,6.012,3.811,-0.0845
-1.896,14.8,15.537,11.863,6.012,3.811,-0.0834
0.393,14.8,15.537,11.863,6.012,3.811,0.1059
1.181,14.8,15.537,11.863,6.012,3.811,0.1689
3.116,14.8,15.537,11.863,6.012,3.811,0.3304
8.155,14.8,15.537,11.863,6.012,3.811,0.9492
8.318,14.8,15.537,11.863,6.012,3.811,0.9732
11.057,14.8,15.537,11.863,6.012,3.811,1.3935
12.393,14.8,15.537,11.863,6.012,3.811,1.609
-12.435,1.23,-0.314,12.131,-2.357,-9.19,-1.4736
-11.1,1.23,-0.314,12.131,-2.357,-9.19,-1.2691
-9.533,1.23,-0.314,12.131,-2.357,-9.19,-1.037
-8.891,1.23,-0.314,12.131,-2.357,-9.19,-0.9445
-7.183,1.23,-0.314,12.131,-2.357,-9.19,-0.705
-4.285,1.23,-0.314,12.131,-2.357,-9.19,-0.3224
-3.725,1.23,-0.314,12.131,-2.357,-9.19,-0.2565
-0.363,1.23,-0.314,12.131,-2.357,-9.19,0.1299
0.78,1.23,-0.314,12.131,-2.357,-9.19,0.2436
1.209,1.23,-0.314,12.131,-2.357,-9.19,0.2851
4.071,1.23,-0.314,12.131,-2.357,-9.19,0.5985
4.646,1.23,-0.314,12.131,-2.357,-9.19,0.6696
6.855,1.23,-0.314,12.131,-2.357,-9.19,0.951
10.43,1.23,-0.314,12.131,-2.357,-9.19,1.4455
-13.952,-14.41,3.189,-11.314,17.954,-10.594,-1.7961
-13.9,-14.41,3.189,-11.314,17.954,-10.594,-1.7875
-11.509,-14.41,3.189,-11.314,17.954,-10.594,-1.4025
-1.696,-14.41,3.189,-11.314,17.954,-10.594,-0.1463
-0.712,-14.41,3.189,-11.314,17.954,-10.594,-0.0617
-0.207,-14.41,3.189,-11.314,17.954,-10.594,-0.0199
-0.084,-14.41,3.189,-11.314,17.954,-10.594,-0.0099
2.007,-14.41,3.189,-11.314,17.954,-10.594,0.1604
2.048,-14.41,3.189,-11.314,17.954,-10.594,0.1638
5.655,-14.41,3.189,-11.314,17.954,-10.594,0.5352
8.974,-14.41,3.189,-11.314,17.954,-10.594,0.9909
10.34,-14.41,3.189,-11.314,17.954,-10.594,1.1929
10.365,-14.41,3.189,-11.314,17.954,-10.594,1.1966
10.911,-14.41,3.189,-11.314,17.954,-10.594,1.2798
-9.016,-8.16,18.826,-17.218,7.563,-1.712,-1.1518
-6.964,-8.16,18.826,-17.218,7.563,-1.712,-0.8785
-4.928,-8.16,18.826,-17.218,7.563,-1.712,-0.6319
-2.105,-8.16,18.826,-17.218,7.563,-1.712,-0.3297
-1.244,-8.16,18.826,-17.218,7.563,-1.712,-0.2476
-1.125,-8.16,18.826,-17.218,7.563,-1.712,-0.2363
0.176,-8.16,18.826,-17.218,7.563,-1.712,-0.1115
1.069,-8.16,18.826,-17.218,7.563,-1.712,-0.0247
1.708,-8.16,18.826,-17.218,7.563,-1.712,0.0393
1.903,-8.16,18.826,-17.218,7.563,-1.712,0.0593
4.025,-8.16,18.826,-17.218,7.563,-1.712,0.3052
6.355,-8.16,18.826,-17.218,7.563,-1.712,0.6071
8.009,-8.16,18.826,-17.218,7.563,-1.712,0.8374
11.372,-8.16,18.826,-17.218,7.563,-1.712,1.338
-13.419,-7.01,-0.379,9.191,-2.997,-2.13,-1.7098
-12.456,-7.01,-0.379,9.191,-2.997,-2.13,-1.5494
-12.025,-7.01,-0.379,9.191,-2.997,-2.13,-1.4796
-8.521,-7.01,-0.379,9.191,-2.997,-2.13,-0.9492
-6.472,-7.01,-0.379,9.191,-2.997,-2.13,-0.6656
-3.336,-7.01,-0.379,9.191,-2.997,-2.13,-0.2667
0.494,-7.01,-0.379,9.191,-2.997,-2.13,0.1366
1.341,-7.01,-0.379,9.191,-2.997,-2.13,0.2214
3.268,-7.01,-0.379,9.191,-2.997,-2.13,0.4344
3.821,-7.01,-0.379,9.191,-2.997,-2.13,0.502
7.463,-7.01,-0.379,9.191,-2.997,-2.13,0.9812
8.368,-7.01,-0.379,9.191,-2.997,-2.13,1.1079
10.673,-7.01,-0.379,9.191,-2.997,-2.13,1.4382
12.107,-7.01,-0.379,9.191,-2.997,-2.13,1.6553
-13.716,11.0,13.555,-3.232,16.205,19.253,-1.9241
-12.004,11.0,13.555,-3.232,16.205,19.253,-1.6644
-11.318,11.0,13.555,-3.232,16.205,19.253,-1.5635
-10.462,11.0,13.555,-3.232,16.205,19.253,-1.439
-10.29,11.0,13.555,-3.232,16.205,19.253,-1.4142
-6.572,11.0,13.555,-3.232,16.205,19.253,-0.9092
-1.867,11.0,13.555,-3.232,16.205,19.253,-0.3745
-0.743,11.0,13.555,-3.232,16.205,19.253,-0.2663
-0.399,11.0,13.555,-3.232,16.205,19.253,-0.2339
0.838,11.0,13.555,-3.232,16.205,19.253,-0.1191
1.329,11.0,13.555,-3.232,16.205,19.253,-0.0736
1.957,11.0,13.555,-3.232,16.205,19.253,-0.0149
4.53,11.0,13.555,-3.232,16.205,19.253,0.26
8.505,11.0,13.555,-3.232,16.205,19.253,0.7895
-11.92,11.75,-16.918,-18.231,4.816,-15.326,-1.4542
-11.28,11.75,-16.918,-18.231,4.816,-15.326,-1.3548
-9.976,11.75,-16.918,-18.231,4.816,-15.326,-1.16
-7.849,11.75,-16.918,-18.231,4.816,-15.326,-0.8639
-7.675,11.75,-16.918,-18.231,4.816,-15.326,-0.841
-7.207,11.75,-16.918,-18.231,4.816,-15.326,-0.7801
-4.554,11.75,-16.918,-18.231,4.816,-15.326,-0.458
-4.032,11.75,-16.918,-18.231,4.816,-15.326,-0.3995
-1.244,11.75,-16.918,-18.231,4.816,-15.326,-0.1362
0.589,11.75,-16.918,-18.231,4.816,-15.326,0.0269
8.277,11.75,-16.918,-18.231,4.816,-15.326,0.9221
9.559,11.75,-16.918,-18.231,4.816,-15.326,1.1057
11.818,11.75,-16.918,-18.231,4.816,-15.326,1.4443
13.192,11.75,-16.918,-18.231,4.816,-15.326,1.6598
-9.407,-11.56,-16.426,9.283,-5.905,-0.42,-1.0394
-7.526,-11.56,-16.426,9.283,-5.905,-0.42,-0.764
-7.01,-11.56,-16.426,9.283,-5.905,-0.42,-0.6918
-6.767,-11.56,-16.426,9.283,-5.905,-0.42,-0.6582
-5.819,-11.56,-16.426,9.283,-5.905,-0.42,-0.5299
-4.568,-11.56,-16.426,9.283,-5.905,-0.42,-0.3716
-4.511,-11.56,-16.426,9.283,-5.905,-0.42,-0.3646
0.22,-11.56,-16.426,9.283,-5.905,-0.42,0.108
2.426,-11.56,-16.426,9.283,-5.905,-0.42,0.3065
3.621,-11.56,-16.426,9.283,-5.905,-0.42,0.4257
5.857,-11.56,-16.426,9.283,-5.905,-0.42,0.6951
9.026,-11.56,-16.426,9.283,-5.905,-0.42,1.139
9.594,-11.56,-16.426,9.283,-5.905,-0.42,1.224
10.071,-11.56,-16.426,9.283,-5.905,-0.42,1.2962
-14.197,4.04,14.975,19.105,14.43,3.445,-1.8174
-11.614,4.04,14.975,19.105,14.43,3.445,-1.4066
-11.512,4.04,14.975,19.105,14.43,3.445,-1.3912
-11.056,4.04,14.975,19.105,14.43,3.445,-1.3225
-9.181,4.04,14.975,19.105,14.43,3.445,-1.0445
-8.075,4.04,14.975,19.105,14.43,3.445,-0.8853
-5.34,4.04,14.975,19.105,14.43,3.445,-0.5043
-5.312,4.04,14.975,19.105,14.43,3.445,-0.5006
-4.613,4.04,14.975,19.105,14.43,3.445,-0.4106
-2.569,4.04,14.975,19.105,14.43,3.445,-0.1724
1.122,4.04,14.975,19.105,14.43,3.445,0.2009
2.258,4.04,14.975,19.105,14.43,3.445,0.3168
4.846,4.04,14.975,19.105,14.43,3.445,0.6291
5.429,4.04,14.975,19.105,14.43,3.445,0.7029
-13.307,12.86,0.553,1.164,8.135,5.483,-1.7954
-12.773,12.86,0.553,1.164,8.135,5.483,-1.705
-10.54,12.86,0.553,1.164,8.135,5.483,-1.3348
-6.26,12.86,0.553,1.164,8.135,5.483,-0.6915
-5.445,12.86,0.553,1.164,8.135,5.483,-0.5836
1.28,12.86,0.553,1.164,8.135,5.483,0.0716
2.872,12.86,0.553,1.164,8.135,5.483,0.2102
4.077,12.86,0.553,1.164,8.135,5.483,0.3304
5.249,12.86,0.553,1.164,8.135,5.483,0.4691
5.912,12.86,0.553,1.164,8.135,5.483,0.5543
8.821,12.86,0.553,1.164,8.135,5.483,0.9696
10.454,12.86,0.553,1.164,8.135,5.483,1.2276
11.087,12.86,0.553,1.164,8.135,5.483,1.3315
13.426,12.86,0.553,1.164,8.135,5.483,1.7309
-13.564,-6.47,-2.456,2.617,7.747,-17.756,-1.6588
-9.974,-6.47,-2.456,2.617,7.747,-17.756,-1.0996
-8.256,-6.47,-2.456,2.617,7.747,-17.756,-0.8525
-8.198,-6.47,-2.456,2.617,7.747,-17.756,-0.8444
-6.649,-6.47,-2.456,2.617,7.747,-17.756,-0.6329
-0.578,-6.47,-2.456,2.617,7.747,-17.756,0.0586
1.243,-6.47,-2.456,2.617,7.747,-17.756,0.2446
2.214,-6.47,-2.456,2.617,7.747,-17.756,0.3497
2.434,-6.47,-2.456,2.617,7.747,-17.756,0.3751
2.712,-6.47,-2.456,2.617,7.747,-17.756,0.4074
5.736,-6.47,-2.456,2.617,7.747,-17.756,0.774
7.443,-6.47,-2.456,2.617,7.747,-17.756,0.9951
10.029,-6.47,-2.456,2.617,7.747,-17.756,1.3529
10.966,-6.47,-2.456,2.617,7.747,-17.756,1.4878
-12.915,-11.82,15.946,8.69,4.061,-15.987,-1.468
-9.367,-11.82,15.946,8.69,4.061,-15.987,-0.8925
-7.401,-11.82,15.946,8.69,4.061,-15.987,-0.606
-5.242,-11.82,15.946,8.69,4.061,-15.987,-0.3184
-3.924,-11.82,15.946,8.69,4.061,-15.987,-0.1606
2.208,-11.82,15.946,8.69,4.061,-15.987,0.4054
2.321,-11.82,15.946,8.69,4.061,-15.987,0.4154
2.349,-11.82,15.946,8.69,4.061,-15.987,0.4179
5.141,-11.82,15.946,8.69,4.061,-15.987,0.701
9.125,-11.82,15.946,8.69,4.061,-15.987,1.2157
11.041,-11.82,15.946,8.69,4.061,-15.987,1.5013
13.8,-11.82,15.946,8.69,4.061,-15.987,1.9366
14.101,-11.82,15.946,8.69,4.061,-15.987,1.9845
14.356,-11.82,15.946,8.69,4.061,-15.987,2.0252
-13.27,5.2,2.351,15.799,5.387,-17.092,-1.505
-11.937,5.2,2.351,15.799,5.387,-17.092,-1.2947
-11.745,5.2,2.351,15.799,5.387,-17.092,-1.2651
-8.325,5.2,2.351,15.799,5.387,-17.092,-0.7701
-6.655,5.2,2.351,15.799,5.387,-17.092,-0.5394
-5.282,5.2,2.351,15.799,5.387,-17.092,-0.3529
-4.031,5.2,2.351,15.799,5.387,-17.092,-0.1913
-3.28,5.2,2.351,15.799,5.387,-17.092,-0.0994
7.216,5.2,2.351,15.799,5.387,-17.092,1.0271
8.794,5.2,2.351,15.799,5.387,-17.092,1.2247
8.826,5.2,2.351,15.799,5.387,-17.092,1.2289
11.588,5.2,2.351,15.799,5.387,-17.092,1.6034
11.865,5.2,2.351,15.799,5.387,-17.092,1.6436
13.841,5.2,2.351,15.799,5.387,-17.092,1.9445
-13.22,-12.79,12.205,-6.973,10.775,6.562,-1.8221
-12.283,-12.79,12.205,-6.973,10.775,6.562,-1.6725
-11.226,-12.79,12.205,-6.973,10.775,6.562,-1.5053
-10.83,-12.79,12.205,-6.973,10.775,6.562,-1.443
-9.028,-12.79,12.205,-6.973,10.775,6.562,-1.1651
-3.784,-12.79,12.205,-6.973,10.775,6.562,-0.4631
0.212,-12.79,12.205,-6.973,10.775,6.562,-0.0973
0.837,-12.79,12.205,-6.973,10.775,6.562,-0.0435
1.925,-12.79,12.205,-6.973,10.775,6.562,0.0522
2.006,-12.79,12.205,-6.973,10.775,6.562,0.0595
4.627,-12.79,12.205,-6.973,10.775,6.562,0.3269
5.291,-12.79,12.205,-6.973,10.775,6.562,0.4096
7.582,-12.79,12.205,-6.973,10.775,6.562,0.7188
14.159,-12.79,12.205,-6.973,10.775,6.562,1.7842
-12.619,-0.2,-7.668,-17.24,9.354,13.941,-1.7624
-11.624,-0.2,-7.668,-17.24,9.354,13.941,-1.6205
-10.719,-0.2,-7.668,-17.24,9.354,13.941,-1.4938
-9.739,-0.2,-7.668,-17.24,9.354,13.941,-1.3601
-4.868,-0.2,-7.668,-17.24,9.354,13.941,-0.7619
2.086,-0.2,-7.668,-17.24,9.354,13.941,-0.0155
3.239,-0.2,-7.668,-17.24,9.354,13.941,0.1179
5.369,-0.2,-7.668,-17.24,9.354,13.941,0.3614
5.483,-0.2,-7.668,-17.24,9.354,13.941,0.3778
6.132,-0.2,-7.668,-17.24,9.354,13.941,0.4763
7.933,-0.2,-7.668,-17.24,9.354,13.941,0.7351
8.354,-0.2,-7.668,-17.24,9.354,13.941,0.796
9.321,-0.2,-7.668,-17.24,9.354,13.941,0.9364
9.809,-0.2,-7.668,-17.24,9.354,13.941,1.007
-10.902,-3.8,-9.859,-14.294,-11.163,2.301,-1.5114
-10.146,-3.8,-9.859,-14.294,-11.163,2.301,-1.4032
-6.975,-3.8,-9.859,-14.294,-11.163,2.301,-0.9639
-6.033,-3.8,-9.859,-14.294,-11.163,2.301,-0.8353
-3.857,-3.8,-9.859,-14.294,-11.163,2.301,-0.5585
-3.76,-3.8,-9.859,-14.294,-11.163,2.301,-0.5469
-1.026,-3.8,-9.859,-14.294,-11.163,2.301,-0.2451
0.553,-3.8,-9.859,-14.294,-11.163,2.301,-0.0824
1.266,-3.8,-9.859,-14.294,-11.163,2.301,-0.0107
1.6,-3.8,-9.859,-14.294,-11.163,2.301,0.0238
4.667,-3.8,-9.859,-14.294,-11.163,2.301,0.3906
5.297,-3.8,-9.859,-14.294,-11.163,2.301,0.4716
7.736,-3.8,-9.859,-14.294,-11.163,2.301,0.8072
8.179,-3.8,-9.859,-14.294,-11.163,2.301,0.8704
-14.711,-7.5,-10.709,8.655,14.991,3.973,-1.9721
-12.694,-7.5,-10.709,8.655,14.991,3.973,-1.6336
-5.793,-7.5,-10.709,8.655,14.991,3.973,-0.6254
-2.018,-7.5,-10.709,8.655,14.991,3.973,-0.169
-1.911,-7.5,-10.709,8.655,14.991,3.973,-0.1578
2.42,-7.5,-10.709,8.655,14.991,3.973,0.2835
2.658,-7.5,-10.709,8.655,14.991,3.973,0.3105
4.293,-7.5,-10.709,8.655,14.991,3.973,0.5068
6.776,-7.5,-10.709,8.655,14.991,3.973,0.8316
7.729,-7.5,-10.709,8.655,14.991,3.973,0.9639
7.79,-7.5,-10.709,8.655,14.991,3.973,0.9724
11.081,-7.5,-10.709,8.655,14.991,3.973,1.4578
11.686,-7.5,-10.709,8.655,14.991,3.973,1.5517
14.688,-7.5,-10.709,8.655,14.991,3.973,2.0342
-14.31,3.79,13.168,16.259,-18.921,1.257,-1.8307
-11.407,3.79,13.168,16.259,-18.921,1.257,-1.376
-10.561,3.79,13.168,16.259,-18.921,1.257,-1.2519
-8.904,3.79,13.168,16.259,-18.921,1.257,-1.016
-8.162,3.79,13.168,16.259,-18.921,1.257,-0.913
-7.926,3.79,13.168,16.259,-18.921,1.257,-0.8805
-4.186,3.79,13.168,16.259,-18.921,1.257,-0.4184
-4.088,3.79,13.168,16.259,-18.921,1.257,-0.4007
-1.977,3.79,13.168,16.259,-18.921,1.257,-0.1163
-0.542,3.79,13.168,16.259,-18.921,1.257,0.0373
-0.145,3.79,13.168,16.259,-18.921,1.257,0.0789
4.794,3.79,13.168,16.259,-18.921,1.257,0.5599
6.965,3.79,13.168,16.259,-18.921,1.257,0.8833
8.432,3.79,13.168,16.259,-18.921,1.257,1.0962
-12.794,-13.84,-3.458,2.823,-15.848,-3.676,-1.6019
-9.102,-13.84,-3.458,2.823,-15.848,-3.676,-0.9932
-8.711,-13.84,-3.458,2.823,-15.848,-3.676,-0.9332
-4.756,-13.84,-3.458,2.823,-15.848,-3.676,-0.3883
-4.751,-13.84,-3.458,2.823,-15.848,-3.676,-0.3877
-4.423,-13.84,-3.458,2.823,-15.848,-3.676,-0.3493
-2.249,-13.84,-3.458,2.823,-15.848,-3.676,-0.1366
-0.987,-13.84,-3.458,2.823,-15.848,-3.676,-0.0278
0.829,-13.84,-3.458,2.823,-15.848,-3.676,0.1205
5.113,-13.84,-3.458,2.823,-15.848,-3.676,0.5349
8.501,-13.84,-3.458,2.823,-15.848,-3.676,1.0119
10.961,-13.84,-3.458,2.823,-15.848,-3.676,1.3998
11.842,-13.84,-3.458,2.823,-15.848,-3.676,1.545
12.762,-13.84,-3.458,2.823,-15.848,-3.676,1.6994
-14.795,-3.22,5.189,1.734,6.709,-2.614,-2.0141
-13.84,-3.22,5.189,1.734,6.709,-2.614,-1.8531
-9.976,-3.22,5.189,1.734,6.709,-2.614,-1.2436
-7.19,-3.22,5.189,1.734,6.709,-2.614,-0.833
-1.867,-3.22,5.189,1.734,6.709,-2.614,-0.1637
0.306,-3.22,5.189,1.734,6.709,-2.614,0.0599
1.403,-3.22,5.189,1.734,6.709,-2.614,0.1716
2.064,-3.22,5.189,1.734,6.709,-2.614,0.2425
3.021,-3.22,5.189,1.734,6.709,-2.614,0.346
3.387,-3.22,5.189,1.734,6.709,-2.614,0.3863
8.4,-3.22,5.189,1.734,6.709,-2.614,1.0771
8.729,-3.22,5.189,1.734,6.709,-2.614,1.1257
10.156,-3.22,5.189,1.734,6.709,-2.614,1.3383
10.422,-3.22,5.189,1.734,6.709,-2.614,1.3785
-14.795,0.93,14.097,5.256,-16.15,-19.161,-1.8373
-13.712,0.93,14.097,5.256,-16.15,-19.161,-1.6581
-13.13,0.93,14.097,5.256,-16.15,-19.161,-1.5636
-10.046,0.93,14.097,5.256,-16.15,-19.161,-1.0921
-10.003,0.93,14.097,5.256,-16.15,-19.161,-1.0858
-6.755,0.93,14.097,5.256,-16.15,-19.161,-0.6231
-2.545,0.93,14.097,5.256,-16.15,-19.161,-0.0827
4.902,0.93,14.097,5.256,-16.15,-19.161,0.6635
5.04,0.93,14.097,5.256,-16.15,-19.161,0.6735
7.981,0.93,14.097,5.256,-16.15,-19.161,1.083
8.463,0.93,14.097,5.256,-16.15,-19.161,1.1529
11.627,0.93,14.097,5.256,-16.15,-19.161,1.614
11.689,0.93,14.097,5.256,-16.15,-19.161,1.6231
11.696,0.93,14.097,5.256,-16.15,-19.161,1.6241
-14.675,8.95,-16.046,-3.594,1.724,-10.052,-1.9542
-14.149,8.95,-16.046,-3.594,1.724,-10.052,-1.8634
-12.278,8.95,-16.046,-3.594,1.724,-10.052,-1.5466
-8.647,8.95,-16.046,-3.594,1.724,-10.052,-0.9852
-8.6,8.95,-16.046,-3.594,1.724,-10.052,-0.9785
-8.199,8.95,-16.046,-3.594,1.724,-10.052,-0.922
-4.494,8.95,-16.046,-3.594,1.724,-10.052,-0.4302
-3.606,8.95,-16.046,-3.594,1.724,-10.052,-0.3222
1.855,8.95,-16.046,-3.594,1.724,-10.052,0.2361
2.988,8.95,-16.046,-3.594,1.724,-10.052,0.3563
3.365,8.95,-16.046,-3.594,1.724,-10.052,0.3996
12.47,8.95,-16.046,-3.594,1.724,-10.052,1.6803
13.159,8.95,-16.046,-3.594,1.724,-10.052,1.791
14.169,8.95,-16.046,-3.594,1.724,-10.052,1.9546
-14.158,-9.69,-1.058,14.963,-16.509,-5.422,-1.7484
-11.306,-9.69,-1.058,14.963,-16.509,-5.422,-1.2721
-8.909,-9.69,-1.058,14.963,-16.509,-5.422,-0.9003
-7.472,-9.69,-1.058,14.963,-16.509,-5.422,-0.6942
-7.068,-9.69,-1.058,14.963,-16.509,-5.422,-0.6387
-5.082,-9.69,-1.058,14.963,-16.509,-5.422,-0.375
-4.984,-9.69,-1.058,14.963,-16.509,-5.422,-0.3625
-3.665,-9.69,-1.058,14.963,-16.509,-5.422,-0.2033
-3.057,-9.69,-1.058,14.963,-16.509,-5.422,-0.1329
3.402,-9.69,-1.058,14.963,-16.509,-5.422,0.5039
8.001,-9.69,-1.058,14.963,-16.509,-5.422,1.065
10.254,-9.69,-1.058,14.963,-16.509,-5.422,1.3798
10.976,-9.69,-1.058,14.963,-16.509,-5.422,1.4854
11.218,-9.69,-1.058,14.963,-16.509,-5.422,1.5214
-14.471,-12.03,-9.936,-0.263,-19.076,-19.41,-1.7993
-14.416,-12.03,-9.936,-0.263,-19.076,-19.41,-1.7898
-10.743,-12.03,-9.936,-0.263,-19.076,-19.41,-1.1736
-9.279,-12.03,-9.936,-0.263,-19.076,-19.41,-0.9438
-7.371,-12.03,-9.936,-0.263,-19.076,-19.41,-0.6647
-7.064,-12.03,-9.936,-0.263,-19.076,-19.41,-0.6221
-6.001,-12.03,-9.936,-0.263,-19.076,-19.41,-0.4792
-4.395,-12.03,-9.936,-0.263,-19.076,-19.41,-0.2764
-1.862,-12.03,-9.936,-0.263,-19.076,-19.41,-0.0142
-0.685,-12.03,-9.936,-0.263,-19.076,-19.41,0.0955
-0.092,-12.03,-9.936,-0.263,-19.076,-19.41,0.1491
2.194,-12.03,-9.936,-0.263,-19.076,-19.41,0.348
5.497,-12.03,-9.936,-0.263,-19.076,-19.41,0.6914
8.691,-12.03,-9.936,-0.263,-19.076,-19.41,1.1065
-14.471,9.03,5.567,11.407,-12.823,-13.897,-1.745
-11.557,9.03,5.567,11.407,-12.823,-13.897,-1.2595
-11.002,9.03,5.567,11.407,-12.823,-13.897,-1.173
-10.037,9.03,5.567,11.407,-12.823,-13.897,-1.0269
-9.312,9.03,5.567,11.407,-12.823,-13.897,-0.9199
-9.035,9.03,5.567,11.407,-12.823,-13.897,-0.8799
-7.943,9.03,5.567,11.407,-12.823,-13.897,-0.7298
-6.958,9.03,5.567,11.407,-12.823,-13.897,-0.597
-4.954,9.03,5.567,11.407,-12.823,-13.897,-0.3379
-4.097,9.03,5.567,11.407,-12.823,-13.897,-0.2319
0.899,9.03,5.567,11.407,-12.823,-13.897,0.3013
2.683,9.03,5.567,11.407,-12.823,-13.897,0.4765
3.787,9.03,5.567,11.407,-12.823,-13.897,0.5993
5.26,9.03,5.567,11.407,-12.823,-13.897,0.7744
-10.796,-9.16,-3.447,-19.534,-5.428,19.674,-1.4977
-9.862,-9.16,-3.447,-19.534,-5.428,19.674,-1.366
-7.397,-9.16,-3.447,-19.534,-5.428,19.674,-1.0516
-6.318,-9.16,-3.447,-19.534,-5.428,19.674,-0.9252
-6.124,-9.16,-3.447,-19.534,-5.428,19.674,-0.9033
-5.891,-9.16,-3.447,-19.534,-5.428,19.674,-0.8773
-5.019,-9.16,-3.447,-19.534,-5.428,19.674,-0.7835
-4.362,-9.16,-3.447,-19.534,-5.428,19.674,-0.7154
-3.029,-9.16,-3.447,-19.534,-5.428,19.674,-0.584
0.912,-9.16,-3.447,-19.534,-5.428,19.674,-0.2316
4.416,-9.16,-3.447,-19.534,-5.428,19.674,0.1455
6.807,-9.16,-3.447,-19.534,-5.428,19.674,0.4547
7.164,-9.16,-3.447,-19.534,-5.428,19.674,0.5036
12.352,-9.16,-3.447,-19.534,-5.428,19.674,1.2815
-14.987,-5.4,-4.546,-1.514,19.303,-10.731,-1.9869
-14.28,-5.4,-4.546,-1.514,19.303,-10.731,-1.8678
-11.491,-5.4,-4.546,-1.514,19.303,-10.731,-1.4184
-7.505,-5.4,-4.546,-1.514,19.303,-10.731,-0.8489
-7.243,-5.4,-4.546,-1.514,19.303,-10.731,-0.8135
-5.274,-5.4,-4.546,-1.514,19.303,-10.731,-0.553
-2.245,-5.4,-4.546,-1.514,19.303,-10.731,-0.2331
-2.1,-5.4,-4.546,-1.514,19.303,-10.731,-0.2207
-0.934,-5.4,-4.546,-1.514,19.303,-10.731,-0.0999
-0.033,-5.4,-4.546,-1.514,19.303,-10.731,0.0054
1.396,-5.4,-4.546,-1.514,19.303,-10.731,0.1529
6.906,-5.4,-4.546,-1.514,19.303,-10.731,0.8752
8.363,-5.4,-4.546,-1.514,19.303,-10.731,1.078
11.482,-5.4,-4.546,-1.514,19.303,-10.731,1.5279
-13.819,-6.64,7.205,-15.769,-19.67,12.269,-1.9431
-11.955,-6.64,7.205,-15.769,-19.67,12.269,-1.6614
-10.25,-6.64,7.205,-15.769,-19.67,12.269,-1.4261
-5.893,-6.64,7.205,-15.769,-19.67,12.269,-0.8795
-3.631,-6.64,7.205,-15.769,-19.67,12.269,-0.6094
-2.829,-6.64,7.205,-15.769,-19.67,12.269,-0.5181
0.814,-6.64,7.205,-15.769,-19.67,12.269,-0.1507
0.818,-6.64,7.205,-15.769,-19.67,12.269,-0.1503
1.021,-6.64,7.205,-15.769,-19.67,12.269,-0.1295
2.243,-6.64,7.205,-15.769,-19.67,12.269,0.0011
3.145,-6.64,7.205,-15.769,-19.67,12.269,0.1093
3.235,-6.64,7.205,-15.769,-19.67,12.269,0.1204
3.399,-6.64,7.205,-15.769,-19.67,12.269,0.1407
9.981,-6.64,7.205,-15.769,-19.67,12.269,1.0307
-14.527,6.01,17.789,-18.153,2.009,-3.784,-1.994
-10.973,6.01,17.789,-18.153,2.009,-3.784,-1.4288
-9.161,6.01,17.789,-18.153,2.009,-3.784,-1.1682
-6.111,6.01,17.789,-18.153,2.009,-3.784,-0.7641
-5.557,6.01,17.789,-18.153,2.009,-3.784,-0.6952
-3.91,6.01,17.789,-18.153,2.009,-3.784,-0.5012
-1.654,6.01,17.789,-18.153,2.009,-3.784,-0.267
6.499,6.01,17.789,-18.153,2.009,-3.784,0.6555
6.79,6.01,17.789,-18.153,2.009,-3.784,0.6954
7.87,6.01,17.789,-18.153,2.009,-3.784,0.8454
9.169,6.01,17.789,-18.153,2.009,-3.784,1.0308
10.782,6.01,17.789,-18.153,2.009,-3.784,1.2676
12.184,6.01,17.789,-18.153,2.009,-3.784,1.4824
14.096,6.01,17.789,-18.153,2.009,-3.784,1.7872
-14.601,-8.87,9.72,-6.236,-2.832,17.693,-2.0658
-13.934,-8.87,9.72,-6.236,-2.832,17.693,-1.9602
-13.199,-8.87,9.72,-6.236,-2.832,17.693,-1.8451
-12.011,-8.87,9.72,-6.236,-2.832,17.693,-1.6621
-11.494,-8.87,9.72,-6.236,-2.832,17.693,-1.5843
-11.164,-8.87,9.72,-6.236,-2.832,17.693,-1.5351
-11.115,-8.87,9.72,-6.236,-2.832,17.693,-1.5279
-8.077,-8.87,9.72,-6.236,-2.832,17.693,-1.105
-5.076,-8.87,9.72,-6.236,-2.832,17.693,-0.732
2.839,-8.87,9.72,-6.236,-2.832,17.693,0.0932
4.232,-8.87,9.72,-6.236,-2.832,17.693,0.2588
7.87,-8.87,9.72,-6.236,-2.832,17.693,0.7357
10.768,-8.87,9.72,-6.236,-2.832,17.693,1.1598
12.332,-8.87,9.72,-6.236,-2.832,17.693,1.4086
-14.645,-1.0,18.186,13.396,3.85,12.544,-1.9592
-9.554,-1.0,18.186,13.396,3.85,12.544,-1.1977
-7.903,-1.0,18.186,13.396,3.85,12.544,-0.9638
-7.668,-1.0,18.186,13.396,3.85,12.544,-0.9307
-6.269,-1.0,18.186,13.396,3.85,12.544,-0.7391
-5.008,-1.0,18.186,13.396,3.85,12.544,-0.5784
-3.223,-1.0,18.186,13.396,3.85,12.544,-0.3634
3.46,-1.0,18.186,13.396,3.85,12.544,0.3559
3.994,-1.0,18.186,13.396,3.85,12.544,0.4192
6.387,-1.0,18.186,13.396,3.85,12.544,0.7326
6.895,-1.0,18.186,13.396,3.85,12.544,0.8031
9.065,-1.0,18.186,13.396,3.85,12.544,1.114
11.019,-1.0,18.186,13.396,3.85,12.544,1.397
12.304,-1.0,18.186,13.396,3.85,12.544,1.5885
-14.556,-5.27,-0.954,-10.02,12.321,-15.346,-1.8927
-13.403,-5.27,-0.954,-10.02,12.321,-15.346,-1.7104
-12.536,-5.27,-0.954,-10.02,12.321,-15.346,-1.5772
-11.691,-5.27,-0.954,-10.02,12.321,-15.346,-1.4505
-11.269,-5.27,-0.954,-10.02,12.321,-15.346,-1.3907
-10.535,-5.27,-0.954,-10.02,12.321,-15.346,-1.2884
-9.201,-5.27,-0.954,-10.02,12.321,-15.346,-1.1054
-7.32,-5.27,-0.954,-10.02,12.321,-15.346,-0.8552
0.213,-5.27,-0.954,-10.02,12.321,-15.346,0.026
1.038,-5.27,-0.954,-10.02,12.321,-15.346,0.1102
6.628,-5.27,-0.954,-10.02,12.321,-15.346,0.7813
11.204,-5.27,-0.954,-10.02,12.321,-15.346,1.417
12.429,-5.27,-0.954,-10.02,12.321,-15.346,1.6029
12.668,-5.27,-0.954,-10.02,12.321,-15.346,1.6403
-12.978,12.47,-17.349,10.637,-18.48,-16.156,-1.4468
-12.837,12.47,-17.349,10.637,-18.48,-16.156,-1.4229
-7.652,12.47,-17.349,10.637,-18.48,-16.156,-0.6144
-6.594,12.47,-17.349,10.637,-18.48,-16.156,-0.4678
-6.027,12.47,-17.349,10.637,-18.48,-16.156,-0.3919
-0.785,12.47,-17.349,10.637,-18.48,-16.156,0.1708
1.187,12.47,-17.349,10.637,-18.48,-16.156,0.3407
2.327,12.47,-17.349,10.637,-18.48,-16.156,0.4406
3.825,12.47,-17.349,10.637,-18.48,-16.156,0.5842
7.362,12.47,-17.349,10.637,-18.48,-16.156,1.007
7.689,12.47,-17.349,10.637,-18.48,-16.156,1.0496
8.442,12.47,-17.349,10.637,-18.48,-16.156,1.1507
8.825,12.47,-17.349,10.637,-18.48,-16.156,1.2034
12.666,12.47,-17.349,10.637,-18.48,-16.156,1.7576
-14.555,-11.7,10.446,16.175,16.391,11.037,-1.8847
-14.173,-11.7,10.446,16.175,16.391,11.037,-1.8209
-13.437,-11.7,10.446,16.175,16.391,11.037,-1.6992
-10.396,-11.7,10.446,16.175,16.391,11.037,-1.2185
-10.297,-11.7,10.446,16.175,16.391,11.037,-1.2033
-9.966,-11.7,10.446,16.175,16.391,11.037,-1.1525
-6.895,-11.7,10.446,16.175,16.391,11.037,-0.7093
-4.033,-11.7,10.446,16.175,16.391,11.037,-0.3449
-3.116,-11.7,10.446,16.175,16.391,11.037,-0.244
-2.207,-11.7,10.446,16.175,16.391,11.037,-0.157
0.858,-11.7,10.446,16.175,16.391,11.037,0.1241
3.65,-11.7,10.446,16.175,16.391,11.037,0.3952
7.901,-11.7,10.446,16.175,16.391,11.037,0.9335
13.361,-11.7,10.446,16.175,16.391,11.037,1.7672
-12.714,6.72,3.599,-6.465,-9.965,-14.702,-1.6038
-12.465,6.72,3.599,-6.465,-9.965,-14.702,-1.5647
-10.609,6.72,3.599,-6.465,-9.965,-14.702,-1.2797
-10.091,6.72,3.599,-6.465,-9.965,-14.702,-1.2044
-9.736,6.72,3.599,-6.465,-9.965,-14.702,-1.1532
-3.659,6.72,3.599,-6.465,-9.965,-14.702,-0.3323
0.251,6.72,3.599,-6.465,-9.965,-14.702,0.0909
2.284,6.72,3.599,-6.465,-9.965,-14.702,0.2944
6.479,6.72,3.599,-6.465,-9.965,-14.702,0.8076
6.915,6.72,3.599,-6.465,-9.965,-14.702,0.8645
9.184,6.72,3.599,-6.465,-9.965,-14.702,1.1726
9.252,6.72,3.599,-6.465,-9.965,-14.702,1.1822
11.18,6.72,3.599,-6.465,-9.965,-14.702,1.46
13.298,6.72,3.599,-6.465,-9.965,-14.702,1.7883
