ALPHA,BETA,DEFL_1_1,DEFL_1_2,DEFL_1_3,DEFL_1_4,CY
-14.974,-3.35,15.921,-3.662,7.202,-1.704,0.297
-10.485,-3.35,15.921,-3.662,7.202,-1.704,0.308
-8.861,-3.35,15.921,-3.662,7.202,-1.704,0.2569
-5.75,-3.35,15.921,-3.662,7.202,-1.704,0.2919
-2.185,-3.35,15.921,-3.662,7.202,-1.704,0.3906
1.03,-3.35,15.921,-3.662,7.202,-1.704,0.4248
1.527,-3.35,15.921,-3.662,7.202,-1.704,0.4157
2.278,-3.35,15.921,-3.662,7.202,-1.704,0.3957
3.259,-3.35,15.921,-3.662,7.202,-1.704,0.3727
4.902,-3.35,15.921,-3.662,7.202,-1.704,0.3388
6.409,-3.35,15.921,-3.662,7.202,-1.704,0.2973
7.044,-3.35,15.921,-3.662,7.202,-1.704,0.2757
10.638,-3.35,15.921,-3.662,7.202,-1.704,0.2788
13.398,-3.35,15.921,-3.662,7.202,-1.704,0.3396
-14.974,-3.35,15.921,-3.662,7.202,-1.704,0.297
-10.485,-3.35,15.921,-3.662,7.202,-1.704,0.308
-8.861,-3.35,15.921,-3.662,7.202,-1.704,0.2569
-5.75,-3.35,15.921,-3.662,7.202,-1.704,0.2919
-2.185,-3.35,15.921,-3.662,7.202,-1.704,0.3906
1.03,-3.35,15.921,-3.662,7.202,-1.704,0.4248
1.527,-3.35,15.921,-3.662,7.202,-1.704,0.4157
2.278,-3.35,15.921,-3.662,7.202,-1.704,0.3957
3.259,-3.35,15.921,-3.662,7.202,-1.704,0.3727
4.902,-3.35,15.921,-3.662,7.202,-1.704,0.3388
6.409,-3.35,15.921,-3.662,7.202,-1.704,0.2973
7.044,-3.35,15.921,-3.662,7.202,-1.704,0.2757
10.638,-3.35,15.921,-3.662,7.202,-1.704,0.2788
13.398,-3.35,15.921,-3.662,7.202,-1.704,0.3396
-14.015,-2.73,-6.255,-2.897,-14.703,1.506,0.0219
-12.125,-2.73,-6.255,-2.897,-14.703,1.506,0.0689
-10.768,-2.73,-6.255,-2.897,-14.703,1.506,0.1237
-8.771,-2.73,-6.255,-2.897,-14.703,1.506,0.2358
-7.487,-2.73,-6.255,-2.897,-14.703,1.506,0.2692
-6.581,-2.73,-6.255,-2.897,-14.703,1.506,0.2241
-6.537,-2.73,-6.255,-2.897,-14.703,1.506,0.2223
-6.319,-2.73,-6.255,-2.897,-14.703,1.506,0.2138
-1.936,-2.73,-6.255,-2.897,-14.703,1.506,0.134
-1.933,-2.73,-6.255,-2.897,-14.703,1.506,0.1339
5.286,-2.73,-6.255,-2.897,-14.703,1.506,0.1802
6.288,-2.73,-6.255,-2.897,-14.703,1.506,0.1985
10.475,-2.73,-6.255,-2.897,-14.703,1.506,0.156
11.189,-2.73,-6.255,-2.897,-14.703,1.506,0.1356
-14.35,0.63,3.286,-10.896,7.617,-14.52,0.0032
-12.337,0.63,3.286,-10.896,7.617,-14.52,-0.0956
-11.654,0.63,3.286,-10.896,7.617,-14.52,-0.1213
-10.186,0.63,3.286,-10.896,7.617,-14.52,-0.0875
-6.93,0.63,3.286,-10.896,7.617,-14.52,-0.0678
-4.059,0.63,3.286,-10.896,7.617,-14.52,0.0053
-2.114,0.63,3.286,-10.896,7.617,-14.52,0.0951
-1.953,0.63,3.286,-10.896,7.617,-14.52,0.0925
-1.597,0.63,3.286,-10.896,7.617,-14.52,0.074
1.81,0.63,3.286,-10.896,7.617,-14.52,0.0662
4.651,0.63,3.286,-10.896,7.617,-14.52,0.0121
7.409,0.63,3.286,-10.896,7.617,-14.52,-0.0439
8.518,0.63,3.286,-10.896,7.617,-14.52,-0.0664
13.281,0.63,3.286,-10.896,7.617,-14.52,0.0001
-14.832,-14.19,-18.112,-6.04,-8.528,14.188,1.8362
-11.57,-14.19,-18.112,-6.04,-8.528,14.188,1.8946
-11.241,-14.19,-18.112,-6.04,-8.528,14.188,1.9004
-8.857,-14.19,-18.112,-6.04,-8.528,14.188,1.9436
-8.745,-14.19,-18.112,-6.04,-8.528,14.188,1.9457
-6.99,-14.19,-18.112,-6.04,-8.528,14.188,1.9785
-6.18,-14.19,-18.112,-6.04,-8.528,14.188,1.9934
-5.419,-14.19,-18.112,-6.04,-8.528,14.188,2.007
-5.027,-14.19,-18.112,-6.04,-8.528,14.188,2.0139
-4.531,-14.19,-18.112,-6.04,-8.528,14.188,2.0217
-2.798,-14.19,-18.112,-6.04,-8.528,14.188,2.0426
-1.436,-14.19,-18.112,-6.04,-8.528,14.188,2.0537
8.581,-14.19,-18.112,-6.04,-8.528,14.188,2.0162
10.717,-14.19,-18.112,-6.04,-8.528,14.188,1.9925
-12.979,10.66,5.675,9.35,-18.812,6.279,-1.5346
-9.904,10.66,5.675,9.35,-18.812,6.279,-1.5903
-4.618,10.66,5.675,9.35,-18.812,6.279,-1.4437
-2.99,10.66,5.675,9.35,-18.812,6.279,-1.3996
-1.828,10.66,5.675,9.35,-18.812,6.279,-1.3759
-0.617,10.66,5.675,9.35,-18.812,6.279,-1.3622
-0.262,10.66,5.675,9.35,-18.812,6.279,-1.3603
2.444,10.66,5.675,9.35,-18.812,6.279,-1.3749
3.855,10.66,5.675,9.35,-18.812,6.279,-1.3995
6.82,10.66,5.675,9.35,-18.812,6.279,-1.4752
8.402,10.66,5.675,9.35,-18.812,6.279,-1.5239
10.474,10.66,5.675,9.35,-18.812,6.279,-1.5674
11.211,10.66,5.675,9.35,-18.812,6.279,-1.5636
12.704,10.66,5.675,9.35,-18.812,6.279,-1.5338
-14.913,8.17,7.106,4.909,13.016,-9.838,-0.7645
-13.593,8.17,7.106,4.909,13.016,-9.838,-0.8042
-13.179,8.17,7.106,4.909,13.016,-9.838,-0.8178
-10.271,8.17,7.106,4.909,13.016,-9.838,-0.901
-9.099,8.17,7.106,4.909,13.016,-9.838,-0.9269
-3.683,8.17,7.106,4.909,13.016,-9.838,-0.9347
-3.079,8.17,7.106,4.909,13.016,-9.838,-0.933
0.843,8.17,7.106,4.909,13.016,-9.838,-0.9281
2.576,8.17,7.106,4.909,13.016,-9.838,-0.935
3.018,8.17,7.106,4.909,13.016,-9.838,-0.9374
6.506,8.17,7.106,4.909,13.016,-9.838,-0.9394
7.105,8.17,7.106,4.909,13.016,-9.838,-0.9337
7.631,8.17,7.106,4.909,13.016,-9.838,-0.9278
11.813,8.17,7.106,4.909,13.016,-9.838,-0.8526
-14.464,-9.04,11.02,-6.519,-7.344,10.893,0.8601
-11.56,-9.04,11.02,-6.519,-7.344,10.893,0.9214
-10.346,-9.04,11.02,-6.519,-7.344,10.893,0.9547
-8.434,-9.04,11.02,-6.519,-7.344,10.893,0.9848
-7.746,-9.04,11.02,-6.519,-7.344,10.893,0.9919
-4.661,-9.04,11.02,-6.519,-7.344,10.893,0.9896
-1.476,-9.04,11.02,-6.519,-7.344,10.893,0.9587
-0.476,-9.04,11.02,-6.519,-7.344,10.893,0.9569
-0.315,-9.04,11.02,-6.519,-7.344,10.893,0.9569
0.416,-9.04,11.02,-6.519,-7.344,10.893,0.957
2.106,-9.04,11.02,-6.519,-7.344,10.893,0.9557
5.051,-9.04,11.02,-6.519,-7.344,10.893,0.9461
8.262,-9.04,11.02,-6.519,-7.344,10.893,0.9525
8.557,-9.04,11.02,-6.519,-7.344,10.893,0.952
-10.457,0.22,18.768,-0.143,-0.124,16.002,-0.1099
-9.347,0.22,18.768,-0.143,-0.124,16.002,-0.0743
-7.976,0.22,18.768,-0.143,-0.124,16.002,-0.064
-4.655,0.22,18.768,-0.143,-0.124,16.002,-0.064
0.194,0.22,18.768,-0.143,-0.124,16.002,-0.1617
0.458,0.22,18.768,-0.143,-0.124,16.002,-0.1493
1.222,0.22,18.768,-0.143,-0.124,16.002,-0.1276
3.651,0.22,18.768,-0.143,-0.124,16.002,-0.0628
4.569,0.22,18.768,-0.143,-0.124,16.002,-0.0674
4.803,0.22,18.768,-0.143,-0.124,16.002,-0.0697
5.488,0.22,18.768,-0.143,-0.124,16.002,-0.0767
5.695,0.22,18.768,-0.143,-0.124,16.002,-0.0786
9.909,0.22,18.768,-0.143,-0.124,16.002,-0.0813
9.969,0.22,18.768,-0.143,-0.124,16.002,-0.083
-14.92,1.11,-5.672,-0.201,-16.505,-14.913,-0.3524
-11.99,1.11,-5.672,-0.201,-16.505,-14.913,-0.3779
-10.69,1.11,-5.672,-0.201,-16.505,-14.913,-0.316
-10.19,1.11,-5.672,-0.201,-16.505,-14.913,-0.2929
-9.44,1.11,-5.672,-0.201,-16.505,-14.913,-0.2483
-4.08,1.11,-5.672,-0.201,-16.505,-14.913,-0.2376
-3.61,1.11,-5.672,-0.201,-16.505,-14.913,-0.2434
-2.87,1.11,-5.672,-0.201,-16.505,-14.913,-0.2568
-2.81,1.11,-5.672,-0.201,-16.505,-14.913,-0.258
6.67,1.11,-5.672,-0.201,-16.505,-14.913,-0.2152
9.99,1.11,-5.672,-0.201,-16.505,-14.913,-0.2294
11.43,1.11,-5.672,-0.201,-16.505,-14.913,-0.2817
12.69,1.11,-5.672,-0.201,-16.505,-14.913,-0.3277
12.7,1.11,-5.672,-0.201,-16.505,-14.913,-0.3281
-5.731,-5.73,4.443,-11.809,-2.109,-8.451,0.5243
-5.362,-5.73,4.443,-11.809,-2.109,-8.451,0.528
-5.216,-5.73,4.443,-11.809,-2.109,-8.451,0.5293
-5.142,-5.73,4.443,-11.809,-2.109,-8.451,0.5299
-4.776,-5.73,4.443,-11.809,-2.109,-8.451,0.5328
-3.67,-5.73,4.443,-11.809,-2.109,-8.451,0.5414
-2.939,-5.73,4.443,-11.809,-2.109,-8.451,0.5474
-2.316,-5.73,4.443,-11.809,-2.109,-8.451,0.5528
-1.145,-5.73,4.443,-11.809,-2.109,-8.451,0.5616
2.27,-5.73,4.443,-11.809,-2.109,-8.451,0.5679
4.278,-5.73,4.443,-11.809,-2.109,-8.451,0.5616
6.814,-5.73,4.443,-11.809,-2.109,-8.451,0.5505
7.173,-5.73,4.443,-11.809,-2.109,-8.451,0.5482
8.888,-5.73,4.443,-11.809,-2.109,-8.451,0.5315
-11.229,13.37,-10.582,-9.232,7.026,-12.613,-1.7199
-11.134,13.37,-10.582,-9.232,7.026,-12.613,-1.7219
-8.777,13.37,-10.582,-9.232,7.026,-12.613,-1.768
-8.113,13.37,-10.582,-9.232,7.026,-12.613,-1.7806
-6.783,13.37,-10.582,-9.232,7.026,-12.613,-1.8064
-5.662,13.37,-10.582,-9.232,7.026,-12.613,-1.8299
-2.638,13.37,-10.582,-9.232,7.026,-12.613,-1.8964
-1.666,13.37,-10.582,-9.232,7.026,-12.613,-1.9005
0.644,13.37,-10.582,-9.232,7.026,-12.613,-1.8787
3.581,13.37,-10.582,-9.232,7.026,-12.613,-1.8744
4.786,13.37,-10.582,-9.232,7.026,-12.613,-1.8768
6.331,13.37,-10.582,-9.232,7.026,-12.613,-1.8537
9.37,13.37,-10.582,-9.232,7.026,-12.613,-1.7774
10.762,13.37,-10.582,-9.232,7.026,-12.613,-1.7453
-13.462,-6.25,16.286,-17.615,5.102,0.859,0.6703
-13.037,-6.25,16.286,-17.615,5.102,0.859,0.6925
-12.795,-6.25,16.286,-17.615,5.102,0.859,0.7072
-11.357,-6.25,16.286,-17.615,5.102,0.859,0.8098
-3.168,-6.25,16.286,-17.615,5.102,0.859,0.5778
-3.058,-6.25,16.286,-17.615,5.102,0.859,0.5808
-2.02,-6.25,16.286,-17.615,5.102,0.859,0.6038
-0.226,-6.25,16.286,-17.615,5.102,0.859,0.6233
0.667,-6.25,16.286,-17.615,5.102,0.859,0.6242
1.356,-6.25,16.286,-17.615,5.102,0.859,0.6211
1.707,-6.25,16.286,-17.615,5.102,0.859,0.6185
8.679,-6.25,16.286,-17.615,5.102,0.859,0.6026
9.135,-6.25,16.286,-17.615,5.102,0.859,0.6153
14.3,-6.25,16.286,-17.615,5.102,0.859,0.6243
-14.487,-10.24,-15.409,15.444,-14.52,4.696,1.1267
-12.529,-10.24,-15.409,15.444,-14.52,4.696,1.1586
-5.501,-10.24,-15.409,15.444,-14.52,4.696,1.2922
-5.083,-10.24,-15.409,15.444,-14.52,4.696,1.2964
-3.096,-10.24,-15.409,15.444,-14.52,4.696,1.3089
-0.012,-10.24,-15.409,15.444,-14.52,4.696,1.2963
1.246,-10.24,-15.409,15.444,-14.52,4.696,1.2895
3.207,-10.24,-15.409,15.444,-14.52,4.696,1.2936
3.382,-10.24,-15.409,15.444,-14.52,4.696,1.293
5.86,-10.24,-15.409,15.444,-14.52,4.696,1.2714
5.882,-10.24,-15.409,15.444,-14.52,4.696,1.2712
9.272,-10.24,-15.409,15.444,-14.52,4.696,1.223
12.106,-10.24,-15.409,15.444,-14.52,4.696,1.19
12.86,-10.24,-15.409,15.444,-14.52,4.696,1.1838
-14.537,-12.1,-14.239,19.053,-4.9,-2.874,1.5898
-12.498,-12.1,-14.239,19.053,-4.9,-2.874,1.6368
-10.567,-12.1,-14.239,19.053,-4.9,-2.874,1.6857
-7.977,-12.1,-14.239,19.053,-4.9,-2.874,1.7712
-6.45,-12.1,-14.239,19.053,-4.9,-2.874,1.7951
-6.086,-12.1,-14.239,19.053,-4.9,-2.874,1.7897
-4.755,-12.1,-14.239,19.053,-4.9,-2.874,1.7655
-1.9,-12.1,-14.239,19.053,-4.9,-2.874,1.723
-0.396,-12.1,-14.239,19.053,-4.9,-2.874,1.7106
5.296,-12.1,-14.239,19.053,-4.9,-2.874,1.6891
6.763,-12.1,-14.239,19.053,-4.9,-2.874,1.6924
9.376,-12.1,-14.239,19.053,-4.9,-2.874,1.7
11.717,-12.1,-14.239,19.053,-4.9,-2.874,1.6841
14.237,-12.1,-14.239,19.053,-4.9,-2.874,1.6373
-14.945,-10.52,-8.995,-12.327,-7.338,8.024,1.2324
-14.677,-10.52,-8.995,-12.327,-7.338,8.024,1.2375
-12.385,-10.52,-8.995,-12.327,-7.338,8.024,1.2809
-11.308,-10.52,-8.995,-12.327,-7.338,8.024,1.297
-7.024,-10.52,-8.995,-12.327,-7.338,8.024,1.309
-3.421,-10.52,-8.995,-12.327,-7.338,8.024,1.2622
-1.772,-10.52,-8.995,-12.327,-7.338,8.024,1.2349
-1.491,-10.52,-8.995,-12.327,-7.338,8.024,1.2322
0.483,-10.52,-8.995,-12.327,-7.338,8.024,1.235
4.657,-10.52,-8.995,-12.327,-7.338,8.024,1.1944
7.594,-10.52,-8.995,-12.327,-7.338,8.024,1.3074
10.666,-10.52,-8.995,-12.327,-7.338,8.024,1.3739
11.75,-10.52,-8.995,-12.327,-7.338,8.024,1.3983
12.737,-10.52,-8.995,-12.327,-7.338,8.024,1.3524
-11.029,-2.17,-8.576,8.673,11.365,-1.332,0.4159
-10.619,-2.17,-8.576,8.673,11.365,-1.332,0.401
-8.709,-2.17,-8.576,8.673,11.365,-1.332,0.3187
-7.835,-2.17,-8.576,8.673,11.365,-1.332,0.3233
-4.45,-2.17,-8.576,8.673,11.365,-1.332,0.3563
0.015,-2.17,-8.576,8.673,11.365,-1.332,0.4003
0.918,-2.17,-8.576,8.673,11.365,-1.332,0.3932
1.004,-2.17,-8.576,8.673,11.365,-1.332,0.392
3.056,-2.17,-8.576,8.673,11.365,-1.332,0.3306
5.009,-2.17,-8.576,8.673,11.365,-1.332,0.351
5.127,-2.17,-8.576,8.673,11.365,-1.332,0.3529
5.593,-2.17,-8.576,8.673,11.365,-1.332,0.3593
6.515,-2.17,-8.576,8.673,11.365,-1.332,0.367
7.473,-2.17,-8.576,8.673,11.365,-1.332,0.3646
-8.499,5.3,18.951,8.73,-0.482,6.793,-0.5743
-6.76,5.3,18.951,8.73,-0.482,6.793,-0.6221
-6.189,5.3,18.951,8.73,-0.482,6.793,-0.6234
-5.82,5.3,18.951,8.73,-0.482,6.793,-0.6238
2.022,5.3,18.951,8.73,-0.482,6.793,-0.6355
4.345,5.3,18.951,8.73,-0.482,6.793,-0.649
4.658,5.3,18.951,8.73,-0.482,6.793,-0.6516
4.712,5.3,18.951,8.73,-0.482,6.793,-0.6521
4.822,5.3,18.951,8.73,-0.482,6.793,-0.653
9.33,5.3,18.951,8.73,-0.482,6.793,-0.647
9.354,5.3,18.951,8.73,-0.482,6.793,-0.6463
9.663,5.3,18.951,8.73,-0.482,6.793,-0.6381
13.235,5.3,18.951,8.73,-0.482,6.793,-0.6231
14.016,5.3,18.951,8.73,-0.482,6.793,-0.6457
-9.083,-13.09,1.303,11.661,-17.266,18.126,1.5906
-8.141,-13.09,1.303,11.661,-17.266,18.126,1.6005
-6.05,-13.09,1.303,11.661,-17.266,18.126,1.6187
-1.517,-13.09,1.303,11.661,-17.266,18.126,1.6736
0.928,-13.09,1.303,11.661,-17.266,18.126,1.6855
2.684,-13.09,1.303,11.661,-17.266,18.126,1.7036
6.064,-13.09,1.303,11.661,-17.266,18.126,1.649
7.371,-13.09,1.303,11.661,-17.266,18.126,1.6356
7.794,-13.09,1.303,11.661,-17.266,18.126,1.6324
8.499,-13.09,1.303,11.661,-17.266,18.126,1.6277
9.573,-13.09,1.303,11.661,-17.266,18.126,1.6198
10.905,-13.09,1.303,11.661,-17.266,18.126,1.6062
12.225,-13.09,1.303,11.661,-17.266,18.126,1.5896
12.744,-13.09,1.303,11.661,-17.266,18.126,1.5825
-13.933,-11.11,-11.626,19.77,-7.98,9.523,1.3821
-12.458,-11.11,-11.626,19.77,-7.98,9.523,1.4165
-11.162,-11.11,-11.626,19.77,-7.98,9.523,1.4482
-10.119,-11.11,-11.626,19.77,-7.98,9.523,1.4756
-3.708,-11.11,-11.626,19.77,-7.98,9.523,1.5431
-2.962,-11.11,-11.626,19.77,-7.98,9.523,1.5379
-2.503,-11.11,-11.626,19.77,-7.98,9.523,1.5343
-1.47,-11.11,-11.626,19.77,-7.98,9.523,1.5255
-1.396,-11.11,-11.626,19.77,-7.98,9.523,1.5249
-0.219,-11.11,-11.626,19.77,-7.98,9.523,1.515
1.106,-11.11,-11.626,19.77,-7.98,9.523,1.5042
5.655,-11.11,-11.626,19.77,-7.98,9.523,1.4766
6.275,-11.11,-11.626,19.77,-7.98,9.523,1.4723
6.955,-11.11,-11.626,19.77,-7.98,9.523,1.4687
-12.439,-10.1,-5.712,6.248,1.05,18.233,1.3713
-11.714,-10.1,-5.712,6.248,1.05,18.233,1.3976
-11.386,-10.1,-5.712,6.248,1.05,18.233,1.4105
-10.968,-10.1,-5.712,6.248,1.05,18.233,1.4279
-6.353,-10.1,-5.712,6.248,1.05,18.233,1.5049
-4.166,-10.1,-5.712,6.248,1.05,18.233,1.4801
-2.698,-10.1,-5.712,6.248,1.05,18.233,1.4642
0.54,-10.1,-5.712,6.248,1.05,18.233,1.4386
3.248,-10.1,-5.712,6.248,1.05,18.233,1.4573
3.527,-10.1,-5.712,6.248,1.05,18.233,1.4606
5.645,-10.1,-5.712,6.248,1.05,18.233,1.4921
6.372,-10.1,-5.712,6.248,1.05,18.233,1.5034
9.373,-10.1,-5.712,6.248,1.05,18.233,1.5792
9.517,-10.1,-5.712,6.248,1.05,18.233,1.5809
-5.957,-7.79,14.613,0.003,-19.644,9.977,0.8194
-4.687,-7.79,14.613,0.003,-19.644,9.977,0.7648
-1.102,-7.79,14.613,0.003,-19.644,9.977,0.7927
0.027,-7.79,14.613,0.003,-19.644,9.977,0.7951
3.282,-7.79,14.613,0.003,-19.644,9.977,0.7852
4.903,-7.79,14.613,0.003,-19.644,9.977,0.7541
4.932,-7.79,14.613,0.003,-19.644,9.977,0.7534
5.68,-7.79,14.613,0.003,-19.644,9.977,0.7315
6.518,-7.79,14.613,0.003,-19.644,9.977,0.7042
9.403,-7.79,14.613,0.003,-19.644,9.977,0.6067
10.515,-7.79,14.613,0.003,-19.644,9.977,0.5656
12.397,-7.79,14.613,0.003,-19.644,9.977,0.5223
12.741,-7.79,14.613,0.003,-19.644,9.977,0.5185
13.895,-7.79,14.613,0.003,-19.644,9.977,0.5103
-14.477,-8.94,-9.676,-8.605,-11.772,-14.028,0.892
-9.807,-8.94,-9.676,-8.605,-11.772,-14.028,0.9433
-8.545,-8.94,-9.676,-8.605,-11.772,-14.028,0.9496
-6.264,-8.94,-9.676,-8.605,-11.772,-14.028,0.9473
-1.741,-8.94,-9.676,-8.605,-11.772,-14.028,0.9166
-0.277,-8.94,-9.676,-8.605,-11.772,-14.028,0.9177
0.708,-8.94,-9.676,-8.605,-11.772,-14.028,0.9226
1.132,-8.94,-9.676,-8.605,-11.772,-14.028,0.926
4.195,-8.94,-9.676,-8.605,-11.772,-14.028,0.9641
5.826,-8.94,-9.676,-8.605,-11.772,-14.028,0.9822
6.539,-8.94,-9.676,-8.605,-11.772,-14.028,0.9881
8.16,-8.94,-9.676,-8.605,-11.772,-14.028,0.9963
11.512,-8.94,-9.676,-8.605,-11.772,-14.028,1.0078
13.993,-8.94,-9.676,-8.605,-11.772,-14.028,0.978
-11.173,-5.78,1.149,-4.525,13.196,9.883,0.9751
-7.914,-5.78,1.149,-4.525,13.196,9.883,0.8152
-7.453,-5.78,1.149,-4.525,13.196,9.883,0.7887
-7.251,-5.78,1.149,-4.525,13.196,9.883,0.776
-4.244,-5.78,1.149,-4.525,13.196,9.883,0.6556
-1.008,-5.78,1.149,-4.525,13.196,9.883,0.7329
-0.483,-5.78,1.149,-4.525,13.196,9.883,0.7368
1.079,-5.78,1.149,-4.525,13.196,9.883,0.7389
2.358,-5.78,1.149,-4.525,13.196,9.883,0.7317
5.102,-5.78,1.149,-4.525,13.196,9.883,0.6933
10.05,-5.78,1.149,-4.525,13.196,9.883,0.8649
10.193,-5.78,1.149,-4.525,13.196,9.883,0.8711
10.582,-5.78,1.149,-4.525,13.196,9.883,0.8878
10.67,-5.78,1.149,-4.525,13.196,9.883,0.8916
-12.508,-13.33,-12.68,-19.217,-7.746,12.712,1.7401
-11.943,-13.33,-12.68,-19.217,-7.746,12.712,1.7484
-9.368,-13.33,-12.68,-19.217,-7.746,12.712,1.7858
-6.46,-13.33,-12.68,-19.217,-7.746,12.712,1.8258
-5.318,-13.33,-12.68,-19.217,-7.746,12.712,1.8409
-3.722,-13.33,-12.68,-19.217,-7.746,12.712,1.8508
3.95,-13.33,-12.68,-19.217,-7.746,12.712,1.7969
5.823,-13.33,-12.68,-19.217,-7.746,12.712,1.7721
6.11,-13.33,-12.68,-19.217,-7.746,12.712,1.7631
7.194,-13.33,-12.68,-19.217,-7.746,12.712,1.6646
7.214,-13.33,-12.68,-19.217,-7.746,12.712,1.6726
8.835,-13.33,-12.68,-19.217,-7.746,12.712,1.8496
10.871,-13.33,-12.68,-19.217,-7.746,12.712,1.8953
13.058,-13.33,-12.68,-19.217,-7.746,12.712,1.8131
-14.235,6.42,1.32,19.379,16.791,-19.211,-0.3366
-12.573,6.42,1.32,19.379,16.791,-19.211,-0.4333
-11.414,6.42,1.32,19.379,16.791,-19.211,-0.5043
-10.169,6.42,1.32,19.379,16.791,-19.211,-0.5833
-8.181,6.42,1.32,19.379,16.791,-19.211,-0.6873
-0.251,6.42,1.32,19.379,16.791,-19.211,-0.5805
0.422,6.42,1.32,19.379,16.791,-19.211,-0.581
2.108,6.42,1.32,19.379,16.791,-19.211,-0.5884
3.692,6.42,1.32,19.379,16.791,-19.211,-0.6034
4.355,6.42,1.32,19.379,16.791,-19.211,-0.6118
5.654,6.42,1.32,19.379,16.791,-19.211,-0.6272
5.715,6.42,1.32,19.379,16.791,-19.211,-0.6277
8.88,6.42,1.32,19.379,16.791,-19.211,-0.5714
11.146,6.42,1.32,19.379,16.791,-19.211,-0.5034
-14.498,7.61,-8.06,14.805,-12.908,6.365,-0.9647
-12.664,7.61,-8.06,14.805,-12.908,6.365,-1.0352
-11.721,7.61,-8.06,14.805,-12.908,6.365,-1.0595
-9.325,7.61,-8.06,14.805,-12.908,6.365,-0.9588
-8.516,7.61,-8.06,14.805,-12.908,6.365,-0.9217
-8.003,7.61,-8.06,14.805,-12.908,6.365,-0.8959
-7.536,7.61,-8.06,14.805,-12.908,6.365,-0.8714
-5.886,7.61,-8.06,14.805,-12.908,6.365,-0.7925
-4.021,7.61,-8.06,14.805,-12.908,6.365,-0.7713
1.486,7.61,-8.06,14.805,-12.908,6.365,-0.8359
3.487,7.61,-8.06,14.805,-12.908,6.365,-0.8247
4.871,7.61,-8.06,14.805,-12.908,6.365,-0.8186
4.967,7.61,-8.06,14.805,-12.908,6.365,-0.8188
9.956,7.61,-8.06,14.805,-12.908,6.365,-0.9874
-14.834,7.28,11.33,-7.08,1.519,15.741,-0.8838
-11.361,7.28,11.33,-7.08,1.519,15.741,-0.8695
-9.854,7.28,11.33,-7.08,1.519,15.741,-0.8722
-9.482,7.28,11.33,-7.08,1.519,15.741,-0.8696
-3.892,7.28,11.33,-7.08,1.519,15.741,-0.8111
-2.609,7.28,11.33,-7.08,1.519,15.741,-0.8197
3.5,7.28,11.33,-7.08,1.519,15.741,-0.8561
4.539,7.28,11.33,-7.08,1.519,15.741,-0.8608
5.373,7.28,11.33,-7.08,1.519,15.741,-0.8613
10.278,7.28,11.33,-7.08,1.519,15.741,-0.8401
11.86,7.28,11.33,-7.08,1.519,15.741,-0.861
12.079,7.28,11.33,-7.08,1.519,15.741,-0.8638
12.096,7.28,11.33,-7.08,1.519,15.741,-0.864
13.305,7.28,11.33,-7.08,1.519,15.741,-0.8752
-14.753,7.25,0.336,-8.796,-12.918,-8.191,-1.0313
-12.133,7.25,0.336,-8.796,-12.918,-8.191,-1.175
-11.065,7.25,0.336,-8.796,-12.918,-8.191,-1.2897
-7.169,7.25,0.336,-8.796,-12.918,-8.191,-1.1212
-3.856,7.25,0.336,-8.796,-12.918,-8.191,-0.9118
-3.055,7.25,0.336,-8.796,-12.918,-8.191,-0.8876
-2.852,7.25,0.336,-8.796,-12.918,-8.191,-0.885
-2.14,7.25,0.336,-8.796,-12.918,-8.191,-0.8857
-0.597,7.25,0.336,-8.796,-12.918,-8.191,-0.9
-0.203,7.25,0.336,-8.796,-12.918,-8.191,-0.9029
0.029,7.25,0.336,-8.796,-12.918,-8.191,-0.9043
1.457,7.25,0.336,-8.796,-12.918,-8.191,-0.9082
5.9,7.25,0.336,-8.796,-12.918,-8.191,-0.9901
6.095,7.25,0.336,-8.796,-12.918,-8.191,-1.0004
-14.475,-12.13,11.347,15.802,-14.101,12.127,1.3285
-14.019,-12.13,11.347,15.802,-14.101,12.127,1.338
-6.24,-12.13,11.347,15.802,-14.101,12.127,1.4662
-4.335,-12.13,11.347,15.802,-14.101,12.127,1.4916
-4.077,-12.13,11.347,15.802,-14.101,12.127,1.4939
-2.294,-12.13,11.347,15.802,-14.101,12.127,1.5044
-1.612,-12.13,11.347,15.802,-14.101,12.127,1.5057
-0.669,-12.13,11.347,15.802,-14.101,12.127,1.5056
0.477,-12.13,11.347,15.802,-14.101,12.127,1.503
5.771,-12.13,11.347,15.802,-14.101,12.127,1.4662
6.978,-12.13,11.347,15.802,-14.101,12.127,1.4573
9.467,-12.13,11.347,15.802,-14.101,12.127,1.4156
9.915,-12.13,11.347,15.802,-14.101,12.127,1.4076
13.072,-12.13,11.347,15.802,-14.101,12.127,1.3536
-14.726,8.37,-12.996,19.792,19.435,-15.437,-0.494
-14.17,8.37,-12.996,19.792,19.435,-15.437,-0.4994
-11.174,8.37,-12.996,19.792,19.435,-15.437,-0.6515
-4.918,8.37,-12.996,19.792,19.435,-15.437,-0.7998
-2.264,8.37,-12.996,19.792,19.435,-15.437,-0.8006
-2.22,8.37,-12.996,19.792,19.435,-15.437,-0.8005
0.517,8.37,-12.996,19.792,19.435,-15.437,-0.7999
4.522,8.37,-12.996,19.792,19.435,-15.437,-0.7991
5.359,8.37,-12.996,19.792,19.435,-15.437,-0.7848
7.426,8.37,-12.996,19.792,19.435,-15.437,-0.7302
9.462,8.37,-12.996,19.792,19.435,-15.437,-0.671
11.432,8.37,-12.996,19.792,19.435,-15.437,-0.6147
11.978,8.37,-12.996,19.792,19.435,-15.437,-0.6044
12.096,8.37,-12.996,19.792,19.435,-15.437,-0.6029
-11.855,6.64,0.826,-19.082,2.839,-4.227,-0.719
-11.245,6.64,0.826,-19.082,2.839,-4.227,-0.7314
-10.199,6.64,0.826,-19.082,2.839,-4.227,-0.7533
-9.343,6.64,0.826,-19.082,2.839,-4.227,-0.7658
-9.034,6.64,0.826,-19.082,2.839,-4.227,-0.7687
-4.933,6.64,0.826,-19.082,2.839,-4.227,-0.7759
-4.559,6.64,0.826,-19.082,2.839,-4.227,-0.7793
-2.637,6.64,0.826,-19.082,2.839,-4.227,-0.7916
-0.333,6.64,0.826,-19.082,2.839,-4.227,-0.7923
2.698,6.64,0.826,-19.082,2.839,-4.227,-0.7965
7.978,6.64,0.826,-19.082,2.839,-4.227,-0.7968
9.31,6.64,0.826,-19.082,2.839,-4.227,-0.8046
12.211,6.64,0.826,-19.082,2.839,-4.227,-0.7805
12.54,6.64,0.826,-19.082,2.839,-4.227,-0.7781
-14.456,-8.26,14.237,-19.006,-17.726,7.581,0.5417
-12.17,-8.26,14.237,-19.006,-17.726,7.581,0.5566
-11.567,-8.26,14.237,-19.006,-17.726,7.581,0.5777
-9.387,-8.26,14.237,-19.006,-17.726,7.581,0.6723
-7.948,-8.26,14.237,-19.006,-17.726,7.581,0.7239
-3.904,-8.26,14.237,-19.006,-17.726,7.581,0.7596
-0.89,-8.26,14.237,-19.006,-17.726,7.581,0.7797
1.021,-8.26,14.237,-19.006,-17.726,7.581,0.7678
1.317,-8.26,14.237,-19.006,-17.726,7.581,0.7645
6.014,-8.26,14.237,-19.006,-17.726,7.581,0.7001
6.151,-8.26,14.237,-19.006,-17.726,7.581,0.6981
7.058,-8.26,14.237,-19.006,-17.726,7.581,0.6842
7.235,-8.26,14.237,-19.006,-17.726,7.581,0.6815
10.279,-8.26,14.237,-19.006,-17.726,7.581,0.6127
-12.942,11.45,-4.195,-3.264,0.745,-19.01,-1.5241
-11.773,11.45,-4.195,-3.264,0.745,-19.01,-1.5573
-7.48,11.45,-4.195,-3.264,0.745,-19.01,-1.748
-5.858,11.45,-4.195,-3.264,0.745,-19.01,-1.7254
-0.497,11.45,-4.195,-3.264,0.745,-19.01,-1.6286
3.024,11.45,-4.195,-3.264,0.745,-19.01,-1.6247
3.257,11.45,-4.195,-3.264,0.745,-19.01,-1.6254
6.824,11.45,-4.195,-3.264,0.745,-19.01,-1.6506
6.911,11.45,-4.195,-3.264,0.745,-19.01,-1.6518
6.972,11.45,-4.195,-3.264,0.745,-19.01,-1.6527
8.528,11.45,-4.195,-3.264,0.745,-19.01,-1.6743
10.071,11.45,-4.195,-3.264,0.745,-19.01,-1.6304
10.896,11.45,-4.195,-3.264,0.745,-19.01,-1.5909
11.818,11.45,-4.195,-3.264,0.745,-19.01,-1.5528
-14.267,-11.13,-13.168,-16.532,11.671,0.206,1.6031
-13.879,-11.13,-13.168,-16.532,11.671,0.206,1.6097
-12.419,-11.13,-13.168,-16.532,11.671,0.206,1.6356
-10.415,-11.13,-13.168,-16.532,11.671,0.206,1.6731
-8.536,-11.13,-13.168,-16.532,11.671,0.206,1.6938
-3.541,-11.13,-13.168,-16.532,11.671,0.206,1.5254
-1.473,-11.13,-13.168,-16.532,11.671,0.206,1.4798
-1.301,-11.13,-13.168,-16.532,11.671,0.206,1.4775
3.365,-11.13,-13.168,-16.532,11.671,0.206,1.502
5.964,-11.13,-13.168,-16.532,11.671,0.206,1.5578
6.243,-11.13,-13.168,-16.532,11.671,0.206,1.565
11.719,-11.13,-13.168,-16.532,11.671,0.206,1.618
11.758,-11.13,-13.168,-16.532,11.671,0.206,1.6174
13.765,-11.13,-13.168,-16.532,11.671,0.206,1.5803
-14.994,1.05,-3.508,7.015,5.92,2.724,0.0506
-13.758,1.05,-3.508,7.015,5.92,2.724,0.0328
-11.252,1.05,-3.508,7.015,5.92,2.724,0.0005
-7.216,1.05,-3.508,7.015,5.92,2.724,-0.012
-6.462,1.05,-3.508,7.015,5.92,2.724,-0.0146
-5.28,1.05,-3.508,7.015,5.92,2.724,-0.0238
-4.88,1.05,-3.508,7.015,5.92,2.724,-0.0272
0.058,1.05,-3.508,7.015,5.92,2.724,-0.0334
1.094,1.05,-3.508,7.015,5.92,2.724,-0.0332
3.656,1.05,-3.508,7.015,5.92,2.724,-0.0473
6.932,1.05,-3.508,7.015,5.92,2.724,-0.0225
7.815,1.05,-3.508,7.015,5.92,2.724,-0.0203
8.124,1.05,-3.508,7.015,5.92,2.724,-0.0201
8.317,1.05,-3.508,7.015,5.92,2.724,-0.0202
-11.009,-8.23,12.541,7.384,8.988,14.415,1.2005
-5.842,-8.23,12.541,7.384,8.988,14.415,1.2026
-2.857,-8.23,12.541,7.384,8.988,14.415,1.0808
0.018,-8.23,12.541,7.384,8.988,14.415,0.9966
0.293,-8.23,12.541,7.384,8.988,14.415,0.995
1.544,-8.23,12.541,7.384,8.988,14.415,1.001
2.003,-8.23,12.541,7.384,8.988,14.415,1.0085
2.716,-8.23,12.541,7.384,8.988,14.415,1.0253
3.475,-8.23,12.541,7.384,8.988,14.415,1.0489
4.855,-8.23,12.541,7.384,8.988,14.415,1.1013
6.264,-8.23,12.541,7.384,8.988,14.415,1.1524
6.909,-8.23,12.541,7.384,8.988,14.415,1.1726
9.007,-8.23,12.541,7.384,8.988,14.415,1.2507
9.809,-8.23,12.541,7.384,8.988,14.415,1.2991
-13.592,-0.61,-13.668,-0.32,-5.7,-6.849,0.0584
-13.072,-0.61,-13.668,-0.32,-5.7,-6.849,0.0653
-12.123,-0.61,-13.668,-0.32,-5.7,-6.849,0.0742
-4.678,-0.61,-13.668,-0.32,-5.7,-6.849,0.055
-3.839,-0.61,-13.668,-0.32,-5.7,-6.849,0.0331
-3.57,-0.61,-13.668,-0.32,-5.7,-6.849,0.0212
-3.395,-0.61,-13.668,-0.32,-5.7,-6.849,0.0125
-3.312,-0.61,-13.668,-0.32,-5.7,-6.849,0.0082
-2.989,-0.61,-13.668,-0.32,-5.7,-6.849,-0.0056
-1.341,-0.61,-13.668,-0.32,-5.7,-6.849,0.0628
0.289,-0.61,-13.668,-0.32,-5.7,-6.849,0.1197
2.932,-0.61,-13.668,-0.32,-5.7,-6.849,0.0421
3.099,-0.61,-13.668,-0.32,-5.7,-6.849,0.0394
10.41,-0.61,-13.668,-0.32,-5.7,-6.849,0.1099
-10.472,-14.68,-1.77,-19.988,-8.921,15.345,1.9574
-8.607,-14.68,-1.77,-19.988,-8.921,15.345,1.9785
-5.464,-14.68,-1.77,-19.988,-8.921,15.345,2.0117
-4.872,-14.68,-1.77,-19.988,-8.921,15.345,2.0181
-0.476,-14.68,-1.77,-19.988,-8.921,15.345,2.0427
0.723,-14.68,-1.77,-19.988,-8.921,15.345,2.0431
0.745,-14.68,-1.77,-19.988,-8.921,15.345,2.0431
1.732,-14.68,-1.77,-19.988,-8.921,15.345,2.0415
3.048,-14.68,-1.77,-19.988,-8.921,15.345,2.038
6.123,-14.68,-1.77,-19.988,-8.921,15.345,1.9891
7.409,-14.68,-1.77,-19.988,-8.921,15.345,2.0256
8.952,-14.68,-1.77,-19.988,-8.921,15.345,2.0966
11.067,-14.68,-1.77,-19.988,-8.921,15.345,2.0089
11.657,-14.68,-1.77,-19.988,-8.921,15.345,1.9963
-14.602,-13.25,-1.204,-0.307,0.154,-10.419,1.7799
-12.109,-13.25,-1.204,-0.307,0.154,-10.419,1.8317
-11.745,-13.25,-1.204,-0.307,0.154,-10.419,1.8396
-9.802,-13.25,-1.204,-0.307,0.154,-10.419,1.8842
-4.314,-13.25,-1.204,-0.307,0.154,-10.419,1.9665
-3.593,-13.25,-1.204,-0.307,0.154,-10.419,1.9547
-2.475,-13.25,-1.204,-0.307,0.154,-10.419,1.9335
-1.319,-13.25,-1.204,-0.307,0.154,-10.419,1.9129
1.085,-13.25,-1.204,-0.307,0.154,-10.419,1.8869
3.403,-13.25,-1.204,-0.307,0.154,-10.419,1.8881
5.605,-13.25,-1.204,-0.307,0.154,-10.419,1.9086
9.779,-13.25,-1.204,-0.307,0.154,-10.419,1.9073
9.933,-13.25,-1.204,-0.307,0.154,-10.419,1.9048
10.736,-13.25,-1.204,-0.307,0.154,-10.419,1.8908
-13.373,-8.36,-19.922,1.309,-9.454,-4.245,0.9098
-13.032,-8.36,-19.922,1.309,-9.454,-4.245,0.9139
-6.553,-8.36,-19.922,1.309,-9.454,-4.245,0.9709
-5.704,-8.36,-19.922,1.309,-9.454,-4.245,0.9752
-5.128,-8.36,-19.922,1.309,-9.454,-4.245,0.9742
-1.216,-8.36,-19.922,1.309,-9.454,-4.245,0.9605
1.582,-8.36,-19.922,1.309,-9.454,-4.245,0.962
2.123,-8.36,-19.922,1.309,-9.454,-4.245,0.9629
2.19,-8.36,-19.922,1.309,-9.454,-4.245,0.963
4.768,-8.36,-19.922,1.309,-9.454,-4.245,0.9579
5.51,-8.36,-19.922,1.309,-9.454,-4.245,0.9541
8.886,-8.36,-19.922,1.309,-9.454,-4.245,0.9943
11.082,-8.36,-19.922,1.309,-9.454,-4.245,0.9991
11.29,-8.36,-19.922,1.309,-9.454,-4.245,0.9998
-14.753,12.71,-4.153,-14.97,-16.864,0.23,-1.8026
-14.453,12.71,-4.153,-14.97,-16.864,0.23,-1.8084
-13.846,12.71,-4.153,-14.97,-16.864,0.23,-1.8203
-13.29,12.71,-4.153,-14.97,-16.864,0.23,-1.8316
-9.713,12.71,-4.153,-14.97,-16.864,0.23,-1.914
-8.1,12.71,-4.153,-14.97,-16.864,0.23,-1.9589
-4.753,12.71,-4.153,-14.97,-16.864,0.23,-2.0746
-4.398,12.71,-4.153,-14.97,-16.864,0.23,-2.0885
2.808,12.71,-4.153,-14.97,-16.864,0.23,-2.1022
3.11,12.71,-4.153,-14.97,-16.864,0.23,-2.0992
3.128,12.71,-4.153,-14.97,-16.864,0.23,-2.099
6.059,12.71,-4.153,-14.97,-16.864,0.23,-2.0327
10.556,12.71,-4.153,-14.97,-16.864,0.23,-1.8917
11.073,12.71,-4.153,-14.97,-16.864,0.23,-1.8782
-14.965,12.56,6.488,-3.849,-19.262,-5.265,-1.8344
-9.556,12.56,6.488,-3.849,-19.262,-5.265,-1.9596
-7.56,12.56,6.488,-3.849,-19.262,-5.265,-2.0234
-6.088,12.56,6.488,-3.849,-19.262,-5.265,-2.0759
-2.505,12.56,6.488,-3.849,-19.262,-5.265,-2.0528
0.972,12.56,6.488,-3.849,-19.262,-5.265,-2.0035
1.112,12.56,6.488,-3.849,-19.262,-5.265,-2.0035
2.678,12.56,6.488,-3.849,-19.262,-5.265,-2.0106
3.504,12.56,6.488,-3.849,-19.262,-5.265,-2.0189
5.719,12.56,6.488,-3.849,-19.262,-5.265,-2.0424
6.223,12.56,6.488,-3.849,-19.262,-5.265,-2.0423
6.683,12.56,6.488,-3.849,-19.262,-5.265,-2.0386
9.516,12.56,6.488,-3.849,-19.262,-5.265,-1.9676
9.904,12.56,6.488,-3.849,-19.262,-5.265,-1.9562
-12.789,13.3,10.541,-18.151,-13.949,9.54,-1.9494
-11.809,13.3,10.541,-18.151,-13.949,9.54,-1.9632
-8.134,13.3,10.541,-18.151,-13.949,9.54,-2.029
-7.963,13.3,10.541,-18.151,-13.949,9.54,-2.0326
-5.295,13.3,10.541,-18.151,-13.949,9.54,-2.0938
-2.001,13.3,10.541,-18.151,-13.949,9.54,-2.1481
-1.244,13.3,10.541,-18.151,-13.949,9.54,-2.1528
-0.449,13.3,10.541,-18.151,-13.949,9.54,-2.155
1.59,13.3,10.541,-18.151,-13.949,9.54,-2.1497
1.706,13.3,10.541,-18.151,-13.949,9.54,-2.149
3.106,13.3,10.541,-18.151,-13.949,9.54,-2.1361
8.464,13.3,10.541,-18.151,-13.949,9.54,-2.0424
11.428,13.3,10.541,-18.151,-13.949,9.54,-1.9867
13.299,13.3,10.541,-18.151,-13.949,9.54,-1.955
-13.318,-8.96,9.896,-14.964,0.253,-11.287,1.0082
-10.996,-8.96,9.896,-14.964,0.253,-11.287,1.066
-8.535,-8.96,9.896,-14.964,0.253,-11.287,1.0182
-5.394,-8.96,9.896,-14.964,0.253,-11.287,0.9197
-4.042,-8.96,9.896,-14.964,0.253,-11.287,0.8844
-1.114,-8.96,9.896,-14.964,0.253,-11.287,0.8742
-0.063,-8.96,9.896,-14.964,0.253,-11.287,0.8794
1.196,-8.96,9.896,-14.964,0.253,-11.287,0.8839
5.038,-8.96,9.896,-14.964,0.253,-11.287,0.8969
6.485,-8.96,9.896,-14.964,0.253,-11.287,0.926
8.162,-8.96,9.896,-14.964,0.253,-11.287,0.9746
10.484,-8.96,9.896,-14.964,0.253,-11.287,1.0376
12.153,-8.96,9.896,-14.964,0.253,-11.287,1.0629
12.688,-8.96,9.896,-14.964,0.253,-11.287,1.0549
-10.554,11.5,13.412,2.594,0.731,8.479,-1.6096
-3.246,11.5,13.412,2.594,0.731,8.479,-1.562
1.003,11.5,13.412,2.594,0.731,8.479,-1.5296
2.617,11.5,13.412,2.594,0.731,8.479,-1.5384
4.39,11.5,13.412,2.594,0.731,8.479,-1.5557
4.59,11.5,13.412,2.594,0.731,8.479,-1.5585
5.185,11.5,13.412,2.594,0.731,8.479,-1.5665
5.262,11.5,13.412,2.594,0.731,8.479,-1.5675
5.57,11.5,13.412,2.594,0.731,8.479,-1.5715
7.711,11.5,13.412,2.594,0.731,8.479,-1.6087
7.801,11.5,13.412,2.594,0.731,8.479,-1.6104
8.214,11.5,13.412,2.594,0.731,8.479,-1.6181
10.523,11.5,13.412,2.594,0.731,8.479,-1.6452
11.893,11.5,13.412,2.594,0.731,8.479,-1.6318
-13.985,1.28,-0.381,-5.508,-16.949,-1.304,-0.4409
-11.839,1.28,-0.381,-5.508,-16.949,-1.304,-0.4106
-11.343,1.28,-0.381,-5.508,-16.949,-1.304,-0.3811
-6.609,1.28,-0.381,-5.508,-16.949,-1.304,-0.2116
-6.226,1.28,-0.381,-5.508,-16.949,-1.304,-0.2334
-3.932,1.28,-0.381,-5.508,-16.949,-1.304,-0.2722
-3.442,1.28,-0.381,-5.508,-16.949,-1.304,-0.2757
-3.376,1.28,-0.381,-5.508,-16.949,-1.304,-0.276
6.421,1.28,-0.381,-5.508,-16.949,-1.304,-0.2567
7.731,1.28,-0.381,-5.508,-16.949,-1.304,-0.2335
8.591,1.28,-0.381,-5.508,-16.949,-1.304,-0.2405
9.442,1.28,-0.381,-5.508,-16.949,-1.304,-0.2714
10.952,1.28,-0.381,-5.508,-16.949,-1.304,-0.3342
11.843,1.28,-0.381,-5.508,-16.949,-1.304,-0.3697
-7.07,6.72,-7.342,4.907,10.227,-9.02,-0.6696
-4.962,6.72,-7.342,4.907,10.227,-9.02,-0.6679
-2.285,6.72,-7.342,4.907,10.227,-9.02,-0.6646
-1.93,6.72,-7.342,4.907,10.227,-9.02,-0.6642
-0.844,6.72,-7.342,4.907,10.227,-9.02,-0.6631
-0.076,6.72,-7.342,4.907,10.227,-9.02,-0.6625
1.421,6.72,-7.342,4.907,10.227,-9.02,-0.6623
4.32,6.72,-7.342,4.907,10.227,-9.02,-0.6629
5.27,6.72,-7.342,4.907,10.227,-9.02,-0.6622
5.719,6.72,-7.342,4.907,10.227,-9.02,-0.6615
7.662,6.72,-7.342,4.907,10.227,-9.02,-0.651
9.414,6.72,-7.342,4.907,10.227,-9.02,-0.6279
10.878,6.72,-7.342,4.907,10.227,-9.02,-0.5926
13.496,6.72,-7.342,4.907,10.227,-9.02,-0.5403
-13.936,12.42,16.721,11.682,6.939,-18.368,-1.6139
-7.583,12.42,16.721,11.682,6.939,-18.368,-1.7632
-2.684,12.42,16.721,11.682,6.939,-18.368,-1.7155
-2.367,12.42,16.721,11.682,6.939,-18.368,-1.7116
0.023,12.42,16.721,11.682,6.939,-18.368,-1.684
2.13,12.42,16.721,11.682,6.939,-18.368,-1.6659
5.43,12.42,16.721,11.682,6.939,-18.368,-1.6542
6.834,12.42,16.721,11.682,6.939,-18.368,-1.6507
6.846,12.42,16.721,11.682,6.939,-18.368,-1.6506
7.007,12.42,16.721,11.682,6.939,-18.368,-1.6497
9.049,12.42,16.721,11.682,6.939,-18.368,-1.5841
9.566,12.42,16.721,11.682,6.939,-18.368,-1.5289
9.909,12.42,16.721,11.682,6.939,-18.368,-1.5991
11.591,12.42,16.721,11.682,6.939,-18.368,-1.6974
-14.285,-13.81,-18.345,13.866,9.681,-4.889,2.0547
-13.827,-13.81,-18.345,13.866,9.681,-4.889,2.0624
-11.588,-13.81,-18.345,13.866,9.681,-4.889,2.101
-11.401,-13.81,-18.345,13.866,9.681,-4.889,2.1044
-1.17,-13.81,-18.345,13.866,9.681,-4.889,2.2837
-1.166,-13.81,-18.345,13.866,9.681,-4.889,2.2837
-0.123,-13.81,-18.345,13.866,9.681,-4.889,2.2738
0.821,-13.81,-18.345,13.866,9.681,-4.889,2.2653
0.902,-13.81,-18.345,13.866,9.681,-4.889,2.2646
1.71,-13.81,-18.345,13.866,9.681,-4.889,2.2582
2.267,-13.81,-18.345,13.866,9.681,-4.889,2.254
2.334,-13.81,-18.345,13.866,9.681,-4.889,2.2535
4.459,-13.81,-18.345,13.866,9.681,-4.889,2.2327
6.861,-13.81,-18.345,13.866,9.681,-4.889,2.1962
-14.221,-14.42,-18.277,17.088,-19.05,-0.193,1.8055
-12.692,-14.42,-18.277,17.088,-19.05,-0.193,1.8281
-8.112,-14.42,-18.277,17.088,-19.05,-0.193,1.876
-5.697,-14.42,-18.277,17.088,-19.05,-0.193,1.8875
-5.254,-14.42,-18.277,17.088,-19.05,-0.193,1.8884
-2.912,-14.42,-18.277,17.088,-19.05,-0.193,1.8868
1.499,-14.42,-18.277,17.088,-19.05,-0.193,1.8797
5.276,-14.42,-18.277,17.088,-19.05,-0.193,1.8613
6.198,-14.42,-18.277,17.088,-19.05,-0.193,1.8566
6.312,-14.42,-18.277,17.088,-19.05,-0.193,1.856
7.375,-14.42,-18.277,17.088,-19.05,-0.193,1.8494
9.979,-14.42,-18.277,17.088,-19.05,-0.193,1.8292
11.163,-14.42,-18.277,17.088,-19.05,-0.193,1.8199
12.967,-14.42,-18.277,17.088,-19.05,-0.193,1.8051
-13.512,-12.3,15.814,-4.315,4.223,-19.302,1.5364
-12.634,-12.3,15.814,-4.315,4.223,-19.302,1.5569
-11.4,-12.3,15.814,-4.315,4.223,-19.302,1.5876
-2.998,-12.3,15.814,-4.315,4.223,-19.302,1.6066
-2.965,-12.3,15.814,-4.315,4.223,-19.302,1.6059
-2.838,-12.3,15.814,-4.315,4.223,-19.302,1.603
3.88,-12.3,15.814,-4.315,4.223,-19.302,1.6156
4.313,-12.3,15.814,-4.315,4.223,-19.302,1.6265
4.366,-12.3,15.814,-4.315,4.223,-19.302,1.628
10.478,-12.3,15.814,-4.315,4.223,-19.302,1.6464
10.77,-12.3,15.814,-4.315,4.223,-19.302,1.6387
12.054,-12.3,15.814,-4.315,4.223,-19.302,1.6062
12.126,-12.3,15.814,-4.315,4.223,-19.302,1.6045
13.184,-12.3,15.814,-4.315,4.223,-19.302,1.5796
-11.766,-7.88,1.195,-6.7,-3.416,9.103,0.8718
-11.186,-7.88,1.195,-6.7,-3.416,9.103,0.8817
-10.103,-7.88,1.195,-6.7,-3.416,9.103,0.8934
-8.118,-7.88,1.195,-6.7,-3.416,9.103,0.9034
-7.66,-7.88,1.195,-6.7,-3.416,9.103,0.8996
-7.602,-7.88,1.195,-6.7,-3.416,9.103,0.8989
-7.208,-7.88,1.195,-6.7,-3.416,9.103,0.894
-5.327,-7.88,1.195,-6.7,-3.416,9.103,0.8607
-3.158,-7.88,1.195,-6.7,-3.416,9.103,0.8563
1.566,-7.88,1.195,-6.7,-3.416,9.103,0.8835
2.34,-7.88,1.195,-6.7,-3.416,9.103,0.8828
4.773,-7.88,1.195,-6.7,-3.416,9.103,0.8687
5.081,-7.88,1.195,-6.7,-3.416,9.103,0.8656
6.542,-7.88,1.195,-6.7,-3.416,9.103,0.8564
-11.967,1.03,1.818,-6.028,13.546,15.341,0.0854
-7.863,1.03,1.818,-6.028,13.546,15.341,-0.0709
-6.651,1.03,1.818,-6.028,13.546,15.341,-0.0205
-4.327,1.03,1.818,-6.028,13.546,15.341,0.0212
-4.027,1.03,1.818,-6.028,13.546,15.341,0.021
-3.755,1.03,1.818,-6.028,13.546,15.341,0.0192
-3.349,1.03,1.818,-6.028,13.546,15.341,0.0212
-0.697,1.03,1.818,-6.028,13.546,15.341,0.0537
0.009,1.03,1.818,-6.028,13.546,15.341,0.0445
0.92,1.03,1.818,-6.028,13.546,15.341,0.0378
3.937,1.03,1.818,-6.028,13.546,15.341,0.0216
9.951,1.03,1.818,-6.028,13.546,15.341,0.0417
10.919,1.03,1.818,-6.028,13.546,15.341,0.072
11.456,1.03,1.818,-6.028,13.546,15.341,0.087
-14.298,-12.97,-0.352,6.238,17.83,-11.621,1.8465
-13.508,-12.97,-0.352,6.238,17.83,-11.621,1.8622
-9.859,-12.97,-0.352,6.238,17.83,-11.621,1.9483
-8.135,-12.97,-0.352,6.238,17.83,-11.621,1.996
-6.792,-12.97,-0.352,6.238,17.83,-11.621,2.0271
-4.562,-12.97,-0.352,6.238,17.83,-11.621,2.0194
3.175,-12.97,-0.352,6.238,17.83,-11.621,1.9234
3.42,-12.97,-0.352,6.238,17.83,-11.621,1.926
5.383,-12.97,-0.352,6.238,17.83,-11.621,1.9563
9.306,-12.97,-0.352,6.238,17.83,-11.621,1.9614
11.446,-12.97,-0.352,6.238,17.83,-11.621,1.9131
11.609,-12.97,-0.352,6.238,17.83,-11.621,1.9093
12.575,-12.97,-0.352,6.238,17.83,-11.621,1.8874
12.998,-12.97,-0.352,6.238,17.83,-11.621,1.8778
-14.883,-1.36,10.599,-1.904,19.84,-9.062,0.3427
-10.911,-1.36,10.599,-1.904,19.84,-9.062,0.2512
-8.993,-1.36,10.599,-1.904,19.84,-9.062,0.1312
-2.132,-1.36,10.599,-1.904,19.84,-9.062,0.3596
-1.992,-1.36,10.599,-1.904,19.84,-9.062,0.3575
1.755,-1.36,10.599,-1.904,19.84,-9.062,0.3082
7.559,-1.36,10.599,-1.904,19.84,-9.062,0.1827
7.703,-1.36,10.599,-1.904,19.84,-9.062,0.1791
9.344,-1.36,10.599,-1.904,19.84,-9.062,0.1856
10.195,-1.36,10.599,-1.904,19.84,-9.062,0.2208
11.632,-1.36,10.599,-1.904,19.84,-9.062,0.2887
12.692,-1.36,10.599,-1.904,19.84,-9.062,0.3561
13.254,-1.36,10.599,-1.904,19.84,-9.062,0.3925
13.618,-1.36,10.599,-1.904,19.84,-9.062,0.4006
-14.699,-3.39,4.109,5.968,19.66,-15.226,0.5889
-12.573,-3.39,4.109,5.968,19.66,-15.226,0.5838
-11.694,-3.39,4.109,5.968,19.66,-15.226,0.5282
-11.009,-3.39,4.109,5.968,19.66,-15.226,0.4944
-9.901,-3.39,4.109,5.968,19.66,-15.226,0.4331
-4.406,-3.39,4.109,5.968,19.66,-15.226,0.4522
-1.114,-3.39,4.109,5.968,19.66,-15.226,0.5061
1.941,-3.39,4.109,5.968,19.66,-15.226,0.4979
3.032,-3.39,4.109,5.968,19.66,-15.226,0.478
4.408,-3.39,4.109,5.968,19.66,-15.226,0.4681
6.56,-3.39,4.109,5.968,19.66,-15.226,0.4465
6.694,-3.39,4.109,5.968,19.66,-15.226,0.4439
6.914,-3.39,4.109,5.968,19.66,-15.226,0.4396
7.842,-3.39,4.109,5.968,19.66,-15.226,0.425
-14.359,4.13,-3.305,-17.641,18.893,-4.578,-0.0144
-13.195,4.13,-3.305,-17.641,18.893,-4.578,-0.0026
-12.289,4.13,-3.305,-17.641,18.893,-4.578,-0.0718
-10.956,4.13,-3.305,-17.641,18.893,-4.578,-0.1766
-4.952,4.13,-3.305,-17.641,18.893,-4.578,-0.3326
-0.801,4.13,-3.305,-17.641,18.893,-4.578,-0.2824
-0.588,4.13,-3.305,-17.641,18.893,-4.578,-0.2813
0.701,4.13,-3.305,-17.641,18.893,-4.578,-0.2799
1.982,4.13,-3.305,-17.641,18.893,-4.578,-0.2871
4.503,4.13,-3.305,-17.641,18.893,-4.578,-0.3171
9.193,4.13,-3.305,-17.641,18.893,-4.578,-0.31
9.967,4.13,-3.305,-17.641,18.893,-4.578,-0.2687
11.284,4.13,-3.305,-17.641,18.893,-4.578,-0.2058
12.416,4.13,-3.305,-17.641,18.893,-4.578,-0.1558
-14.274,4.12,4.432,11.067,15.475,7.179,-0.1251
-11.857,4.12,4.432,11.067,15.475,7.179,-0.1602
-10.183,4.12,4.432,11.067,15.475,7.179,-0.2238
-9.615,4.12,4.432,11.067,15.475,7.179,-0.2429
-6.998,4.12,4.432,11.067,15.475,7.179,-0.3569
-4.236,4.12,4.432,11.067,15.475,7.179,-0.3006
-2.655,4.12,4.432,11.067,15.475,7.179,-0.2964
-0.94,4.12,4.432,11.067,15.475,7.179,-0.2933
0.776,4.12,4.432,11.067,15.475,7.179,-0.2941
2.104,4.12,4.432,11.067,15.475,7.179,-0.2993
5.156,4.12,4.432,11.067,15.475,7.179,-0.3201
8.893,4.12,4.432,11.067,15.475,7.179,-0.2949
12.933,4.12,4.432,11.067,15.475,7.179,-0.1822
13.344,4.12,4.432,11.067,15.475,7.179,-0.171
-14.948,-5.47,-13.94,12.044,15.783,6.762,0.9167
-13.66,-5.47,-13.94,12.044,15.783,6.762,0.9841
-13.381,-5.47,-13.94,12.044,15.783,6.762,1.0048
-13.062,-5.47,-13.94,12.044,15.783,6.762,1.0318
-8.769,-5.47,-13.94,12.044,15.783,6.762,0.9378
-7.694,-5.47,-13.94,12.044,15.783,6.762,0.8643
-4.621,-5.47,-13.94,12.044,15.783,6.762,0.7442
1.923,-5.47,-13.94,12.044,15.783,6.762,0.7701
2.819,-5.47,-13.94,12.044,15.783,6.762,0.7775
4.107,-5.47,-13.94,12.044,15.783,6.762,0.7824
4.719,-5.47,-13.94,12.044,15.783,6.762,0.7817
9.004,-5.47,-13.94,12.044,15.783,6.762,0.8917
9.024,-5.47,-13.94,12.044,15.783,6.762,0.8926
10.358,-5.47,-13.94,12.044,15.783,6.762,0.9445
-14.839,-11.0,-10.664,-13.606,14.859,19.798,1.5915
-10.969,-11.0,-10.664,-13.606,14.859,19.798,1.6679
-5.268,-11.0,-10.664,-13.606,14.859,19.798,1.7388
-4.93,-11.0,-10.664,-13.606,14.859,19.798,1.7319
-2.203,-11.0,-10.664,-13.606,14.859,19.798,1.6779
-0.529,-11.0,-10.664,-13.606,14.859,19.798,1.6589
-0.249,-11.0,-10.664,-13.606,14.859,19.798,1.6572
4.311,-11.0,-10.664,-13.606,14.859,19.798,1.7059
5.012,-11.0,-10.664,-13.606,14.859,19.798,1.7244
5.174,-11.0,-10.664,-13.606,14.859,19.798,1.7287
7.733,-11.0,-10.664,-13.606,14.859,19.798,1.7675
10.956,-11.0,-10.664,-13.606,14.859,19.798,1.6811
12.511,-11.0,-10.664,-13.606,14.859,19.798,1.6394
12.941,-11.0,-10.664,-13.606,14.859,19.798,1.629
-13.616,-9.26,5.724,4.623,12.867,-2.896,1.2923
-13.414,-9.26,5.724,4.623,12.867,-2.896,1.2997
-13.258,-9.26,5.724,4.623,12.867,-2.896,1.3056
-13.217,-9.26,5.724,4.623,12.867,-2.896,1.3072
-12.524,-9.26,5.724,4.623,12.867,-2.896,1.3358
-11.617,-9.26,5.724,4.623,12.867,-2.896,1.3811
-10.939,-9.26,5.724,4.623,12.867,-2.896,1.425
-3.169,-9.26,5.724,4.623,12.867,-2.896,1.1959
-2.533,-9.26,5.724,4.623,12.867,-2.896,1.174
-2.445,-9.26,5.724,4.623,12.867,-2.896,1.1714
0.495,-9.26,5.724,4.623,12.867,-2.896,1.1321
3.007,-9.26,5.724,4.623,12.867,-2.896,1.1613
8.386,-9.26,5.724,4.623,12.867,-2.896,1.3379
12.74,-9.26,5.724,4.623,12.867,-2.896,1.3203
-14.269,3.53,11.707,-4.523,12.839,-0.516,-0.1791
-12.421,3.53,11.707,-4.523,12.839,-0.516,-0.2057
-6.873,3.53,11.707,-4.523,12.839,-0.516,-0.3734
0.065,3.53,11.707,-4.523,12.839,-0.516,-0.2498
4.083,3.53,11.707,-4.523,12.839,-0.516,-0.3029
7.232,3.53,11.707,-4.523,12.839,-0.516,-0.3729
7.796,3.53,11.707,-4.523,12.839,-0.516,-0.3828
10.427,3.53,11.707,-4.523,12.839,-0.516,-0.329
10.875,3.53,11.707,-4.523,12.839,-0.516,-0.3168
11.768,3.53,11.707,-4.523,12.839,-0.516,-0.2921
12.084,3.53,11.707,-4.523,12.839,-0.516,-0.2815
12.21,3.53,11.707,-4.523,12.839,-0.516,-0.2771
13.108,3.53,11.707,-4.523,12.839,-0.516,-0.2493
14.189,3.53,11.707,-4.523,12.839,-0.516,-0.2291
-14.725,12.36,8.062,1.053,13.068,6.337,-1.4548
-14.62,12.36,8.062,1.053,13.068,6.337,-1.4564
-13.809,12.36,8.062,1.053,13.068,6.337,-1.4684
-13.573,12.36,8.062,1.053,13.068,6.337,-1.4719
-13.331,12.36,8.062,1.053,13.068,6.337,-1.4754
-9.978,12.36,8.062,1.053,13.068,6.337,-1.5225
-7.911,12.36,8.062,1.053,13.068,6.337,-1.535
-4.668,12.36,8.062,1.053,13.068,6.337,-1.4987
-4.506,12.36,8.062,1.053,13.068,6.337,-1.4919
1.635,12.36,8.062,1.053,13.068,6.337,-1.5409
1.821,12.36,8.062,1.053,13.068,6.337,-1.542
2.228,12.36,8.062,1.053,13.068,6.337,-1.5443
6.491,12.36,8.062,1.053,13.068,6.337,-1.5855
6.682,12.36,8.062,1.053,13.068,6.337,-1.5879
-14.916,6.36,18.302,-14.657,18.823,12.229,-0.4433
-6.535,6.36,18.302,-14.657,18.823,12.229,-0.6178
-6.115,6.36,18.302,-14.657,18.823,12.229,-0.6333
-3.737,6.36,18.302,-14.657,18.823,12.229,-0.7219
1.095,6.36,18.302,-14.657,18.823,12.229,-0.6949
3.535,6.36,18.302,-14.657,18.823,12.229,-0.7139
5.038,6.36,18.302,-14.657,18.823,12.229,-0.6862
5.311,6.36,18.302,-14.657,18.823,12.229,-0.6798
5.462,6.36,18.302,-14.657,18.823,12.229,-0.6764
6.098,6.36,18.302,-14.657,18.823,12.229,-0.6621
8.494,6.36,18.302,-14.657,18.823,12.229,-0.6128
8.584,6.36,18.302,-14.657,18.823,12.229,-0.6111
11.981,6.36,18.302,-14.657,18.823,12.229,-0.5521
13.035,6.36,18.302,-14.657,18.823,12.229,-0.5639
-11.505,-0.21,-3.418,8.142,-9.263,17.126,-0.0287
-10.092,-0.21,-3.418,8.142,-9.263,17.126,0.0452
-6.904,-0.21,-3.418,8.142,-9.263,17.126,0.0022
-4.395,-0.21,-3.418,8.142,-9.263,17.126,-0.046
-2.651,-0.21,-3.418,8.142,-9.263,17.126,-0.1507
-2.531,-0.21,-3.418,8.142,-9.263,17.126,-0.162
-2.111,-0.21,-3.418,8.142,-9.263,17.126,-0.1924
0.092,-0.21,-3.418,8.142,-9.263,17.126,-0.0578
0.213,-0.21,-3.418,8.142,-9.263,17.126,-0.0566
0.677,-0.21,-3.418,8.142,-9.263,17.126,-0.0708
2.308,-0.21,-3.418,8.142,-9.263,17.126,-0.1638
6.752,-0.21,-3.418,8.142,-9.263,17.126,-0.0058
9.645,-0.21,-3.418,8.142,-9.263,17.126,0.0559
11.844,-0.21,-3.418,8.142,-9.263,17.126,-0.0085
-13.96,9.12,-3.64,-3.615,-4.2,-11.271,-1.1849
-13.339,9.12,-3.64,-3.615,-4.2,-11.271,-1.2068
-7.965,9.12,-3.64,-3.615,-4.2,-11.271,-1.3518
-6.5,9.12,-3.64,-3.615,-4.2,-11.271,-1.3002
-2.069,9.12,-3.64,-3.615,-4.2,-11.271,-1.1488
-1.116,9.12,-3.64,-3.615,-4.2,-11.271,-1.1306
-0.443,9.12,-3.64,-3.615,-4.2,-11.271,-1.1241
-0.294,9.12,-3.64,-3.615,-4.2,-11.271,-1.1233
2.277,9.12,-3.64,-3.615,-4.2,-11.271,-1.1411
5.542,9.12,-3.64,-3.615,-4.2,-11.271,-1.2261
7.057,9.12,-3.64,-3.615,-4.2,-11.271,-1.2646
10.049,9.12,-3.64,-3.615,-4.2,-11.271,-1.3376
10.081,9.12,-3.64,-3.615,-4.2,-11.271,-1.3387
11.35,9.12,-3.64,-3.615,-4.2,-11.271,-1.3404
-14.943,11.95,-10.509,-17.069,-1.926,-3.665,-1.502
-14.111,11.95,-10.509,-17.069,-1.926,-3.665,-1.5246
-11.584,11.95,-10.509,-17.069,-1.926,-3.665,-1.5958
-9.523,11.95,-10.509,-17.069,-1.926,-3.665,-1.6623
-3.169,11.95,-10.509,-17.069,-1.926,-3.665,-1.8931
-2.854,11.95,-10.509,-17.069,-1.926,-3.665,-1.8837
0.714,11.95,-10.509,-17.069,-1.926,-3.665,-1.8221
2.019,11.95,-10.509,-17.069,-1.926,-3.665,-1.8222
3.251,11.95,-10.509,-17.069,-1.926,-3.665,-1.8332
6.314,11.95,-10.509,-17.069,-1.926,-3.665,-1.8608
11.108,11.95,-10.509,-17.069,-1.926,-3.665,-1.6527
11.335,11.95,-10.509,-17.069,-1.926,-3.665,-1.646
11.623,11.95,-10.509,-17.069,-1.926,-3.665,-1.6377
14.637,11.95,-10.509,-17.069,-1.926,-3.665,-1.5556
-14.611,-2.53,-6.818,-9.133,-19.762,13.628,-0.0384
-9.522,-2.53,-6.818,-9.133,-19.762,13.628,0.0582
-8.298,-2.53,-6.818,-9.133,-19.762,13.628,0.1389
-4.674,-2.53,-6.818,-9.133,-19.762,13.628,0.142
-2.885,-2.53,-6.818,-9.133,-19.762,13.628,0.1043
-2.1,-2.53,-6.818,-9.133,-19.762,13.628,0.0888
1.413,-2.53,-6.818,-9.133,-19.762,13.628,0.0774
1.911,-2.53,-6.818,-9.133,-19.762,13.628,0.085
2.356,-2.53,-6.818,-9.133,-19.762,13.628,0.0928
6.14,-2.53,-6.818,-9.133,-19.762,13.628,0.1751
6.989,-2.53,-6.818,-9.133,-19.762,13.628,0.1903
10.893,-2.53,-6.818,-9.133,-19.762,13.628,0.0518
11.402,-2.53,-6.818,-9.133,-19.762,13.628,0.0294
13.13,-2.53,-6.818,-9.133,-19.762,13.628,-0.0341
-13.26,-11.09,12.007,13.662,-9.251,14.753,1.2346
-13.118,-11.09,12.007,13.662,-9.251,14.753,1.2377
-12.359,-11.09,12.007,13.662,-9.251,14.753,1.2543
-7.1,-11.09,12.007,13.662,-9.251,14.753,1.3778
-4.887,-11.09,12.007,13.662,-9.251,14.753,1.4025
-0.489,-11.09,12.007,13.662,-9.251,14.753,1.403
1.359,-11.09,12.007,13.662,-9.251,14.753,1.3954
4.861,-11.09,12.007,13.662,-9.251,14.753,1.3744
5.358,-11.09,12.007,13.662,-9.251,14.753,1.3706
7.175,-11.09,12.007,13.662,-9.251,14.753,1.3549
9.191,-11.09,12.007,13.662,-9.251,14.753,1.3361
9.973,-11.09,12.007,13.662,-9.251,14.753,1.3281
12.45,-11.09,12.007,13.662,-9.251,14.753,1.2742
12.727,-11.09,12.007,13.662,-9.251,14.753,1.2672
-14.472,0.74,18.767,-17.453,-1.75,13.68,-0.2262
-12.05,0.74,18.767,-17.453,-1.75,13.68,-0.2041
-11.162,0.74,18.767,-17.453,-1.75,13.68,-0.1927
-9.077,0.74,18.767,-17.453,-1.75,13.68,-0.1434
-5.096,0.74,18.767,-17.453,-1.75,13.68,-0.1503
-0.229,0.74,18.767,-17.453,-1.75,13.68,-0.1915
0.842,0.74,18.767,-17.453,-1.75,13.68,-0.189
4.791,0.74,18.767,-17.453,-1.75,13.68,-0.1662
5.953,0.74,18.767,-17.453,-1.75,13.68,-0.1824
6.566,0.74,18.767,-17.453,-1.75,13.68,-0.1897
8.405,0.74,18.767,-17.453,-1.75,13.68,-0.2068
9.966,0.74,18.767,-17.453,-1.75,13.68,-0.2085
13.919,0.74,18.767,-17.453,-1.75,13.68,-0.2231
14.423,0.74,18.767,-17.453,-1.75,13.68,-0.2273
-11.42,9.93,0.345,19.086,19.192,1.05,-0.8804
-6.914,9.93,0.345,19.086,19.192,1.05,-0.9855
-6.608,9.93,0.345,19.086,19.192,1.05,-0.9893
-5.465,9.93,0.345,19.086,19.192,1.05,-1.0
-4.77,9.93,0.345,19.086,19.192,1.05,-1.0045
-3.978,9.93,0.345,19.086,19.192,1.05,-1.0085
-1.791,9.93,0.345,19.086,19.192,1.05,-1.0125
-1.571,9.93,0.345,19.086,19.192,1.05,-1.0126
-0.172,9.93,0.345,19.086,19.192,1.05,-1.013
1.756,9.93,0.345,19.086,19.192,1.05,-1.0123
2.742,9.93,0.345,19.086,19.192,1.05,-1.0108
9.293,9.93,0.345,19.086,19.192,1.05,-0.9786
10.209,9.93,0.345,19.086,19.192,1.05,-0.9736
13.571,9.93,0.345,19.086,19.192,1.05,-0.9668
-12.118,-5.53,12.18,11.667,-0.189,-8.697,0.5096
-10.481,-5.53,12.18,11.667,-0.189,-8.697,0.5274
-4.609,-5.53,12.18,11.667,-0.189,-8.697,0.5521
-3.877,-5.53,12.18,11.667,-0.189,-8.697,0.5605
-2.57,-5.53,12.18,11.667,-0.189,-8.697,0.5676
-0.898,-5.53,12.18,11.667,-0.189,-8.697,0.5717
0.49,-5.53,12.18,11.667,-0.189,-8.697,0.5726
0.59,-5.53,12.18,11.667,-0.189,-8.697,0.5725
2.56,-5.53,12.18,11.667,-0.189,-8.697,0.568
4.643,-5.53,12.18,11.667,-0.189,-8.697,0.5567
4.981,-5.53,12.18,11.667,-0.189,-8.697,0.5537
7.594,-5.53,12.18,11.667,-0.189,-8.697,0.5056
7.778,-5.53,12.18,11.667,-0.189,-8.697,0.5014
8.116,-5.53,12.18,11.667,-0.189,-8.697,0.4944
-10.235,-7.9,14.229,-3.23,-15.665,-6.755,0.6364
-9.276,-7.9,14.229,-3.23,-15.665,-6.755,0.6765
-8.085,-7.9,14.229,-3.23,-15.665,-6.755,0.6982
-8.007,-7.9,14.229,-3.23,-15.665,-6.755,0.6978
-4.255,-7.9,14.229,-3.23,-15.665,-6.755,0.7172
-2.744,-7.9,14.229,-3.23,-15.665,-6.755,0.724
-1.726,-7.9,14.229,-3.23,-15.665,-6.755,0.7268
1.235,-7.9,14.229,-3.23,-15.665,-6.755,0.7315
2.022,-7.9,14.229,-3.23,-15.665,-6.755,0.7322
5.749,-7.9,14.229,-3.23,-15.665,-6.755,0.7072
9.869,-7.9,14.229,-3.23,-15.665,-6.755,0.6221
9.904,-7.9,14.229,-3.23,-15.665,-6.755,0.6212
11.577,-7.9,14.229,-3.23,-15.665,-6.755,0.5861
13.236,-7.9,14.229,-3.23,-15.665,-6.755,0.568
-13.045,-14.53,14.359,18.634,5.697,13.656,2.0592
-11.317,-14.53,14.359,18.634,5.697,13.656,2.0995
-8.914,-14.53,14.359,18.634,5.697,13.656,2.1538
-8.5,-14.53,14.359,18.634,5.697,13.656,2.1628
-7.36,-14.53,14.359,18.634,5.697,13.656,2.1862
-7.092,-14.53,14.359,18.634,5.697,13.656,2.1915
-5.647,-14.53,14.359,18.634,5.697,13.656,2.2189
-3.272,-14.53,14.359,18.634,5.697,13.656,2.253
0.452,-14.53,14.359,18.634,5.697,13.656,2.2761
0.464,-14.53,14.359,18.634,5.697,13.656,2.2761
1.848,-14.53,14.359,18.634,5.697,13.656,2.2703
5.743,-14.53,14.359,18.634,5.697,13.656,2.2163
6.229,-14.53,14.359,18.634,5.697,13.656,2.2079
9.657,-14.53,14.359,18.634,5.697,13.656,2.1372
-13.373,4.45,12.415,-2.357,2.334,-1.21,-0.4773
-11.747,4.45,12.415,-2.357,2.334,-1.21,-0.4917
-9.033,4.45,12.415,-2.357,2.334,-1.21,-0.5257
-5.648,4.45,12.415,-2.357,2.334,-1.21,-0.5254
-2.433,4.45,12.415,-2.357,2.334,-1.21,-0.4927
-0.818,4.45,12.415,-2.357,2.334,-1.21,-0.4777
-0.71,4.45,12.415,-2.357,2.334,-1.21,-0.4772
0.714,4.45,12.415,-2.357,2.334,-1.21,-0.4778
1.913,4.45,12.415,-2.357,2.334,-1.21,-0.4864
4.7,4.45,12.415,-2.357,2.334,-1.21,-0.5188
8.131,4.45,12.415,-2.357,2.334,-1.21,-0.5506
8.132,4.45,12.415,-2.357,2.334,-1.21,-0.5506
8.943,4.45,12.415,-2.357,2.334,-1.21,-0.5452
10.483,4.45,12.415,-2.357,2.334,-1.21,-0.519
-9.738,5.07,-6.722,6.037,-2.467,-16.187,-0.5501
-8.941,5.07,-6.722,6.037,-2.467,-16.187,-0.5338
-6.431,5.07,-6.722,6.037,-2.467,-16.187,-0.5193
-6.057,5.07,-6.722,6.037,-2.467,-16.187,-0.5293
-4.809,5.07,-6.722,6.037,-2.467,-16.187,-0.5535
-3.943,5.07,-6.722,6.037,-2.467,-16.187,-0.56
-2.647,5.07,-6.722,6.037,-2.467,-16.187,-0.5594
-1.185,5.07,-6.722,6.037,-2.467,-16.187,-0.5552
-0.718,5.07,-6.722,6.037,-2.467,-16.187,-0.5543
2.428,5.07,-6.722,6.037,-2.467,-16.187,-0.5519
6.573,5.07,-6.722,6.037,-2.467,-16.187,-0.5305
8.305,5.07,-6.722,6.037,-2.467,-16.187,-0.495
8.374,5.07,-6.722,6.037,-2.467,-16.187,-0.494
10.838,5.07,-6.722,6.037,-2.467,-16.187,-0.5131
-14.867,7.85,-13.796,16.884,17.904,16.165,-0.433
-14.612,7.85,-13.796,16.884,17.904,16.165,-0.4412
-14.531,7.85,-13.796,16.884,17.904,16.165,-0.4443
-14.249,7.85,-13.796,16.884,17.904,16.165,-0.4564
-9.263,7.85,-13.796,16.884,17.904,16.165,-0.5579
-8.468,7.85,-13.796,16.884,17.904,16.165,-0.5703
-4.821,7.85,-13.796,16.884,17.904,16.165,-0.6083
2.122,7.85,-13.796,16.884,17.904,16.165,-0.6364
2.468,7.85,-13.796,16.884,17.904,16.165,-0.6339
3.813,7.85,-13.796,16.884,17.904,16.165,-0.6215
7.021,7.85,-13.796,16.884,17.904,16.165,-0.5856
8.576,7.85,-13.796,16.884,17.904,16.165,-0.5679
8.626,7.85,-13.796,16.884,17.904,16.165,-0.5672
10.935,7.85,-13.796,16.884,17.904,16.165,-0.5265
-13.688,12.08,4.837,10.316,-7.006,12.039,-1.6906
-11.665,12.08,4.837,10.316,-7.006,12.039,-1.7237
-11.601,12.08,4.837,10.316,-7.006,12.039,-1.7248
-8.208,12.08,4.837,10.316,-7.006,12.039,-1.7637
-7.989,12.08,4.837,10.316,-7.006,12.039,-1.7627
-7.728,12.08,4.837,10.316,-7.006,12.039,-1.7606
-6.645,12.08,4.837,10.316,-7.006,12.039,-1.741
-5.76,12.08,4.837,10.316,-7.006,12.039,-1.7179
-2.796,12.08,4.837,10.316,-7.006,12.039,-1.6421
-1.595,12.08,4.837,10.316,-7.006,12.039,-1.6216
1.62,12.08,4.837,10.316,-7.006,12.039,-1.6058
5.643,12.08,4.837,10.316,-7.006,12.039,-1.6615
6.057,12.08,4.837,10.316,-7.006,12.039,-1.6719
10.386,12.08,4.837,10.316,-7.006,12.039,-1.7309
-12.557,5.05,-2.935,-7.016,-8.478,-7.483,-0.7702
-10.511,5.05,-2.935,-7.016,-8.478,-7.483,-0.7322
-8.326,5.05,-2.935,-7.016,-8.478,-7.483,-0.6726
-8.205,5.05,-2.935,-7.016,-8.478,-7.483,-0.6669
-7.529,5.05,-2.935,-7.016,-8.478,-7.483,-0.6283
-6.767,5.05,-2.935,-7.016,-8.478,-7.483,-0.5781
-5.763,5.05,-2.935,-7.016,-8.478,-7.483,-0.5526
-5.198,5.05,-2.935,-7.016,-8.478,-7.483,-0.5698
1.439,5.05,-2.935,-7.016,-8.478,-7.483,-0.6252
2.736,5.05,-2.935,-7.016,-8.478,-7.483,-0.628
4.371,5.05,-2.935,-7.016,-8.478,-7.483,-0.6202
5.892,5.05,-2.935,-7.016,-8.478,-7.483,-0.5936
10.179,5.05,-2.935,-7.016,-8.478,-7.483,-0.6863
11.453,5.05,-2.935,-7.016,-8.478,-7.483,-0.7094
-14.672,7.95,-14.972,4.633,13.112,-7.594,-0.5695
-7.341,7.95,-14.972,4.633,13.112,-7.594,-0.7732
-3.798,7.95,-14.972,4.633,13.112,-7.594,-0.7862
-2.172,7.95,-14.972,4.633,13.112,-7.594,-0.7813
-0.937,7.95,-14.972,4.633,13.112,-7.594,-0.7801
0.719,7.95,-14.972,4.633,13.112,-7.594,-0.7791
0.914,7.95,-14.972,4.633,13.112,-7.594,-0.7789
4.72,7.95,-14.972,4.633,13.112,-7.594,-0.7743
5.78,7.95,-14.972,4.633,13.112,-7.594,-0.7707
6.352,7.95,-14.972,4.633,13.112,-7.594,-0.7676
7.909,7.95,-14.972,4.633,13.112,-7.594,-0.7458
10.317,7.95,-14.972,4.633,13.112,-7.594,-0.6868
10.37,7.95,-14.972,4.633,13.112,-7.594,-0.6857
13.372,7.95,-14.972,4.633,13.112,-7.594,-0.6203
-13.75,-7.74,-14.792,-2.905,-1.697,3.317,0.8503
-12.384,-7.74,-14.792,-2.905,-1.697,3.317,0.9427
-12.359,-7.74,-14.792,-2.905,-1.697,3.317,0.9432
-12.166,-7.74,-14.792,-2.905,-1.697,3.317,0.9469
-10.916,-7.74,-14.792,-2.905,-1.697,3.317,0.9634
-7.79,-7.74,-14.792,-2.905,-1.697,3.317,0.9464
-2.599,-7.74,-14.792,-2.905,-1.697,3.317,0.925
-0.367,-7.74,-14.792,-2.905,-1.697,3.317,0.9363
2.614,-7.74,-14.792,-2.905,-1.697,3.317,0.9447
4.052,-7.74,-14.792,-2.905,-1.697,3.317,0.9453
5.264,-7.74,-14.792,-2.905,-1.697,3.317,0.9402
7.599,-7.74,-14.792,-2.905,-1.697,3.317,0.9341
9.696,-7.74,-14.792,-2.905,-1.697,3.317,0.9692
10.824,-7.74,-14.792,-2.905,-1.697,3.317,0.9863
-12.627,-9.11,17.799,-13.141,5.62,-9.041,1.0936
-8.538,-9.11,17.799,-13.141,5.62,-9.041,1.1634
-6.727,-9.11,17.799,-13.141,5.62,-9.041,1.0812
-6.328,-9.11,17.799,-13.141,5.62,-9.041,1.0654
-2.27,-9.11,17.799,-13.141,5.62,-9.041,0.9245
-0.221,-9.11,17.799,-13.141,5.62,-9.041,0.9064
5.582,-9.11,17.799,-13.141,5.62,-9.041,0.989
6.357,-9.11,17.799,-13.141,5.62,-9.041,1.0135
7.503,-9.11,17.799,-13.141,5.62,-9.041,1.0489
7.69,-9.11,17.799,-13.141,5.62,-9.041,1.0543
7.782,-9.11,17.799,-13.141,5.62,-9.041,1.057
8.276,-9.11,17.799,-13.141,5.62,-9.041,1.0708
11.117,-9.11,17.799,-13.141,5.62,-9.041,1.151
14.371,-9.11,17.799,-13.141,5.62,-9.041,1.0356
-13.942,-4.8,-15.407,-9.629,17.884,4.581,0.8725
-13.888,-4.8,-15.407,-9.629,17.884,4.581,0.8747
-12.279,-4.8,-15.407,-9.629,17.884,4.581,0.8969
-12.122,-4.8,-15.407,-9.629,17.884,4.581,0.8907
-12.007,-4.8,-15.407,-9.629,17.884,4.581,0.8853
-11.392,-4.8,-15.407,-9.629,17.884,4.581,0.8527
-8.197,-4.8,-15.407,-9.629,17.884,4.581,0.6699
-6.917,-4.8,-15.407,-9.629,17.884,4.581,0.6145
-6.257,-4.8,-15.407,-9.629,17.884,4.581,0.609
2.64,-4.8,-15.407,-9.629,17.884,4.581,0.6798
4.675,-4.8,-15.407,-9.629,17.884,4.581,0.6873
5.391,-4.8,-15.407,-9.629,17.884,4.581,0.6827
8.234,-4.8,-15.407,-9.629,17.884,4.581,0.6946
11.365,-4.8,-15.407,-9.629,17.884,4.581,0.7955
-10.394,14.8,15.537,11.863,6.012,3.811,-2.059
-9.786,14.8,15.537,11.863,6.012,3.811,-2.0685
-8.582,14.8,15.537,11.863,6.012,3.811,-2.0873
-8.156,14.8,15.537,11.863,6.012,3.811,-2.094
-6.52,14.8,15.537,11.863,6.012,3.811,-2.1187
-1.909,14.8,15.537,11.863,6.012,3.811,-2.1435
-1.896,14.8,15.537,11.863,6.012,3.811,-2.1434
0.393,14.8,15.537,11.863,6.012,3.811,-2.127
1.181,14.8,15.537,11.863,6.012,3.811,-2.121
3.116,14.8,15.537,11.863,6.012,3.811,-2.111
8.155,14.8,15.537,11.863,6.012,3.811,-2.1282
8.318,14.8,15.537,11.863,6.012,3.811,-2.1285
11.057,14.8,15.537,11.863,6.012,3.811,-2.111
12.393,14.8,15.537,11.863,6.012,3.811,-2.0943
-12.435,1.23,-0.314,12.131,-2.357,-9.19,-0.097
-11.1,1.23,-0.314,12.131,-2.357,-9.19,-0.0987
-9.533,1.23,-0.314,12.131,-2.357,-9.19,-0.1148
-8.891,1.23,-0.314,12.131,-2.357,-9.19,-0.121
-7.183,1.23,-0.314,12.131,-2.357,-9.19,-0.1288
-4.285,1.23,-0.314,12.131,-2.357,-9.19,-0.1398
-3.725,1.23,-0.314,12.131,-2.357,-9.19,-0.1483
-0.363,1.23,-0.314,12.131,-2.357,-9.19,-0.1415
0.78,1.23,-0.314,12.131,-2.357,-9.19,-0.143
1.209,1.23,-0.314,12.131,-2.357,-9.19,-0.1479
4.071,1.23,-0.314,12.131,-2.357,-9.19,-0.1485
4.646,1.23,-0.314,12.131,-2.357,-9.19,-0.1428
6.855,1.23,-0.314,12.131,-2.357,-9.19,-0.134
10.43,1.23,-0.314,12.131,-2.357,-9.19,-0.1123
-13.952,-14.41,3.189,-11.314,17.954,-10.594,2.0152
-13.9,-14.41,3.189,-11.314,17.954,-10.594,2.0158
-11.509,-14.41,3.189,-11.314,17.954,-10.594,2.0428
-1.696,-14.41,3.189,-11.314,17.954,-10.594,2.112
-0.712,-14.41,3.189,-11.314,17.954,-10.594,2.1034
-0.207,-14.41,3.189,-11.314,17.954,-10.594,2.0993
-0.084,-14.41,3.189,-11.314,17.954,-10.594,2.0983
2.007,-14.41,3.189,-11.314,17.954,-10.594,2.0862
2.048,-14.41,3.189,-11.314,17.954,-10.594,2.0861
5.655,-14.41,3.189,-11.314,17.954,-10.594,2.08
8.974,-14.41,3.189,-11.314,17.954,-10.594,2.0616
10.34,-14.41,3.189,-11.314,17.954,-10.594,2.0463
10.365,-14.41,3.189,-11.314,17.954,-10.594,2.046
10.911,-14.41,3.189,-11.314,17.954,-10.594,2.0392
-9.016,-8.16,18.826,-17.218,7.563,-1.712,1.128
-6.964,-8.16,18.826,-17.218,7.563,-1.712,0.9948
-4.928,-8.16,18.826,-17.218,7.563,-1.712,0.8866
-2.105,-8.16,18.826,-17.218,7.563,-1.712,0.7823
-1.244,-8.16,18.826,-17.218,7.563,-1.712,0.776
-1.125,-8.16,18.826,-17.218,7.563,-1.712,0.7759
0.176,-8.16,18.826,-17.218,7.563,-1.712,0.7784
1.069,-8.16,18.826,-17.218,7.563,-1.712,0.7811
1.708,-8.16,18.826,-17.218,7.563,-1.712,0.7832
1.903,-8.16,18.826,-17.218,7.563,-1.712,0.784
4.025,-8.16,18.826,-17.218,7.563,-1.712,0.8064
6.355,-8.16,18.826,-17.218,7.563,-1.712,0.8732
8.009,-8.16,18.826,-17.218,7.563,-1.712,0.9272
11.372,-8.16,18.826,-17.218,7.563,-1.712,1.0156
-13.419,-7.01,-0.379,9.191,-2.997,-2.13,0.7567
-12.456,-7.01,-0.379,9.191,-2.997,-2.13,0.7735
-12.025,-7.01,-0.379,9.191,-2.997,-2.13,0.7811
-8.521,-7.01,-0.379,9.191,-2.997,-2.13,0.7971
-6.472,-7.01,-0.379,9.191,-2.997,-2.13,0.7707
-3.336,-7.01,-0.379,9.191,-2.997,-2.13,0.7983
0.494,-7.01,-0.379,9.191,-2.997,-2.13,0.8012
1.341,-7.01,-0.379,9.191,-2.997,-2.13,0.8025
3.268,-7.01,-0.379,9.191,-2.997,-2.13,0.8068
3.821,-7.01,-0.379,9.191,-2.997,-2.13,0.8071
7.463,-7.01,-0.379,9.191,-2.997,-2.13,0.7741
8.368,-7.01,-0.379,9.191,-2.997,-2.13,0.7631
10.673,-7.01,-0.379,9.191,-2.997,-2.13,0.7667
12.107,-7.01,-0.379,9.191,-2.997,-2.13,0.7646
-13.716,11.0,13.555,-3.232,16.205,19.253,-1.2079
-12.004,11.0,13.555,-3.232,16.205,19.253,-1.2261
-11.318,11.0,13.555,-3.232,16.205,19.253,-1.2324
-10.462,11.0,13.555,-3.232,16.205,19.253,-1.2393
-10.29,11.0,13.555,-3.232,16.205,19.253,-1.2405
-6.572,11.0,13.555,-3.232,16.205,19.253,-1.2472
-1.867,11.0,13.555,-3.232,16.205,19.253,-1.2408
-0.743,11.0,13.555,-3.232,16.205,19.253,-1.2402
-0.399,11.0,13.555,-3.232,16.205,19.253,-1.2406
0.838,11.0,13.555,-3.232,16.205,19.253,-1.2438
1.329,11.0,13.555,-3.232,16.205,19.253,-1.2458
1.957,11.0,13.555,-3.232,16.205,19.253,-1.2488
4.53,11.0,13.555,-3.232,16.205,19.253,-1.2648
8.505,11.0,13.555,-3.232,16.205,19.253,-1.2778
-11.92,11.75,-16.918,-18.231,4.816,-15.326,-1.4154
-11.28,11.75,-16.918,-18.231,4.816,-15.326,-1.4312
-9.976,11.75,-16.918,-18.231,4.816,-15.326,-1.465
-7.849,11.75,-16.918,-18.231,4.816,-15.326,-1.5269
-7.675,11.75,-16.918,-18.231,4.816,-15.326,-1.5323
-7.207,11.75,-16.918,-18.231,4.816,-15.326,-1.5469
-4.554,11.75,-16.918,-18.231,4.816,-15.326,-1.6027
-4.032,11.75,-16.918,-18.231,4.816,-15.326,-1.6051
-1.244,11.75,-16.918,-18.231,4.816,-15.326,-1.5968
0.589,11.75,-16.918,-18.231,4.816,-15.326,-1.5894
8.277,11.75,-16.918,-18.231,4.816,-15.326,-1.5505
9.559,11.75,-16.918,-18.231,4.816,-15.326,-1.5094
11.818,11.75,-16.918,-18.231,4.816,-15.326,-1.4437
13.192,11.75,-16.918,-18.231,4.816,-15.326,-1.4067
-9.407,-11.56,-16.426,9.283,-5.905,-0.42,1.5982
-7.526,-11.56,-16.426,9.283,-5.905,-0.42,1.6344
-7.01,-11.56,-16.426,9.283,-5.905,-0.42,1.631
-6.767,-11.56,-16.426,9.283,-5.905,-0.42,1.6283
-5.819,-11.56,-16.426,9.283,-5.905,-0.42,1.6146
-4.568,-11.56,-16.426,9.283,-5.905,-0.42,1.598
-4.511,-11.56,-16.426,9.283,-5.905,-0.42,1.5973
0.22,-11.56,-16.426,9.283,-5.905,-0.42,1.5515
2.426,-11.56,-16.426,9.283,-5.905,-0.42,1.5525
3.621,-11.56,-16.426,9.283,-5.905,-0.42,1.5568
5.857,-11.56,-16.426,9.283,-5.905,-0.42,1.5708
9.026,-11.56,-16.426,9.283,-5.905,-0.42,1.5933
9.594,-11.56,-16.426,9.283,-5.905,-0.42,1.5969
10.071,-11.56,-16.426,9.283,-5.905,-0.42,1.599
-14.197,4.04,14.975,19.105,14.43,3.445,-0.2187
-11.614,4.04,14.975,19.105,14.43,3.445,-0.2579
-11.512,4.04,14.975,19.105,14.43,3.445,-0.2611
-11.056,4.04,14.975,19.105,14.43,3.445,-0.2751
-9.181,4.04,14.975,19.105,14.43,3.445,-0.3211
-8.075,4.04,14.975,19.105,14.43,3.445,-0.3493
-5.34,4.04,14.975,19.105,14.43,3.445,-0.3534
-5.312,4.04,14.975,19.105,14.43,3.445,-0.3528
-4.613,4.04,14.975,19.105,14.43,3.445,-0.3415
-2.569,4.04,14.975,19.105,14.43,3.445,-0.3179
1.122,4.04,14.975,19.105,14.43,3.445,-0.3335
2.258,4.04,14.975,19.105,14.43,3.445,-0.3364
4.846,4.04,14.975,19.105,14.43,3.445,-0.3629
5.429,4.04,14.975,19.105,14.43,3.445,-0.3727
-13.307,12.86,0.553,1.164,8.135,5.483,-1.6036
-12.773,12.86,0.553,1.164,8.135,5.483,-1.6133
-10.54,12.86,0.553,1.164,8.135,5.483,-1.6544
-6.26,12.86,0.553,1.164,8.135,5.483,-1.7209
-5.445,12.86,0.553,1.164,8.135,5.483,-1.7183
1.28,12.86,0.553,1.164,8.135,5.483,-1.6439
2.872,12.86,0.553,1.164,8.135,5.483,-1.6248
4.077,12.86,0.553,1.164,8.135,5.483,-1.5799
5.249,12.86,0.553,1.164,8.135,5.483,-1.5018
5.912,12.86,0.553,1.164,8.135,5.483,-1.5908
8.821,12.86,0.553,1.164,8.135,5.483,-1.7108
10.454,12.86,0.553,1.164,8.135,5.483,-1.771
11.087,12.86,0.553,1.164,8.135,5.483,-1.7385
13.426,12.86,0.553,1.164,8.135,5.483,-1.6559
-13.564,-6.47,-2.456,2.617,7.747,-17.756,0.8412
-9.974,-6.47,-2.456,2.617,7.747,-17.756,0.795
-8.256,-6.47,-2.456,2.617,7.747,-17.756,0.7342
-8.198,-6.47,-2.456,2.617,7.747,-17.756,0.7321
-6.649,-6.47,-2.456,2.617,7.747,-17.756,0.7036
-0.578,-6.47,-2.456,2.617,7.747,-17.756,0.7849
1.243,-6.47,-2.456,2.617,7.747,-17.756,0.7908
2.214,-6.47,-2.456,2.617,7.747,-17.756,0.7936
2.434,-6.47,-2.456,2.617,7.747,-17.756,0.794
2.712,-6.47,-2.456,2.617,7.747,-17.756,0.7945
5.736,-6.47,-2.456,2.617,7.747,-17.756,0.774
7.443,-6.47,-2.456,2.617,7.747,-17.756,0.7692
10.029,-6.47,-2.456,2.617,7.747,-17.756,0.8568
10.966,-6.47,-2.456,2.617,7.747,-17.756,0.8816
-12.915,-11.82,15.946,8.69,4.061,-15.987,1.5135
-9.367,-11.82,15.946,8.69,4.061,-15.987,1.6391
-7.401,-11.82,15.946,8.69,4.061,-15.987,1.7219
-5.242,-11.82,15.946,8.69,4.061,-15.987,1.6673
-3.924,-11.82,15.946,8.69,4.061,-15.987,1.6222
2.208,-11.82,15.946,8.69,4.061,-15.987,1.5556
2.321,-11.82,15.946,8.69,4.061,-15.987,1.5567
2.349,-11.82,15.946,8.69,4.061,-15.987,1.557
5.141,-11.82,15.946,8.69,4.061,-15.987,1.6237
9.125,-11.82,15.946,8.69,4.061,-15.987,1.6965
11.041,-11.82,15.946,8.69,4.061,-15.987,1.6149
13.8,-11.82,15.946,8.69,4.061,-15.987,1.5247
14.101,-11.82,15.946,8.69,4.061,-15.987,1.5157
14.356,-11.82,15.946,8.69,4.061,-15.987,1.5081
-13.27,5.2,2.351,15.799,5.387,-17.092,-0.4651
-11.937,5.2,2.351,15.799,5.387,-17.092,-0.4879
-11.745,5.2,2.351,15.799,5.387,-17.092,-0.4908
-8.325,5.2,2.351,15.799,5.387,-17.092,-0.5364
-6.655,5.2,2.351,15.799,5.387,-17.092,-0.5449
-5.282,5.2,2.351,15.799,5.387,-17.092,-0.5393
-4.031,5.2,2.351,15.799,5.387,-17.092,-0.5299
-3.28,5.2,2.351,15.799,5.387,-17.092,-0.5241
7.216,5.2,2.351,15.799,5.387,-17.092,-0.5389
8.794,5.2,2.351,15.799,5.387,-17.092,-0.5235
8.826,5.2,2.351,15.799,5.387,-17.092,-0.5231
11.588,5.2,2.351,15.799,5.387,-17.092,-0.4899
11.865,5.2,2.351,15.799,5.387,-17.092,-0.4877
13.841,5.2,2.351,15.799,5.387,-17.092,-0.4683
-13.22,-12.79,12.205,-6.973,10.775,6.562,1.7549
-12.283,-12.79,12.205,-6.973,10.775,6.562,1.7704
-11.226,-12.79,12.205,-6.973,10.775,6.562,1.7888
-10.83,-12.79,12.205,-6.973,10.775,6.562,1.7963
-9.028,-12.79,12.205,-6.973,10.775,6.562,1.8346
-3.784,-12.79,12.205,-6.973,10.775,6.562,1.9851
0.212,-12.79,12.205,-6.973,10.775,6.562,1.9575
0.837,-12.79,12.205,-6.973,10.775,6.562,1.9537
1.925,-12.79,12.205,-6.973,10.775,6.562,1.9525
2.006,-12.79,12.205,-6.973,10.775,6.562,1.9526
4.627,-12.79,12.205,-6.973,10.775,6.562,1.9459
5.291,-12.79,12.205,-6.973,10.775,6.562,1.9363
7.582,-12.79,12.205,-6.973,10.775,6.562,1.8706
14.159,-12.79,12.205,-6.973,10.775,6.562,1.6946
-12.619,-0.2,-7.668,-17.24,9.354,13.941,0.1946
-11.624,-0.2,-7.668,-17.24,9.354,13.941,0.1738
-10.719,-0.2,-7.668,-17.24,9.354,13.941,0.1484
-9.739,-0.2,-7.668,-17.24,9.354,13.941,0.1108
-4.868,-0.2,-7.668,-17.24,9.354,13.941,0.1366
2.086,-0.2,-7.668,-17.24,9.354,13.941,0.1454
3.239,-0.2,-7.668,-17.24,9.354,13.941,0.1314
5.369,-0.2,-7.668,-17.24,9.354,13.941,0.1295
5.483,-0.2,-7.668,-17.24,9.354,13.941,0.1298
6.132,-0.2,-7.668,-17.24,9.354,13.941,0.13
7.933,-0.2,-7.668,-17.24,9.354,13.941,0.1092
8.354,-0.2,-7.668,-17.24,9.354,13.941,0.1028
9.321,-0.2,-7.668,-17.24,9.354,13.941,0.1069
9.809,-0.2,-7.668,-17.24,9.354,13.941,0.1219
-10.902,-3.8,-9.859,-14.294,-11.163,2.301,0.2946
-10.146,-3.8,-9.859,-14.294,-11.163,2.301,0.3099
-6.975,-3.8,-9.859,-14.294,-11.163,2.301,0.3514
-6.033,-3.8,-9.859,-14.294,-11.163,2.301,0.3354
-3.857,-3.8,-9.859,-14.294,-11.163,2.301,0.3212
-3.76,-3.8,-9.859,-14.294,-11.163,2.301,0.3209
-1.026,-3.8,-9.859,-14.294,-11.163,2.301,0.3091
0.553,-3.8,-9.859,-14.294,-11.163,2.301,0.3079
1.266,-3.8,-9.859,-14.294,-11.163,2.301,0.3098
1.6,-3.8,-9.859,-14.294,-11.163,2.301,0.3117
4.667,-3.8,-9.859,-14.294,-11.163,2.301,0.337
5.297,-3.8,-9.859,-14.294,-11.163,2.301,0.3436
7.736,-3.8,-9.859,-14.294,-11.163,2.301,0.3661
8.179,-3.8,-9.859,-14.294,-11.163,2.301,0.3599
-14.711,-7.5,-10.709,8.655,14.991,3.973,1.1593
-12.694,-7.5,-10.709,8.655,14.991,3.973,1.2546
-5.793,-7.5,-10.709,8.655,14.991,3.973,1.0719
-2.018,-7.5,-10.709,8.655,14.991,3.973,0.9657
-1.911,-7.5,-10.709,8.655,14.991,3.973,0.9665
2.42,-7.5,-10.709,8.655,14.991,3.973,0.9875
2.658,-7.5,-10.709,8.655,14.991,3.973,0.9882
4.293,-7.5,-10.709,8.655,14.991,3.973,1.002
6.776,-7.5,-10.709,8.655,14.991,3.973,1.0916
7.729,-7.5,-10.709,8.655,14.991,3.973,1.137
7.79,-7.5,-10.709,8.655,14.991,3.973,1.1397
11.081,-7.5,-10.709,8.655,14.991,3.973,1.2671
11.686,-7.5,-10.709,8.655,14.991,3.973,1.2805
14.688,-7.5,-10.709,8.655,14.991,3.973,1.1524
-14.31,3.79,13.168,16.259,-18.921,1.257,-0.596
-11.407,3.79,13.168,16.259,-18.921,1.257,-0.5562
-10.561,3.79,13.168,16.259,-18.921,1.257,-0.5256
-8.904,3.79,13.168,16.259,-18.921,1.257,-0.471
-8.162,3.79,13.168,16.259,-18.921,1.257,-0.474
-7.926,3.79,13.168,16.259,-18.921,1.257,-0.4795
-4.186,3.79,13.168,16.259,-18.921,1.257,-0.5455
-4.088,3.79,13.168,16.259,-18.921,1.257,-0.5453
-1.977,3.79,13.168,16.259,-18.921,1.257,-0.5659
-0.542,3.79,13.168,16.259,-18.921,1.257,-0.6141
-0.145,3.79,13.168,16.259,-18.921,1.257,-0.623
4.794,3.79,13.168,16.259,-18.921,1.257,-0.5679
6.965,3.79,13.168,16.259,-18.921,1.257,-0.5726
8.432,3.79,13.168,16.259,-18.921,1.257,-0.5595
-12.794,-13.84,-3.458,2.823,-15.848,-3.676,1.7033
-9.102,-13.84,-3.458,2.823,-15.848,-3.676,1.7443
-8.711,-13.84,-3.458,2.823,-15.848,-3.676,1.7479
-4.756,-13.84,-3.458,2.823,-15.848,-3.676,1.7642
-4.751,-13.84,-3.458,2.823,-15.848,-3.676,1.7642
-4.423,-13.84,-3.458,2.823,-15.848,-3.676,1.7616
-2.249,-13.84,-3.458,2.823,-15.848,-3.676,1.7496
-0.987,-13.84,-3.458,2.823,-15.848,-3.676,1.7603
0.829,-13.84,-3.458,2.823,-15.848,-3.676,1.7689
5.113,-13.84,-3.458,2.823,-15.848,-3.676,1.7759
8.501,-13.84,-3.458,2.823,-15.848,-3.676,1.7512
10.961,-13.84,-3.458,2.823,-15.848,-3.676,1.7344
11.842,-13.84,-3.458,2.823,-15.848,-3.676,1.7274
12.762,-13.84,-3.458,2.823,-15.848,-3.676,1.7192
-14.795,-3.22,5.189,1.734,6.709,-2.614,0.3749
-13.84,-3.22,5.189,1.734,6.709,-2.614,0.387
-9.976,-3.22,5.189,1.734,6.709,-2.614,0.3283
-7.19,-3.22,5.189,1.734,6.709,-2.614,0.306
-1.867,-3.22,5.189,1.734,6.709,-2.614,0.3975
0.306,-3.22,5.189,1.734,6.709,-2.614,0.4141
1.403,-3.22,5.189,1.734,6.709,-2.614,0.4059
2.064,-3.22,5.189,1.734,6.709,-2.614,0.3976
3.021,-3.22,5.189,1.734,6.709,-2.614,0.3817
3.387,-3.22,5.189,1.734,6.709,-2.614,0.3781
8.4,-3.22,5.189,1.734,6.709,-2.614,0.3141
8.729,-3.22,5.189,1.734,6.709,-2.614,0.3099
10.156,-3.22,5.189,1.734,6.709,-2.614,0.3263
10.422,-3.22,5.189,1.734,6.709,-2.614,0.3322
-14.795,0.93,14.097,5.256,-16.15,-19.161,-0.525
-13.712,0.93,14.097,5.256,-16.15,-19.161,-0.5261
-13.13,0.93,14.097,5.256,-16.15,-19.161,-0.4881
-10.046,0.93,14.097,5.256,-16.15,-19.161,-0.335
-10.003,0.93,14.097,5.256,-16.15,-19.161,-0.3322
-6.755,0.93,14.097,5.256,-16.15,-19.161,-0.3101
-2.545,0.93,14.097,5.256,-16.15,-19.161,-0.2913
4.902,0.93,14.097,5.256,-16.15,-19.161,-0.2463
5.04,0.93,14.097,5.256,-16.15,-19.161,-0.2505
7.981,0.93,14.097,5.256,-16.15,-19.161,-0.3013
8.463,0.93,14.097,5.256,-16.15,-19.161,-0.2993
11.627,0.93,14.097,5.256,-16.15,-19.161,-0.3737
11.689,0.93,14.097,5.256,-16.15,-19.161,-0.3758
11.696,0.93,14.097,5.256,-16.15,-19.161,-0.376
-14.675,8.95,-16.046,-3.594,1.724,-10.052,-0.934
-14.149,8.95,-16.046,-3.594,1.724,-10.052,-0.9483
-12.278,8.95,-16.046,-3.594,1.724,-10.052,-1.0046
-8.647,8.95,-16.046,-3.594,1.724,-10.052,-1.1088
-8.6,8.95,-16.046,-3.594,1.724,-10.052,-1.1084
-8.199,8.95,-16.046,-3.594,1.724,-10.052,-1.1051
-4.494,8.95,-16.046,-3.594,1.724,-10.052,-1.052
-3.606,8.95,-16.046,-3.594,1.724,-10.052,-1.0294
1.855,8.95,-16.046,-3.594,1.724,-10.052,-0.9746
2.988,8.95,-16.046,-3.594,1.724,-10.052,-0.9863
3.365,8.95,-16.046,-3.594,1.724,-10.052,-0.9913
12.47,8.95,-16.046,-3.594,1.724,-10.052,-1.0365
13.159,8.95,-16.046,-3.594,1.724,-10.052,-1.0014
14.169,8.95,-16.046,-3.594,1.724,-10.052,-0.9615
-14.158,-9.69,-1.058,14.963,-16.509,-5.422,0.9404
-11.306,-9.69,-1.058,14.963,-16.509,-5.422,0.9793
-8.909,-9.69,-1.058,14.963,-16.509,-5.422,1.0637
-7.472,-9.69,-1.058,14.963,-16.509,-5.422,1.1093
-7.068,-9.69,-1.058,14.963,-16.509,-5.422,1.1222
-5.082,-9.69,-1.058,14.963,-16.509,-5.422,1.1424
-4.984,-9.69,-1.058,14.963,-16.509,-5.422,1.141
-3.665,-9.69,-1.058,14.963,-16.509,-5.422,1.1244
-3.057,-9.69,-1.058,14.963,-16.509,-5.422,1.1368
3.402,-9.69,-1.058,14.963,-16.509,-5.422,1.1329
8.001,-9.69,-1.058,14.963,-16.509,-5.422,1.0508
10.254,-9.69,-1.058,14.963,-16.509,-5.422,0.9976
10.976,-9.69,-1.058,14.963,-16.509,-5.422,0.9854
11.218,-9.69,-1.058,14.963,-16.509,-5.422,0.9835
-14.471,-12.03,-9.936,-0.263,-19.076,-19.41,1.293
-14.416,-12.03,-9.936,-0.263,-19.076,-19.41,1.2937
-10.743,-12.03,-9.936,-0.263,-19.076,-19.41,1.3316
-9.279,-12.03,-9.936,-0.263,-19.076,-19.41,1.3508
-7.371,-12.03,-9.936,-0.263,-19.076,-19.41,1.3699
-7.064,-12.03,-9.936,-0.263,-19.076,-19.41,1.3721
-6.001,-12.03,-9.936,-0.263,-19.076,-19.41,1.3774
-4.395,-12.03,-9.936,-0.263,-19.076,-19.41,1.3804
-1.862,-12.03,-9.936,-0.263,-19.076,-19.41,1.3803
-0.685,-12.03,-9.936,-0.263,-19.076,-19.41,1.3803
-0.092,-12.03,-9.936,-0.263,-19.076,-19.41,1.3805
2.194,-12.03,-9.936,-0.263,-19.076,-19.41,1.3831
5.497,-12.03,-9.936,-0.263,-19.076,-19.41,1.3928
8.691,-12.03,-9.936,-0.263,-19.076,-19.41,1.4039
-14.471,9.03,5.567,11.407,-12.823,-13.897,-1.3297
-11.557,9.03,5.567,11.407,-12.823,-13.897,-1.4644
-11.002,9.03,5.567,11.407,-12.823,-13.897,-1.4889
-10.037,9.03,5.567,11.407,-12.823,-13.897,-1.4801
-9.312,9.03,5.567,11.407,-12.823,-13.897,-1.4405
-9.035,9.03,5.567,11.407,-12.823,-13.897,-1.4241
-7.943,9.03,5.567,11.407,-12.823,-13.897,-1.366
-6.958,9.03,5.567,11.407,-12.823,-13.897,-1.3221
-4.954,9.03,5.567,11.407,-12.823,-13.897,-1.2234
-4.097,9.03,5.567,11.407,-12.823,-13.897,-1.1873
0.899,9.03,5.567,11.407,-12.823,-13.897,-1.1478
2.683,9.03,5.567,11.407,-12.823,-13.897,-1.1598
3.787,9.03,5.567,11.407,-12.823,-13.897,-1.175
5.26,9.03,5.567,11.407,-12.823,-13.897,-1.2128
-10.796,-9.16,-3.447,-19.534,-5.428,19.674,1.0779
-9.862,-9.16,-3.447,-19.534,-5.428,19.674,1.0831
-7.397,-9.16,-3.447,-19.534,-5.428,19.674,1.0752
-6.318,-9.16,-3.447,-19.534,-5.428,19.674,1.0617
-6.124,-9.16,-3.447,-19.534,-5.428,19.674,1.059
-5.891,-9.16,-3.447,-19.534,-5.428,19.674,1.0555
-5.019,-9.16,-3.447,-19.534,-5.428,19.674,1.0425
-4.362,-9.16,-3.447,-19.534,-5.428,19.674,1.0325
-3.029,-9.16,-3.447,-19.534,-5.428,19.674,1.0163
0.912,-9.16,-3.447,-19.534,-5.428,19.674,1.0185
4.416,-9.16,-3.447,-19.534,-5.428,19.674,1.0325
6.807,-9.16,-3.447,-19.534,-5.428,19.674,1.0433
7.164,-9.16,-3.447,-19.534,-5.428,19.674,1.0451
12.352,-9.16,-3.447,-19.534,-5.428,19.674,1.0378
-14.987,-5.4,-4.546,-1.514,19.303,-10.731,0.8323
-14.28,-5.4,-4.546,-1.514,19.303,-10.731,0.8557
-11.491,-5.4,-4.546,-1.514,19.303,-10.731,0.7984
-7.505,-5.4,-4.546,-1.514,19.303,-10.731,0.6177
-7.243,-5.4,-4.546,-1.514,19.303,-10.731,0.6137
-5.274,-5.4,-4.546,-1.514,19.303,-10.731,0.6474
-2.245,-5.4,-4.546,-1.514,19.303,-10.731,0.6944
-2.1,-5.4,-4.546,-1.514,19.303,-10.731,0.6947
-0.934,-5.4,-4.546,-1.514,19.303,-10.731,0.6957
-0.033,-5.4,-4.546,-1.514,19.303,-10.731,0.6965
1.396,-5.4,-4.546,-1.514,19.303,-10.731,0.6993
6.906,-5.4,-4.546,-1.514,19.303,-10.731,0.679
8.363,-5.4,-4.546,-1.514,19.303,-10.731,0.6904
11.482,-5.4,-4.546,-1.514,19.303,-10.731,0.805
-13.819,-6.64,7.205,-15.769,-19.67,12.269,0.2823
-11.955,-6.64,7.205,-15.769,-19.67,12.269,0.391
-10.25,-6.64,7.205,-15.769,-19.67,12.269,0.492
-5.893,-6.64,7.205,-15.769,-19.67,12.269,0.6718
-3.631,-6.64,7.205,-15.769,-19.67,12.269,0.6576
-2.829,-6.64,7.205,-15.769,-19.67,12.269,0.6488
0.814,-6.64,7.205,-15.769,-19.67,12.269,0.6374
0.818,-6.64,7.205,-15.769,-19.67,12.269,0.6374
1.021,-6.64,7.205,-15.769,-19.67,12.269,0.6375
2.243,-6.64,7.205,-15.769,-19.67,12.269,0.6352
3.145,-6.64,7.205,-15.769,-19.67,12.269,0.6265
3.235,-6.64,7.205,-15.769,-19.67,12.269,0.6251
3.399,-6.64,7.205,-15.769,-19.67,12.269,0.6223
9.981,-6.64,7.205,-15.769,-19.67,12.269,0.4267
-14.527,6.01,17.789,-18.153,2.009,-3.784,-0.6624
-10.973,6.01,17.789,-18.153,2.009,-3.784,-0.7067
-9.161,6.01,17.789,-18.153,2.009,-3.784,-0.7245
-6.111,6.01,17.789,-18.153,2.009,-3.784,-0.7365
-5.557,6.01,17.789,-18.153,2.009,-3.784,-0.7403
-3.91,6.01,17.789,-18.153,2.009,-3.784,-0.7439
-1.654,6.01,17.789,-18.153,2.009,-3.784,-0.7337
6.499,6.01,17.789,-18.153,2.009,-3.784,-0.7689
6.79,6.01,17.789,-18.153,2.009,-3.784,-0.7676
7.87,6.01,17.789,-18.153,2.009,-3.784,-0.7644
9.169,6.01,17.789,-18.153,2.009,-3.784,-0.7783
10.782,6.01,17.789,-18.153,2.009,-3.784,-0.789
12.184,6.01,17.789,-18.153,2.009,-3.784,-0.7861
14.096,6.01,17.789,-18.153,2.009,-3.784,-0.7831
-14.601,-8.87,9.72,-6.236,-2.832,17.693,0.9092
-13.934,-8.87,9.72,-6.236,-2.832,17.693,0.924
-13.199,-8.87,9.72,-6.236,-2.832,17.693,0.9415
-12.011,-8.87,9.72,-6.236,-2.832,17.693,0.9746
-11.494,-8.87,9.72,-6.236,-2.832,17.693,0.993
-11.164,-8.87,9.72,-6.236,-2.832,17.693,1.0053
-11.115,-8.87,9.72,-6.236,-2.832,17.693,1.0071
-8.077,-8.87,9.72,-6.236,-2.832,17.693,1.05
-5.076,-8.87,9.72,-6.236,-2.832,17.693,1.0524
2.839,-8.87,9.72,-6.236,-2.832,17.693,1.0113
4.232,-8.87,9.72,-6.236,-2.832,17.693,1.0271
7.87,-8.87,9.72,-6.236,-2.832,17.693,1.06
10.768,-8.87,9.72,-6.236,-2.832,17.693,1.0829
12.332,-8.87,9.72,-6.236,-2.832,17.693,1.0417
-14.645,-1.0,18.186,13.396,3.85,12.544,0.0258
-9.554,-1.0,18.186,13.396,3.85,12.544,0.0974
-7.903,-1.0,18.186,13.396,3.85,12.544,0.0965
-7.668,-1.0,18.186,13.396,3.85,12.544,0.0953
-6.269,-1.0,18.186,13.396,3.85,12.544,0.102
-5.008,-1.0,18.186,13.396,3.85,12.544,0.1016
-3.223,-1.0,18.186,13.396,3.85,12.544,0.1196
3.46,-1.0,18.186,13.396,3.85,12.544,0.0941
3.994,-1.0,18.186,13.396,3.85,12.544,0.0908
6.387,-1.0,18.186,13.396,3.85,12.544,0.0711
6.895,-1.0,18.186,13.396,3.85,12.544,0.0672
9.065,-1.0,18.186,13.396,3.85,12.544,0.051
11.019,-1.0,18.186,13.396,3.85,12.544,0.0467
12.304,-1.0,18.186,13.396,3.85,12.544,0.0369
-14.556,-5.27,-0.954,-10.02,12.321,-15.346,0.7238
-13.403,-5.27,-0.954,-10.02,12.321,-15.346,0.7329
-12.536,-5.27,-0.954,-10.02,12.321,-15.346,0.7151
-11.691,-5.27,-0.954,-10.02,12.321,-15.346,0.6837
-11.269,-5.27,-0.954,-10.02,12.321,-15.346,0.6692
-10.535,-5.27,-0.954,-10.02,12.321,-15.346,0.645
-9.201,-5.27,-0.954,-10.02,12.321,-15.346,0.5849
-7.32,-5.27,-0.954,-10.02,12.321,-15.346,0.5321
0.213,-5.27,-0.954,-10.02,12.321,-15.346,0.6461
1.038,-5.27,-0.954,-10.02,12.321,-15.346,0.648
6.628,-5.27,-0.954,-10.02,12.321,-15.346,0.6101
11.204,-5.27,-0.954,-10.02,12.321,-15.346,0.6984
12.429,-5.27,-0.954,-10.02,12.321,-15.346,0.7401
12.668,-5.27,-0.954,-10.02,12.321,-15.346,0.7465
-12.978,12.47,-17.349,10.637,-18.48,-16.156,-1.7107
-12.837,12.47,-17.349,10.637,-18.48,-16.156,-1.7139
-7.652,12.47,-17.349,10.637,-18.48,-16.156,-1.8903
-6.594,12.47,-17.349,10.637,-18.48,-16.156,-1.9532
-6.027,12.47,-17.349,10.637,-18.48,-16.156,-1.9873
-0.785,12.47,-17.349,10.637,-18.48,-16.156,-1.8482
1.187,12.47,-17.349,10.637,-18.48,-16.156,-1.8309
2.327,12.47,-17.349,10.637,-18.48,-16.156,-1.8358
3.825,12.47,-17.349,10.637,-18.48,-16.156,-1.8583
7.362,12.47,-17.349,10.637,-18.48,-16.156,-1.917
7.689,12.47,-17.349,10.637,-18.48,-16.156,-1.9043
8.442,12.47,-17.349,10.637,-18.48,-16.156,-1.8698
8.825,12.47,-17.349,10.637,-18.48,-16.156,-1.8519
12.666,12.47,-17.349,10.637,-18.48,-16.156,-1.7033
-14.555,-11.7,10.446,16.175,16.391,11.037,1.6759
-14.173,-11.7,10.446,16.175,16.391,11.037,1.6859
-13.437,-11.7,10.446,16.175,16.391,11.037,1.7054
-10.396,-11.7,10.446,16.175,16.391,11.037,1.7929
-10.297,-11.7,10.446,16.175,16.391,11.037,1.796
-9.966,-11.7,10.446,16.175,16.391,11.037,1.8066
-6.895,-11.7,10.446,16.175,16.391,11.037,1.9393
-4.033,-11.7,10.446,16.175,16.391,11.037,2.0458
-3.116,-11.7,10.446,16.175,16.391,11.037,2.0003
-2.207,-11.7,10.446,16.175,16.391,11.037,1.9624
0.858,-11.7,10.446,16.175,16.391,11.037,1.9064
3.65,-11.7,10.446,16.175,16.391,11.037,1.9411
7.901,-11.7,10.446,16.175,16.391,11.037,1.9325
13.361,-11.7,10.446,16.175,16.391,11.037,1.6543
-12.714,6.72,3.599,-6.465,-9.965,-14.702,-1.0674
-12.465,6.72,3.599,-6.465,-9.965,-14.702,-1.0892
-10.609,6.72,3.599,-6.465,-9.965,-14.702,-1.148
-10.091,6.72,3.599,-6.465,-9.965,-14.702,-1.1199
-9.736,6.72,3.599,-6.465,-9.965,-14.702,-1.1032
-3.659,6.72,3.599,-6.465,-9.965,-14.702,-0.8369
0.251,6.72,3.599,-6.465,-9.965,-14.702,-0.8785
2.284,6.72,3.599,-6.465,-9.965,-14.702,-0.8758
6.479,6.72,3.599,-6.465,-9.965,-14.702,-0.8996
6.915,6.72,3.599,-6.465,-9.965,-14.702,-0.9175
9.184,6.72,3.599,-6.465,-9.965,-14.702,-1.0053
9.252,6.72,3.599,-6.465,-9.965,-14.702,-1.0071
11.18,6.72,3.599,-6.465,-9.965,-14.702,-1.0553
13.298,6.72,3.599,-6.465,-9.965,-14.702,-1.0336
